:020000040800F2
:1000000070410120ED0100088D1C0108B5D80008E1
:10001000C9190108E90F0008D59501080000000082
:10002000000000000000000000000000D13B0108BB
:100030005D2800080000000051250108BD410108AD
:10004000070200080702000807020008070200086C
:10005000070200080702000807020008070200085C
:10006000070200080702000807020008E52300084D
:10007000F52300080524000815240008252400089D
:10008000070200080702000807020008070200082C
:1000900049940108512E0008612E0008070200084B
:1000A000070200080702000807020008070200080C
:1000B00007020008070200080702000807020008FC
:1000C00007020008070200080702000807020008EC
:1000D000070200086D5D01087D5D01088D5D010866
:1000E00007020008070200080702000807020008CC
:1000F00007020008070200080702000807020008BC
:1001000007020008070200080702000807020008AB
:10011000054F0108154F01080702000807020008F3
:10012000070200080702000807020008070200088B
:10013000070200080702000807020008070200087B
:10014000070200080702000807020008070200086B
:10015000070200080702000807020008070200085B
:10016000070200080702000807020008070200084B
:1001700007020008070200088D4201080702000874
:10018000070200080702000807020008070200082B
:100190000702000800000000712E0008812E0008F0
:1001A000912E0008A12E000807020008070200088F
:1001B00007020008070200083524000807020008AB
:1001C00007020008070200080702000807020008EB
:1001D0000702000807020008DFF80CD000F036F92B
:1001E0000048004739A501087041012006488047B2
:1001F00006480047FEE7FEE7FEE7FEE7FEE7FEE70C
:10020000FEE7FEE7FEE7FEE779420108D9010008B4
:100210002DE9F05F0546002092469B46884606463B
:10022000814640241BE0284641464746224600F0CE
:100230009CF853465A46C01A914110D311461846AD
:10024000224600F083F82D1A67EB01084F4622463C
:100250000120002100F07AF817EB00094E41201E22
:10026000A4F10104DFDC484631462A464346BDE896
:10027000F09F40EA01039B0703D009E008C9121F61
:1002800008C0042AFAD203E011F8013B00F8013B50
:10029000521EF9D27047D2B201E000F8012B491E7C
:1002A000FBD270470022F6E710B513460A46044613
:1002B0001946FFF7F0FF204610BD30B5041E71F15E
:1002C000000404DB4FF00044404264EB0101141EC3
:1002D00073F1000405DB1C464FF00043524263EB10
:1002E0000403801A994101D3012030BD002030BDA4
:1002F00030B5041E71F1000404DB4FF000444042AD
:1003000064EB0101141E73F1000405DB1C464FF081
:100310000043524263EB0403101A8B4101D30120C6
:1003200030BD002030BD00F0004230F000400AD067
:10033000C10D01F56071C0F3160042EA0151C20817
:10034000400711437047002001467047202A04DB14
:10035000203A00FA02F1002070479140C2F12003D8
:1003600020FA03F3194390407047202A04DB203A17
:1003700021FA02F00021704721FA02F3D040C2F1C5
:10038000200291400843194670470029A8BF7047D2
:10039000401C490008BF20F00100704710B4B0FABB
:1003A00080FC00FA0CF050EA010404BF10BC704756
:1003B00049B1CCF1200421FA04F411FA0CF118BF70
:1003C000012121430843A3EB0C01CB1D4FEA00613F
:1003D0004FEA102042BF002010BC704700EBC35012
:1003E00010440029A4BF10BC7047401C490008BF3E
:1003F00020F0010010BC7047F0B400F0004221F082
:10040000004120F00040CE0DC30DC1F3160141F4B0
:100410000001C0F316004C42154640F40000761E61
:1004200009E010EB440002D582F0004240428842CD
:10043000F7D840005B1EB342F9DA18B1F0BC0021D6
:10044000FFF7ACBF2846F0BC704700001CB5094858
:100450000090094801900546009C06E0E06840F0E5
:10046000010394E8070098471034AC42F6D3FFF735
:10047000B7FE0000A4D20108C4D2010870B58C18E0
:1004800010F8015B15F0070301D110F8013B2A11A8
:1004900006D110F8012B03E010F8016B01F8016B95
:1004A0005B1EF9D12B0705D40023521E0DD401F891
:1004B000013BFAE710F8013BCB1A921C03E013F85A
:1004C000015B01F8015B521EF9D5A142D8D300208F
:1004D00070BD000085B08DED040A0390CDED020AD9
:1004E0008DED011ACDED001A9DED040A039890EDF3
:1004F000001A30EE410A9DED001A9DED012A21EE11
:10050000021AB4EE410AF1EE10FA17DDFFE7039884
:1005100090ED000AB5EE400AF1EE10FA0EDCFFE7AE
:100520009DED000A9DED012A039890ED001A20EE42
:10053000020A30EE010A80ED000A84E09DED040A13
:10054000039890ED001A30EE410A9DED001A9DEDE2
:10055000022A21EE021AB4EE410AF1EE10FA17DD7A
:10056000FFE7039890ED000AB5EE400AF1EE10FAAD
:100570000EDDFFE79DED000A9DED022A039890ED48
:10058000001A20EE020A30EE010A80ED000A59E05E
:100590009DED040A039890ED001A30EE410A9DED9E
:1005A000001A9DED022A21EE421AB4EE410AF1EE44
:1005B00010FA17DAFFE7039890ED000AB5EE400A4B
:1005C000F1EE10FA0EDCFFE79DED001A9DED022A18
:1005D000039890ED000A21EE021A30EE410A80EDF8
:1005E000000A2EE09DED040A039890ED001A30EE0B
:1005F000410A9DED001A9DED012A21EE421AB4EE4A
:10060000410AF1EE10FA17DAFFE7039890ED000ABD
:10061000B5EE400AF1EE10FA0EDDFFE79DED001A8F
:100620009DED012A039890ED000A21EE021A30EEAA
:10063000410A80ED000A03E0049803990860FFE78F
:10064000FFE7FFE7FFE705B07047000080B584B023
:10065000039041F20400CEF2000090ED000AB8EEE3
:10066000400A9FED161A80EE010ABCEEC00A10EE99
:10067000100A40F20401C2F200010191C1F8050024
:1006800044F6F851C2F200010020088044F6F65109
:10069000C2F2000101200870039940F28840C2F2C2
:1006A000000002902F22FFF7E4FD01990298D0F894
:1006B0000100C1F8010004B080BD00BF00002A4362
:1006C00080B58AB040F28841C2F20001D1F80E0034
:1006D000D1F81610049100EE100A44F6B050C2F2A0
:1006E000000090ED011A30EE410A10EE100AFFF7FB
:1006F0001AFE0246049805920A46059942EC101B20
:1007000052EC101B9FED2E0B53EC10CBDB0F63F361
:10071000DF7242EC101B8DED060BFFF704FE9DED22
:10072000061B41EC100B51EC110B53EC102BFFF797
:10073000DFFDE8BBFFE740F28841C2F20001D1F8DB
:100740001200D1F81A10009100EE100A44F6B050D1
:10075000C2F2000090ED021A30EE410A10EE100ACB
:10076000FFF7E1FD0246009801920A46019942EC2A
:10077000101B52EC101B9FED120B53EC10CBDB0F38
:1007800063F3DF7242EC101B8DED020BFFF7CBFD24
:100790009DED021B41EC100B51EC110B53EC102B97
:1007A000FFF7A6FD20B9FFE701208DF8270003E041
:1007B00000208DF82700FFE79DF827000AB080BDD4
:1007C000000000000000000080B58CB00B900020FD
:1007D0008DF82B00FFE79DF82B00042814DCFFE7C1
:1007E00040F25C00C2F2000000689DF82B2040F24D
:1007F000FC41C2F2000141F82200FFE79DF82B0006
:1008000001308DF82B00E6E7FFE702F0E5FE40F24D
:100810000401C2F200010220087040F25C00C2F242
:1008200000000068C1F8310045F2AD40C2F200009E
:100830000078632808DCFFE740F20401C2F20001FF
:10084000012081F8350007E040F20401C2F2000106
:10085000002081F83500FFE744F6B050C2F20000F6
:100860000390416840F20402C2F200020892C2F80A
:100870000D10C16881F00041C2F81510816881F047
:100880000041C2F811100169C2F8191090ED010A77
:100890009FED471A8DED041A20EE010A1BF056FC5D
:1008A00003989DED041A8DED020A40F25051C2F2F8
:1008B0000001059191ED0E0A8DED010A90ED010AFE
:1008C00020EE010A1BF042FB9DED013A03989DEDDD
:1008D000041A0599089AB0EE402A9DED020A91ED9E
:1008E0000F4A22EE042A20EE030A30EE020A10EE2E
:1008F000101AC2F8251090ED010A20EE010A1BF033
:1009000025FC03989DED041A05998DED070A91EDDC
:100910000F0A8DED060A90ED010A20EE010A1BF088
:1009200015FB05989DED062A0899B0EE401A9DED3D
:10093000070A90ED0E3A21EE031A20EE020A30EE7D
:10094000410A10EE100AC1F8290044F6E040C2F254
:10095000000090ED0F0A8DED090A40F28440C2F2CA
:10096000000001F04DFE0898B0EE401A9DED090A16
:1009700020EE010A10EE101AC0F82D1041F2040109
:10098000CEF2000191ED000AB8EE400A9FED091A7F
:1009900080EE010ABCEEC00A10EE101AC0F8091071
:1009A000422118F0BDFD012019F02AFE2DE700BFFD
:1009B00035FA8E3C00002A4380B541F20000C4F6AF
:1009C00000000821012206F08DFE80BD80B541F2B5
:1009D0000000C4F600000821002206F083FE80BD5E
:1009E00080B541F20000C4F600001021012206F09B
:1009F00079FE80BD80B541F20000C4F600001021F0
:100A0000002206F06FFE80BD80B584B00390FFF732
:100A1000DDFF922000F01EFA40F2EE41C2F200012A
:100A200002911220062200F0E1F9FFF7C5FF029BB8
:100A30001878597840EA012040F2EC41C2F20001F6
:100A40000880B1F9000000EE100AB8EEC00A40F2CA
:100A50005000C2F2000090ED001A20EE010A039A45
:100A600092ED081A20EE010A82ED000A9A7893F8B6
:100A700003C042EA0C220A80B1F9002000EE102ADD
:100A8000B8EEC00A90ED001A20EE010A039A92ED2A
:100A9000081A20EE010A82ED010A1A795B7942EA0E
:100AA00003220A80B1F9001000EE101AB8EEC00A55
:100AB00090ED001A20EE010A039890ED081A20EE3E
:100AC000010A80ED020AFFF795FF02990020082233
:100AD00000F08CF9FFF784FF029800780F2840F0AF
:100AE0009E80FFE740F22C40C2F200000078002810
:100AF00050D0FFE740F2EE43C2F200039878D97875
:100B000040EA012040F2EC41C2F200010880B1F954
:100B1000000000EE100AB8EEC00A40F25400C2F223
:100B2000000090ED002A039A92ED091A20EE020AC5
:100B300030EE410A82ED030A1A7993F805C042EAC1
:100B40000C220A80B1F9002000EE102AB8EEC00A8B
:100B500090ED002A039A92ED0A1A20EE020A30EE76
:100B6000410A82ED040A9A79DB7942EA03220A807B
:100B7000B1F9001000EE101AB8EEC00A90ED002A8C
:100B8000039890ED0B1A20EE020A30EE410A80ED38
:100B9000050A43E040F2EE43C2F200039878D978A8
:100BA00040EA012040F2EC41C2F200010880B1F9B4
:100BB000000000EE100AB8EEC00A40F25400C2F283
:100BC000000090ED001A20EE010A039A82ED030A5C
:100BD0001A7993F805C042EA0C220A80B1F9002084
:100BE00000EE102AB8EEC00A90ED001A20EE010ABD
:100BF000039A82ED040A9A79DB7942EA03220A8099
:100C0000B1F9001000EE101AB8EEC00A90ED001A0B
:100C100020EE010A039880ED050AFFE7FFE7FFF7E2
:100C2000D5FEA22000F016F940F2EE41C2F200011A
:100C300001912220022200F0D9F8FFF7BDFE0199B0
:100C400008784978C00040EA511140F2EC40C2F205
:100C500000000180B0F90000B0F5806F09DBFFE70C
:100C600040F2EC41C2F200010888A0F50060088063
:100C7000FFE740F2EC40C2F20000B0F9000000EEE5
:100C8000100AB8EEC00AB4EE001A20EE010AB3EE64
:100C9000071A30EE010A039880ED070A04B080BD00
:100CA00080B586B005908DF81310059840F2580174
:100CB000C2F20001086046F6DC61C2F20001029156
:100CC0000020087019F01CFA0299024608781043B7
:100CD000087019F0F3FA0299024608781043087078
:100CE00045F21400C2F2000003904FF60001C0F676
:100CF00007011422FFF7BDFA039890ED000AB7EE42
:100D0000001AB4EE410AF1EE10FA48D0FFE79DF860
:100D10001300012843D1FFE740F2B840C2F20000BF
:100D2000009000F051FF009945F21402C2F2000257
:100D300001924FF07E501060486A5060886A90605F
:100D4000C86AD060086B106191ED0C1A9FED260AFD
:100D500080EE010A81ED080A0020C4F2202088619B
:100D60007F2002F06DF90198026843684FF6000099
:100D7000C0F6070002F03EFB01988268C3684FF698
:100D80000800C0F6070002F035FB019802694369CC
:100D90004FF61000C0F6070002F02CFB1CE045F2F5
:100DA0001400C2F20000426840F2B841C2F20001F1
:100DB0004A6282688A62C268CA620069086391ED09
:100DC0000C1A9FED090A80EE010A81ED080A002045
:100DD000C4F220208861FFE746F6DC60C2F2000022
:100DE000007806B080BD00BFC3F51C4180B584B05B
:100DF0008DF80F0002918DF807209DF80F0040F04C
:100E0000800000F027F8FFE79DF8070070B1FFE7CA
:100E1000552000F01FF802990870029801300290E6
:100E20009DF8070001388DF80700EDE704B080BD9C
:100E300080B582B08DF8070000919DF8070040F062
:100E4000800000F007F8552000F004F800990870C1
:100E500002B080BD80B582B08DF8070040F2580026
:100E6000C2F2000000686A464FF47A7111600DF119
:100E700007010DF10602012309F08AFD9DF8060025
:100E800002B080BD80B582B08DF807008DF80610E5
:100E90009DF80700FFF7DEFF9DF80600FFF7DAFF79
:100EA00002B080BD83B0029001910092009890ED55
:100EB000004A90ED010A90ED026A90ED035A26EE89
:100EC000062AB6EE001A31EE422A25EE053A32EE37
:100ED000432A029824EE057A20EE063A33EE477A4A
:100EE000D0ED000AD0ED011A90ED023A27EE217AFA
:100EF00022EE202A32EE072A24EE064A20EE050AC8
:100F000030EE040A20EE030A30EE020A30EE000A48
:100F1000019880ED000A009890ED004A90ED016A7A
:100F200090ED022A90ED035A24EE053A26EE020ACD
:100F300030EE030A029826EE063A31EE433A25EEE9
:100F4000057A33EE477AD0ED000AD0ED011A90ED24
:100F5000023A27EE217A20EE200A30EE070A24EE2C
:100F6000064A22EE052A32EE442A22EE032A30EE09
:100F7000020A30EE000A019880ED010A009890ED17
:100F8000002A90ED014A90ED023A90ED030A22EE1C
:100F9000036A24EE005A35EE465A029822EE042ADD
:100FA00023EE000A30EE020A90ED006A90ED017A1D
:100FB00090ED022A20EE070A25EE065A30EE050AC9
:100FC00024EE044A31EE441A23EE033A31EE431A7A
:100FD00021EE021A30EE010A30EE000A019880ED8F
:100FE000020A03B070470000FFE7FEE780B582B059
:100FF00047F6B840C2F2000001900AF035F90198B6
:1010000000210AF09FFE02B080BD000081B08DF883
:1010100003009DF8030040F21851C2F2000108706D
:1010200001B0704783B08DF80B009DF80B000146AE
:101030000091152800F2C2810099DFE811F0160036
:101040001C002F00430057006B007F009300A70097
:10105000BB00CF00E300F7000B011F013301470184
:101060005B016F0183019701AB013220ADF80800ED
:1010700064200190A2E13220ADF80800BDF808100C
:101080004FF68060C0F62120B0FBF1F042F22D3126
:10109000C0F2FA01A0FB011001908FE13220ADF8FF
:1010A0000800BDF808104FF68060C0F62120B0FBA4
:1010B000F1F049F2C551C0F6EE51A0FB0110000954
:1010C00001907BE13220ADF80800BDF808104FF622
:1010D0008060C0F62120B0FBF1F048F2C701C0F6F5
:1010E0006941A0FB01100009019067E13220ADF8D1
:1010F0000800BDF808104FF68060C0F62120B0FB54
:10110000F1F048F20941C0F6BC31A0FB0110000922
:10111000019053E13220ADF80800BDF808104FF6F9
:101120008060C0F62120B0FBF1F04BF61541C0F213
:101130009C21A0FB0110800801903FE13220ADF816
:101140000800BDF808104FF68060C0F62120B0FB03
:10115000F1F042F29501C0F64F11A0FB0110000919
:1011600001902BE13220ADF80800BDF808104FF6D1
:101170008060C0F62120B0FBF1F049F69D71C0F609
:101180004A01A0FB01100009019017E13220ADF8DF
:101190000800BDF808104FF68060C0F62120B0FBB3
:1011A000F1F04EF6E941C0F2D471A0FB0110000944
:1011B000019003E13220ADF80800BDF808104FF6A9
:1011C0008060C0F62120B0FBF1F04AF63711C0F67E
:1011D000F451A0FB011040090190EFE03220ADF87E
:1011E0000800BDF808104FF68060C0F62120B0FB63
:1011F000F1F042F69111C0F23761A0FB0110000935
:101200000190DBE03220ADF80800BDF808104FF681
:101210008060C0F62120B0FBF1F048F20941C0F631
:10122000BC31A0FB011040090190C7E03220ADF8AD
:101230000800BDF808104FF68060C0F62120B0FB12
:10124000F1F04BF61541C0F29C21A0FB0110C00843
:101250000190B3E03220ADF80800BDF808104FF659
:101260008060C0F62120B0FBF1F042F29501C0F69B
:101270004F11A0FB0110400901909FE03220ADF812
:101280000800BDF808104FF68060C0F62120B0FBC2
:10129000F1F049F69D71C0F64A01A0FB011040092A
:1012A00001908BE03220ADF80800BDF808104FF631
:1012B0008060C0F62120B0FBF1F04EF6E941C0F2AB
:1012C000D471A0FB01104009019077E03220ADF805
:1012D0000800BDF808104FF68060C0F62120B0FB72
:1012E000F1F049F6D561C0F6F151A0FB011080097B
:1012F000019063E03220ADF80800BDF808104FF609
:101300008060C0F62120B0FBF1F042F69111C0F2EE
:101310003761A0FB0110400901904FE03220ADF889
:101320000800BDF808104FF68060C0F62120B0FB21
:10133000F1F04BF6EB21C1F27471A0FB0110C00972
:1013400001903BE03220ADF80800BDF808104FF6E0
:101350008060C0F62120B0FBF1F04BF61541C0F2E1
:101360009C21A0FB01100009019027E03220ADF87C
:101370000800BDF808104FF68060C0F62120B0FBD1
:10138000F1F042F29501C0F64F11A0FB0110800967
:10139000019013E03220ADF80800BDF808104FF6B8
:1013A0008060C0F62120B0FBF1F049F69D71C0F6D7
:1013B0004A01A0FB011080090190FFE7BDF8080079
:1013C000013847F6B841C2F2000109688862FFE7B8
:1013D0000198013847F6B841C2F200010A68D062AC
:1013E00001980138C860FFE70198400847F6B84106
:1013F000C2F200010968486303B0704780B547F640
:10140000B840C2F2000000210AF09CFC80BD000040
:1014100080B547F6B840C2F2000000210AF0DEFDB8
:1014200080BD000080B59CB01B90FFF7DFFDFFE79B
:1014300040F21850C2F200000078014618911228BC
:1014400000F25C821899DFE811F0130020008B0095
:10145000A700C300F40010015901590259025902B2
:101460005902590275019B01C101E7010D023302C6
:1014700000201790FFF7D6FD179840F21851C2F2DE
:1014800000010870FFF7C4FF38E2FFF7B7FF08203C
:10149000FFF7C8FDC820129019F0B2F8002016908E
:1014A000FFF7C0FD3220139019F0AAF8092011901F
:1014B000FFF7B8FD129819F0A3F81698FFF7B2FDE0
:1014C000139819F09DF80A20FFF7ACFD129819F057
:1014D00097F81698FFF7A6FD139819F091F8119850
:1014E000FFF7A0FD129819F08BF81698FFF79AFDF8
:1014F000139819F085F80C201490FFF793FD1298BB
:1015000019F07EF81698FFF78DFD139819F078F80A
:101510000E20FFF787FD129819F072F81698FFF762
:1015200081FD139819F06CF80D201590FFF77AFDE6
:101530004FF4FA7019F064F81498FFF773FDFA206D
:1015400019F05EF81598FFF76DFD40F2EE2019F0E6
:1015500057F8169840F21851C2F200010870CDE118
:10156000FFF74CFF0820FFF75DFDC820109019F031
:1015700047F80A20FFF756FD109819F041F80C20A3
:10158000FFF750FD109819F03BF840F21851C2F2E5
:10159000000100200870B1E1FFF730FF0C20FFF7D9
:1015A00041FDC8200F9019F02BF80A20FFF73AFDF3
:1015B0000F9819F025F80820FFF734FD0F9819F05F
:1015C0001FF840F21851C2F200010020087095E1A6
:1015D000FFF714FF0E200B90FFF724FD32200C9034
:1015E00019F00EF800200E90FFF71CFD96200D90CC
:1015F00019F006F80B98FFF715FD0C9819F000F894
:101600000E98FFF70FFD0D9818F0FAFF0B98FFF7F3
:1016100009FD0C9818F0F4FF0E98FFF703FD0D98E4
:1016200018F0EEFF0E9840F21851C2F20001087057
:1016300064E1FFF7E3FE0E20FFF7F4FCC8200A90F8
:1016400018F0DEFF0C20FFF7EDFC0A9818F0D8FF29
:101650000A20FFF7E7FC0A9818F0D2FF40F2185171
:10166000C2F200010020087048E1FFF7C7FE0A201F
:101670000690FFF7D7FCC820079018F0C1FF0020A4
:101680000990FFF7CFFC9620089018F0B9FF069854
:10169000FFF7C8FC079818F0B3FF0998FFF7C2FCE2
:1016A000089818F0ADFF0698FFF7BCFC079818F0F3
:1016B000A7FF0998FFF7B6FC089818F0A1FF069855
:1016C000FFF7B0FC079818F09BFF0998FFF7AAFCFA
:1016D000089818F095FF0698FFF7A4FC079818F0F3
:1016E0008FFF0998FFF79EFC089818F089FF09986A
:1016F00040F21851C2F200010870FFE0FFF77EFED1
:101700000C20FFF78FFCC82018F07AFF0D20FFF7A0
:1017100089FCFA2018F074FF0E20FFF783FC4FF4C9
:10172000967018F06DFF40F21851C2F200010020CF
:101730000870E3E0FFF762FE00208DF86B00FFE722
:101740009DF86B00022814DCFFE70C20FFF76AFC11
:101750006420059018F054FF0020FFF763FC059803
:1017600018F04EFFFFE79DF86B0001308DF86B001D
:10177000E6E740F21851C2F2000100200870BDE017
:10178000FFF73CFE00208DF86A00FFE79DF86A0035
:10179000032814DCFFE70C20FFF744FC64200490CE
:1017A00018F02EFF0020FFF73DFC049818F028FFEA
:1017B000FFE79DF86A0001308DF86A00E6E740F225
:1017C0001851C2F200010020087097E0FFF716FEE2
:1017D00000208DF86900FFE79DF86900042814DCFB
:1017E000FFE70C20FFF71EFC6420039018F008FFB1
:1017F0000020FFF717FC039818F002FFFFE79DF8A1
:10180000690001308DF86900E6E740F21851C2F234
:1018100000010020087071E0FFF7F0FD00208DF856
:101820006800FFE79DF86800052814DCFFE70C203E
:10183000FFF7F8FB6420029018F0E2FE0020FFF7AB
:10184000F1FB029818F0DCFEFFE79DF8680001301C
:101850008DF86800E6E740F21851C2F2000100205E
:1018600008704BE0FFF7CAFD00208DF86700FFE726
:101870009DF86700062814DCFFE70C20FFF7D2FB79
:101880006420019018F0BCFE0020FFF7CBFB01980C
:1018900018F0B6FEFFE79DF8670001308DF867008D
:1018A000E6E740F21851C2F200010020087025E07E
:1018B000FFF7A4FD00208DF86600FFE79DF86600A5
:1018C000072814DCFFE70C20FFF7ACFB6420009036
:1018D00018F096FE0020FFF7A5FB009818F090FE88
:1018E000FFE79DF8660001308DF86600E6E740F2FC
:1018F0001851C2F2000100200870FFE70A2018F01A
:101900007FFE95E580B58AB0099000200290039093
:1019100004900590012101910691079040F2FF701B
:101920000890099803A904F04DFC029B09986946A8
:101930000B600222114604F0A1FC0199029A099859
:1019400004F0ECFA0AB080BD80B584B047F228609C
:10195000C2F20000019005F007FB47F28C60C2F272
:101960000000029005F000FB47F2F060C2F20000B8
:10197000039005F0F9FA0198FFF7C4FF0298FFF70A
:10198000C1FF0398FFF7BEFF04B080BD80B58CB0E7
:101990000B90ADF82A100992BDF82A0000900020A3
:1019A0000190029008210391049005900690079001
:1019B00008900B98099A694604F0B6FB01280FD1EC
:1019C000FFE70B98099A694604F0AEFB012806D19F
:1019D000FFE70B98099A694604F0A6FBFFE7FFE7CB
:1019E0000CB080BD84B08DF80F000291ADF80620D8
:1019F0009DF80F000146009123281DD80099DFE8CB
:101A000001F012131415161B1B1B1B1B1B1B1B1B8E
:101A10001B1B1B1B1B1B1B1B1B1B1B1B1B1B1B1B16
:101A20001B1B1718191A08E007E006E005E004E0A0
:101A300003E002E001E000E0FFE7002004B07047AF
:101A40000020704780B582B046F6F460C2F2000014
:101A5000009046F2CC61C2F200010022019214F023
:101A6000CFFC009845F6CC61C2F2000114F0AEFC48
:101A7000019802B080BD000080B584B0039002914F
:101A8000039946F6F460C2F20000019014F09EFC47
:101A9000019814F045FC03980299096817F028FD95
:101AA000002004B080BD000083B0029001918DF849
:101AB000032000208DF802009DF9020003B070475A
:101AC00080B586B00490ADF80E1000208DF80D00A2
:101AD00046F6F460C2F20000D0F8BC020290029810
:101AE000D0F8140220B1FFE701208DF8170013E0B1
:101AF0000499BDF80E2046F6F460C2F20000019091
:101B000014F07EFC019814F069FD8DF80D009DF82D
:101B10000D008DF81700FFE79DF8170006B080BD97
:101B200080B547F2F060C2F2000044210022FFF7C6
:101B30002DFF0FF047F8FFF707FF80BD80B584B099
:101B40008DED030ACDED020A9DED020A9DED031A0B
:101B500030EE410ADFED180A1AF0A0FA8DED010A05
:101B60009DED010A9FED151AB4EE410AF1EE10FA4F
:101B700009DDFFE79DED010A9FED121A30EE010A23
:101B80008DED010A13E09DED010A9FED0D1AB4EEF3
:101B9000410AF1EE10FA09DAFFE79DED010A9FED27
:101BA000061A30EE010A8DED010AFFE7FFE79DED11
:101BB000010A04B080BD00BF0000B44300003443FC
:101BC000000034C30000B4C380B592B005A90291EF
:101BD0001190002010900F9000F052FD40F24850FC
:101BE000C2F2000080ED000AFFE700F049FD40F27C
:101BF0004850C2F2000090ED001A30EE410AB2EEF9
:101C0000041AB4EE410AF1EE10FA1ADDFFE7119959
:101C100043F6AC00C3F622304862119941F2B0603D
:101C2000C3F6CE1088621199C862119941F23F60E3
:101C3000C4F21B10086311990020C4F220208861AF
:101C4000F6E29FEDE40A00F0ADFC11990020086374
:101C500011994862119988621199C862ADF8120011
:101C6000FFE7BDF8120040F28201C2F200010988CC
:101C7000884280F2E781FFE7FEF7A8FE9220FFF797
:101C8000E9F812200FA901910622FFF7AFF8FEF73D
:101C900093FE9DF83C009DF83D1040EA0120ADF810
:101CA0003A00BDF93A0000EE100AB8EEC00A40F260
:101CB0005000C2F2000090ED001A20EE010A1199C6
:101CC00081ED000A9DF83E109DF83F2041EA022177
:101CD000ADF83A10BDF93A1000EE101AB8EEC00A8D
:101CE00090ED001A20EE010A119981ED010A9DF88C
:101CF00040109DF8412041EA0221ADF83A10BDF9AB
:101D00003A1000EE101AB8EEC00A90ED001A20EE5C
:101D1000010A119880ED020A119890ED001A90EDD9
:101D2000012A90ED020A22EE022A21EE011A31EE7A
:101D3000021A20EE000A30EE010A1AF0CFFA0298D9
:101D400080ED020A90ED021A119890ED0C0A30EE27
:101D5000010A80ED0C0AFEF74DFE019900200822D1
:101D6000FFF744F8FEF73CFE9DF83C000F285FD1DA
:101D7000FFE79DF83E009DF83F1040EA0120ADF8D6
:101D80003A00BDF93A0000EE100AB8EEC00A40F27F
:101D90005400C2F2000090ED001A20EE010A1199E1
:101DA00081ED030A119991ED031A91ED090A30EEC4
:101DB000010A81ED090A9DF840109DF8412041EA91
:101DC0000221ADF83A10BDF93A1000EE101AB8EE43
:101DD000C00A90ED001A20EE010A119981ED040A63
:101DE000119991ED041A91ED0A0A30EE010A81ED84
:101DF0000A0A9DF842109DF8432041EA0221ADF8FD
:101E00003A10BDF93A1000EE101AB8EEC00A90ED83
:101E1000001A20EE010A119880ED050A119890ED44
:101E2000051A90ED0B0A30EE010A80ED0B0AFFE770
:101E3000BDF8120038BBFFE7079806900798059099
:101E400000208DF81100FFE79DF81100022819DC31
:101E5000FFE711989DF8112000EB8200C0680BA9E4
:101E600041F8220011989DF8112000EB8200C06813
:101E700008A941F82200FFE79DF8110001308DF814
:101E80001100E1E764E0029890ED020A90ED011A7A
:101E9000B4EE410AF1EE10FA03DDFFE70798069071
:101EA000FFE7029890ED020A90ED001AB4EE410AA5
:101EB000F1EE10FA03DAFFE707980590FFE700203C
:101EC0008DF81000FFE79DF8100002283FDCFFE7C7
:101ED00011989DF8101000EB810090ED030A0BA8FB
:101EE00000EB810090ED001AB4EE410AF1EE10FA19
:101EF0000ADDFFE711989DF8102000EB8200C06812
:101F00000BA941F82200FFE711989DF8101000EB93
:101F1000810090ED030A08A800EB810090ED001A03
:101F2000B4EE410AF1EE10FA0ADAFFE711989DF8D3
:101F3000102000EB8200C06808A941F82200FFE7EA
:101F4000FFE79DF8100001308DF81000BBE7FFE7B8
:101F5000029890ED010A90ED001A30EE410A46F623
:101F6000E460C2F2000080ED000A00208DF80F004E
:101F7000FFE79DF80F0002281DDCFFE79DF80F101A
:101F80000BA800EB810090ED000A08A800EB81008F
:101F900090ED001A30EE410A46F6E860C2F2000009
:101FA00000EB810080ED000AFFE79DF80F00013093
:101FB0008DF80F00DDE746F6E460C2F2000090ED18
:101FC000000AB6EE001AB4EE410AF1EE10FA2DDC6A
:101FD00002E000BF0AD7A33B46F6E860C2F2000069
:101FE00090ED000A9FED981AB4EE410AF1EE10FA56
:101FF0001CDCFFE746F6E860C2F2000090ED010A43
:102000009FED911AB4EE410AF1EE10FA0EDCFFE7F3
:1020100046F6E860C2F2000090ED020A9FED8A1ACF
:10202000B4EE410AF1EE10FA01DDFFE70AE09FEDA0
:10203000870A00F0B7FAFFE7BDF812000130ADF8EB
:1020400012000EE640F28200C2F20000008800EEAC
:10205000100AB8EE401A119890ED0C0A80EE010AB1
:1020600080ED0C0A00208DF80E00FFE79DF80E00B1
:1020700002281BDCFFE740F28200C2F20000008869
:1020800000EE100AB8EE401A11989DF80E1000EB01
:10209000810090ED090A80EE010A80ED090AFFE750
:1020A0009DF80E0001308DF80E00DFE7FEF78EFC84
:1020B000A220FEF7CFFE22200FA90222FEF796FEF5
:1020C000FEF77AFC9DF83C009DF83D10C00040EA08
:1020D0005110ADF83A00BDF93A00B0F5806F07DB5A
:1020E000FFE7BDF83A00A0F50060ADF83A00FFE761
:1020F000BDF93A0000EE100AB8EEC00AB4EE001ABC
:1021000020EE010AB3EE071A30EE010A119880EDB5
:10211000060A46F6D061C2F2000108880130088044
:10212000FFE746F6E460C2F2000090ED000A0120ED
:10213000B6EE001AB4EE410AF1EE10FA009071DC2E
:10214000FFE7119890ED0C0A9FED411A30EE010A5D
:10215000B0EEC00A0120B6EE001AB4EE410AF1EE6C
:1021600010FA00905EDCFFE746F6E860C2F200007D
:1021700090ED000A01209FED341AB4EE410AF1EE11
:1021800010FA00904EDCFFE746F6E860C2F200006D
:1021900090ED010A01209FED2C1AB4EE410AF1EEF8
:1021A00010FA00903EDCFFE746F6E860C2F200005D
:1021B00090ED020A01209FED241AB4EE410AF1EEDF
:1021C00010FA00902EDCFFE7119890ED090AB0EEAE
:1021D000C00A01209FED1F1AB4EE410AF1EE10FA79
:1021E00000901FDCFFE7119890ED0A0AB0EEC00ADC
:1021F00001209FED181AB4EE410AF1EE10FA00909A
:1022000010DCFFE7119890ED0B0AB0EEC00A9FEDCD
:10221000111A0020B4EE410AF1EE10FAC8BF0120F5
:102220000090FFE70098C00700287FF4DEACFFE7CE
:10223000119890ED0C1A9FED080A80EE010A80EDCE
:10224000080A12B080BD00BF9A99193E6F12033A76
:10225000CDCC1CC10AD7233CC3F51C4180B582B04C
:102260000190642018F0CCF9FFE745F2A430C2F2E7
:10227000000090F8400003281BD1FFE7FEF720FA8A
:10228000B8B1FFE741F20400CEF2000090ED000A81
:10229000B8EE400A9FED1A1A80EE010ABCEEC00AA1
:1022A00010EE100A40F24601C2F20001C1F801002E
:1022B000FFE745F25050C2F200000078022808D033
:1022C000FFE745F25050C2F20000007801280CD11F
:1022D000FFE745F66000C2F20000006840F24601E8
:1022E000C2F20001C1F80500FFE740F24600C2F269
:1022F0000000092117F014F9012018F081F9B4E762
:1023000000002A4380B582B00190FFE701F00EFB88
:102310000520009018F074F901F05AFB009818F0AD
:102320006FF9F3E745F2A431C2F2000191ED030A1F
:1023300091ED0A1A9FED262A21EE021A9FED253A09
:1023400020EE030A30EE010A81ED030A91ED040A42
:1023500091ED0B1A21EE021A20EE030A30EE010A6B
:1023600081ED040A91ED050A91ED0C1A9FED1A3AE0
:1023700021EE031A9FED193A20EE030A30EE010A0E
:1023800081ED050A91ED060A91ED0D1A9FED143AC3
:1023900021EE031A20EE020A30EE010A81ED060A50
:1023A00091ED070A91ED0E1A21EE031A20EE020AB2
:1023B00030EE010A81ED070AC86888620869C862C0
:1023C0004869086388694863C8698863704700BFC3
:1023D0009A99193FCDCCCC3ED0CCCC3D6666663FB9
:1023E000CCCCCC3E80B547F26820C2F2000003F0AE
:1023F0009DFB80BD80B547F22830C2F2000003F09B
:1024000095FB80BD80B547F2E830C2F2000003F0D2
:102410008DFB80BD80B547F2A840C2F2000003F0FA
:1024200085FB80BD80B547F26850C2F2000003F022
:102430007DFB80BD80B547F22830C2F2000003F07A
:102440007BFA80BD84B003900398006840F2074196
:10245000C4F20201884206D8FFE740F60000C4F249
:102460000200009005E040F62000C4F20200009057
:10247000FFE7009802900398007808384CF6CD41A9
:10248000CCF6CC41A0FB0110000901900298039901
:102490004A6C22F0030210448864039940F68000DD
:1024A000C4F20200C864019800F01F0101208840B6
:1024B0000399086504B0704782B0019001980079D3
:1024C0000090009940F6FC00C4F2020000EB81008D
:1024D00001994865019940F64010C4F202008865F0
:1024E0000098013800F01F01012088400199C8655B
:1024F00002B0704784B00390029101920093039858
:10250000C16C006D48600398406D28B1FFE70398E7
:10251000816DC06D4860FFE70398016C406C00F06E
:102520001F020120904048600098039909684860A4
:1025300003988068102809D1FFE70198039909687A
:102540008860029803990968C86008E002980399B6
:1025500009688860019803990968C860FFE704B0BA
:102560007047000081B041F20400CEF20000006824
:102570000090009840F24051C2F200010968884280
:1025800008D2FFE740F24451C2F20001086801306E
:102590000860FFE7009840F24051C2F20001086075
:1025A00001B0704783B08DED020A41F20400CEF213
:1025B00000000068019002980090FFE741F20400DB
:1025C000CEF2000000680199401A00EE100AB8EE41
:1025D000400A9DED001A40F22C50C2F2000090ED2E
:1025E000002AB8EE422A21EE021AB4EE410AF1EEB8
:1025F00010FA01DAFFE7E1E703B0704700000000DE
:1026000080B584B0039041F20400CEF2000000686F
:102610000290029803990968401A00EE100AB8EE79
:10262000400A40F22C50C2F2000090ED001AB8EEC1
:10263000411A80EE010A8DED010A029803990860A3
:10264000FFF790FF0198FDF76EFE41EC100B9FED38
:102650000A1B53EC112B51EC100BFDF72EFE30B979
:10266000FFE74DF20A70C3F623400190FFE79DEDAE
:10267000010A04B080BD00BF7B14AE47E17A843FFD
:1026800080B582B000F06CF845F60C00C2F2000094
:1026900090ED000AB8EE401A818800EE101AB8EEEC
:1026A000C00A9FED0B2A20EE020A30EE011AC08804
:1026B00000EE100AB8EEC00A9FED062A20EE020ACC
:1026C00030EE010A8DED010A9DED010A02B080BDD8
:1026D0006F12833ABD37863581B000904EF6FC51BB
:1026E000CEF20001086840F08070086041F20401F9
:1026F000CEF200010020086041F20002CEF200029A
:10270000116841F001011160009944F24022C0F2C9
:102710000F024A4340F22C51C2F200010A600A68DB
:1027200044F6D353C1F26203A2FB0332920940F292
:102730003053C2F200031A6009684DF68362C4F296
:102740001B32A1FB0221890C40F23452C2F200027A
:10275000116040F24451C2F20001086001B07047BC
:10276000B0B586B041F20400CEF2000000680590DA
:10277000FFF7F8FE40F24450C2F2000001680598ED
:10278000002302934FF0FF3C1A46E1FB0C0240F29B
:102790003851C2F2000100914A6008600868496837
:1027A00040F22C54C2F200042268FDF731FD029B76
:1027B00002468C46009944F65000C2F20000C0F870
:1027C00004C00260D1F800C04968D0F800E0426857
:1027D0002468AEFB04E502FB0452BCEB0E0C61EB7B
:1027E000020244F65801C2F200010391C1F800C090
:1027F0004A60006845F60C02C2F2000204921060C2
:102800000868496840F23052C2F200020192126830
:10281000FDF7FEFCDDF804C0029B049A0146039814
:102820009180016840689288DCF800C002FB0CF2DD
:102830008A1A60F1000044F66001C2F200010A60E9
:1028400048600868496840F23452C2F200021268D7
:10285000FDF7DEFC0499C88006B0B0BD70470000EB
:1028600083B0029001910092009890ED004A90EDA3
:10287000012A90ED026A90ED035A26EE060AB6EEA2
:10288000001A31EE400A25EE053A30EE437A0298FE
:1028900024EE053A22EE060A30EE030AD0ED000AD5
:1028A000D0ED011A90ED023A20EE210A27EE207AAF
:1028B00030EE070A24EE064A22EE052A32EE442ABA
:1028C00022EE032A30EE020A30EE000A019880ED73
:1028D000000A009890ED004A90ED016A90ED020A1E
:1028E00090ED035A24EE053A26EE002A32EE432AF2
:1028F000029826EE063A31EE433A25EE057A33EE9B
:10290000477AD0ED000AD0ED011A90ED023A27EE99
:10291000217A22EE202A32EE072A24EE064A20EE01
:10292000050A30EE040A20EE030A30EE020A30EE09
:10293000000A019880ED010A009890ED005A90ED90
:10294000014A90ED023A90ED032A25EE036A24EE47
:10295000020A30EE060A029825EE045A23EE022AF5
:1029600032EE455A90ED006A90ED017A90ED022A20
:1029700025EE075A20EE060A30EE050A24EE044A38
:1029800031EE441A23EE033A31EE431A21EE021AD5
:1029900030EE010A30EE000A019880ED020A03B021
:1029A0007047000080B586B00590FFE745F25D30C6
:1029B000C2F200004188013141804088B0F5FA7FC1
:1029C00007DBFFE745F25D31C2F20001002008702D
:1029D000FFE745F25D30C2F20000408840F6B831B2
:1029E000884208DBFFE745F25D31C2F2000140F6A4
:1029F000B8304880FFE745F25D30C2F20000007851
:102A0000D0B9FFE710F00CFE45F25D31C2F20001D3
:102A1000039100200490A1F83B00C1F83700C1F8F1
:102A20003300C1F82F00C1F82B00C1F82700C1F80E
:102A30002300C1F81F00FFE740F2F840C2F2000097
:102A40000088B0F5FA7F0EDBFFE744F6BC31C2F236
:102A500000010020087040F2F841C2F200014FF47A
:102A6000FA700880FFE744F6F850C2F200000188CF
:102A7000013101800088B0F5FA7F07DBFFE744F6FB
:102A8000F651C2F2000100200870FFE744F6F6504C
:102A9000C2F20000007890B9FFE744F6F850C2F2A5
:102AA0000000008840F2DC51884208DBFFE744F672
:102AB000F851C2F200014FF4FA700880FFE740F2CB
:102AC0001A50C2F2000001880131018040F21C520C
:102AD000C2F2000211880131118040F21E52C2F28E
:102AE00000021188013111800088652813DBFFE79F
:102AF0000EF03CF847F22860C2F20000029004F0A9
:102B000033FA0298FEF7FEFE40F21A51C2F20001BB
:102B100000200880FFE740F21C50C2F2000000884D
:102B2000652813DBFFE70EF04DF847F28C60C2F228
:102B30000000019004F018FA0198FEF7E3FE40F25D
:102B40001C51C2F2000100200880FFE740F21E5035
:102B5000C2F200000088652813DBFFE70EF05EF884
:102B600047F2F060C2F20000009004F0FDF9009816
:102B7000FEF7C8FE40F21E51C2F20001002008809C
:102B8000FFE744F64060C2F20000C18D0131C1850B
:102B9000C08D642808DBFFE744F64061C2F2000103
:102BA000002081F83000FFE744F64060C2F20000E8
:102BB000C08D6F2807DBFFE744F64061C2F20001D9
:102BC0006420C885FFE744F64060C2F20000B0F818
:102BD00062100131A0F86210B0F86200642808DBCE
:102BE000FFE744F64061C2F20001002081F8640072
:102BF000FFE744F64060C2F20000B0F862006F28C0
:102C000008DBFFE744F64061C2F200016420A1F84E
:102C10006200FFE744F64060C2F20000B0F8961090
:102C20000131A0F89610B0F89600642808DBFFE7A1
:102C300044F64061C2F20001002081F89800FFE7ED
:102C400044F64060C2F20000B0F896006F2808DB3E
:102C5000FFE744F64061C2F200016420A1F896004B
:102C6000FFE744F64060C2F20000B0F8CA1001313C
:102C7000A0F8CA10B0F8CA00642808DBFFE744F6E1
:102C80004061C2F20001002081F8CC00FFE744F669
:102C90004060C2F20000B0F8CA006F2808DBFFE70E
:102CA00044F64061C2F200016420A1F8CA00FFE7C7
:102CB00044F64060C2F20000B0F866110131A0F89D
:102CC0006611B0F86601642808DBFFE744F640614E
:102CD000C2F20001002081F86801FFE744F640607D
:102CE000C2F20000B0F866016F2808DBFFE744F687
:102CF0004061C2F200016420A1F86601FFE744F6DA
:102D00004060C2F20000B0F89A110131A0F89A11A7
:102D1000B0F89A01642808DBFFE744F64061C2F28C
:102D20000001002081F89C01FFE744F64060C2F2F8
:102D30000000B0F89A016F2808DBFFE744F6406115
:102D4000C2F200016420A1F89A01FFE744F6406056
:102D5000C2F20000B0F832110131A0F83211B0F81F
:102D60003201642808DBFFE744F64061C2F200014B
:102D7000002081F83401FFE744F64060C2F2000011
:102D8000B0F832016F2808DBFFE744F64061C2F279
:102D900000016420A1F83201FFE744F64060C2F26E
:102DA0000000B0F8CE110131A0F8CE11B0F8CE017C
:102DB000642808DBFFE744F64061C2F2000100200E
:102DC00081F8D001FFE744F64060C2F20000B0F89D
:102DD000CE016F2808DBFFE744F64061C2F2000134
:102DE0006420A1F8CE01FFE744F64060C2F2000083
:102DF000B0F8FE100131A0F8FE10B0F8FE00642813
:102E000008DBFFE744F64061C2F20001002081F8D0
:102E10000001FFE744F64060C2F20000B0F8FE0097
:102E20006F2808DBFFE744F64061C2F2000164202E
:102E3000A1F8FE00FFE7012017F0E2FBB6E5000075
:102E400081B0EFF3108072B60090FFE7FEE700005C
:102E500080B547F22860C2F2000003F069FB80BD34
:102E600080B547F22860C2F2000003F061FB80BD2C
:102E700080B547F28C60C2F2000003F059FB80BDC0
:102E800080B547F28C60C2F2000003F051FB80BDB8
:102E900080B547F2F060C2F2000003F049FB80BD4C
:102EA00080B547F2F060C2F2000003F041FB80BD44
:102EB00083B002904AF20040C4F2000000900298F1
:102EC000006846F60001C4F20001884205D1FFE720
:102ED000009800F554700090FFE70298006846F6ED
:102EE0000041C4F20001884205D1FFE7009800F5D7
:102EF000D4600090FFE70098029908640298006887
:102F0000D0F8800020F4F810029A1168526B40EA61
:102F10000240C1F88000009870300299486402981D
:102F20000068D0F8800020F07060029A1168926BFF
:102F300040EA0260C1F880000098B03002998864CD
:102F4000009800F5C4700299C864009800F51870E4
:102F500002990865009800F51E700299486500986E
:102F60000190FFE70198009901F55471884208D259
:102F7000FFE7019900200860FFE701980430019005
:102F8000F0E703B07047000088B007900691059203
:102F900004930698406848B9FFE70698016882687C
:102FA0000069104340EA8140039009E006980168F7
:102FB000826800691043084340F080400390FFE7B7
:102FC0000698D0F820C0C16842698369C06940EAA8
:102FD0000C601843104340EA014002900798406D8E
:102FE000049901EBC10100EBC10001900398019924
:102FF00008600198043001900298019908600198D6
:103000000430019000200090FFE700980699CA68FC
:103010004CF21871C0F60101895C88420DD2FFE7BD
:103020000598009940580199086001980430019072
:10303000FFE7009804300090E7E708B07047000011
:1030400080B588B08DF81F0004F054F9FFE742F214
:103050001001C4F202014FF400400860FFE70020B5
:1030600002900390022104919DF81F100591012107
:1030700006918DF80700FFE79DF807001D280EDC7C
:10308000FFE703A802A903F0B3FF08B9FFE706E0D2
:10309000FFE79DF8070001308DF80700ECE704F02A
:1030A0007BF808B080BD000081B040F23040C2F231
:1030B0000000007F8DF803009DF80300012805D073
:1030C000FFE79DF8030003281FD1FFE742F200014C
:1030D000C4F20201086820F400700860FFE742F2C1
:1030E0000001C4F20201086840F40060086008684A
:1030F00020F400600860FFE742F20001C4F2020120
:10310000086840F400700860FFE79DF8030002289B
:1031100005D0FFE79DF80300032817D1FFE7FFE77D
:1031200042F20001C4F20201086840F480500860D5
:10313000086820F480500860FFE742F20001C4F202
:103140000201086840F480600860FFE740F2304107
:10315000C2F200010020087701B0704781B00090F2
:1031600042F22000C4F202000068400200281ED58E
:10317000FFE79DF80000C00748B1FFE742F21401E5
:10318000C4F20201086840F004000860FFE79DF8FF
:1031900000008007002809D5FFE742F21401C4F2BD
:1031A0000201086840F400400860FFE709E042F2CD
:1031B0001401C4F20201086848F2040210430860D6
:1031C000FFE742F21401C4F20201086840F48030C3
:1031D000086001B07047000082B00190009142F297
:1031E0002000C4F2020000684002002809D4FFE772
:1031F00042F21401C4F20201086820F40060086081
:1032000017E09DF80000C00748B1FFE742F2140143
:10321000C4F20201086820F40060086008E042F28D
:103220001401C4F20201086840F400600860FFE77E
:10323000FFE742F21401C4F20201086820F47E7034
:103240009DF8042040EAC2000860086840F00200CF
:103250000860086840F48030086002B070470000E1
:1032600084B003900193009242F21401C4F202016F
:10327000086840F001000860009803990860BFF3F7
:103280006F8F01980399486004B0704789B005902A
:10329000049140208DF80F00059802900498019049
:1032A00042F21401C4F20201086840F48020086070
:1032B000EFF31080069006980090EFF3108072B63E
:1032C0000790FFE7019800680299086002980430AF
:1032D00002900198043001909DF80F0001388DF89C
:1032E0000F00FFE79DF80F000028EBD1FFE70098E3
:1032F0000890089880F3108809B0704780B584B0B2
:10330000029004F005FA0190FFE742F21000C4F2C7
:1033100002000068C00300280DD5FFE704F0F8F9AB
:103320000199401A0299884204D9FFE703208DF8D9
:103330000F005AE0E9E742F21000C4F20200006810
:103340004CF2FA3108400090009860B3FFE7009A11
:1033500040F23041C2F20001486810434860FFE784
:103360009DF8030010F0F00F0BD0FFE7009800F07D
:10337000704242F21801C4F202010868104308606A
:10338000FFE70098000148B1FFE7009820F0704087
:1033900042F21001C4F202010860FFE7FFE70120DA
:1033A0008DF80F0021E0012050B9FFE742F218002C
:1033B000C4F20200006800F00100012808D010E00B
:1033C00042F21000C4F202000068C00748B1FFE7F3
:1033D000FFE742F21001C4F2020101200860FFE79A
:1033E000FFE700208DF80F00FFE79DF80F0004B005
:1033F00080BD000080B586B005900393029203F073
:1034000079FFFFE742F21001C4F202014FF40040DD
:103410000860FFE7FFE742F21001C4F202014FF437
:1034200080300860FFE700208DF80700FFE79DF877
:1034300007001D2810DCFFE70599029A039B002076
:1034400003F0C2FE08B9FFE706E0FFE79DF80700BA
:1034500001308DF80700EAE703F09EFE06B080BD5C
:1034600080B586B046F6E060C2F20000006840F227
:103470000401C2F20001D1F8361088423DD0FFE7C6
:1034800045F25050C2F200000078012808D0FFE752
:1034900045F25050C2F20000007802282DD1FFE71B
:1034A00045F25050C2F2000090ED210A90ED341A1E
:1034B00030EE410A10EE100AFCF735FF41EC100B1C
:1034C0009FED3F1B50EC111BC20F51EC100B62F330
:1034D000DF7141EC100B51EC100B9FED3B0B53ECEB
:1034E000102BFCF7EAFE38B9FFE745F60801C2F2F7
:1034F000000101200870FFE7FFE745F60800C2F26F
:1035000000000078002859D0FFE745F25051C2F280
:103510000001886EC96E0191FCF705FF0246019813
:1035200002920A46029942EC101B9FED251B51ECBA
:10353000112BCB0F039352EC101B63F3DF7242ECA1
:10354000101B8DED040BFCF7EEFE039A9DED041BA2
:1035500041EC100B51EC100B62F3DF7141EC100BDE
:1035600051EC110B53EC102BFCF7C2FE30BBFFE704
:1035700040F20400C2F20000D0F8360046F6E061E6
:10358000C2F20001086041F20400CEF2000090EDAA
:10359000000AB8EE400A9FED0E1A80EE010ABCEE5A
:1035A000C00A45F66000C2F2000080ED000A45F650
:1035B0000801C2F2000100200870FFE706B080BDDC
:1035C0000000000000000000000000000064B9409E
:1035D00000002A430000000080B584B002A80090DB
:1035E00045F2A640C2F20000D0F8030000EE100A37
:1035F00040F21050C2F2000090ED001AB4EE410A01
:10360000F1EE10FA7CD0FFE745F2A640C2F20000CE
:10361000D0F8030000EE100AB2EE001AB4EE410A30
:10362000F1EE10FA6CDDFFE745F2A640C2F20000B1
:10363000D0F80300FCF777FE41EC100B9FED381B30
:1036400053EC112B51EC100BFCF752FE002857D114
:10365000FFE704208DF80F00FFE79DF80F00012819
:1036600013DBFFE79DF80F2040F2FC41C2F200019E
:1036700001EB820050F8040C41F82200FFE79DF8AE
:103680000F0001388DF80F00E7E745F2A640C2F2BF
:103690000000D0F8030040F2FC41C2F200010860D3
:1036A000002002908DF80700FFE79DF8070004282E
:1036B00018DCFFE700989DF8072040F2FC41C2F2B9
:1036C000000101EB820191ED001A90ED000A30EE4D
:1036D000010A80ED000AFFE79DF8070001308DF830
:1036E0000700E2E7009890ED000AB1EE041A80EEC0
:1036F000010A40F25C00C2F2000080ED000AFFE720
:1037000045F2A640C2F20000D0F8030040F210518A
:10371000C2F20001086004B080BD00BF00BF00BF5E
:10372000000000000000394080B584B047F290509E
:10373000C1F6FF700068039047F29450C1F6FF7025
:103740000068029047F29850C1F6FF70006801903F
:103750000199039808440390039888B1FFE7039800
:1037600040F23C31C2F200010091023108220BF01C
:103770008FFF00990298123104220BF089FFFFE7B6
:1037800004B080BD80B584B003908DED020A03982B
:103790002030FEF735FF8DED010A039890ED040A05
:1037A00090ED051A30EE410A9DED011A80EE010AF6
:1037B0009FED121A20EE010A9FED111A80EE010A08
:1037C00080ED060A9DED020A0398B7EE001A31EE6D
:1037D000401A90ED062A90ED073A21EE031A20EEEA
:1037E000020A30EE010A80ED060A03998869C86171
:1037F00003990869486104B080BD00BF00007042B1
:103800000000B44380B582B0019040F2F841C2F2AA
:1038100000010020088044F6BC31C2F20001012002
:103820000870019908684A6844F67201C2F2000102
:103830004A60086045F29840C2F200004089498819
:1038400088420BD0FFE744F67200C2F200004088C5
:1038500045F29841C2F200014881FFE744F6720048
:10386000C2F20000018845F2AD42C2F200021181AD
:1038700001791170C08800EE100AB8EEC00A9FED01
:10388000081A80EE010A10EE100A45F2A641C2F2B3
:103890000001C1F8030010F063FC02B080BD00BF5E
:1038A0000000C84281B0009040F2F841C2F200012D
:1038B0000020088044F6BC31C2F2000101200870EB
:1038C000009A118944F66800C2F200000181116873
:1038D000526842600160017845F2A432C2F20002EF
:1038E00082F86910B0F9021000EE101AB8EEC00AA2
:1038F0009FED0D1A80EE010A40F25051C2F2000114
:1039000081ED0E0AB0F9042000EE102AB8EEC00ACC
:1039100080EE010A81ED0F0A807945F2AD41C2F2D5
:103920000001C88001B070470000C84280B545F270
:103930005D30C2F20000D0F8091000EE101A9FEDC1
:10394000231A20EE010ABDEEC00A10EE101A45F24D
:103950009A32C2F200025170D0F80D1000EE101A27
:1039600020EE010ABDEEC00A10EE101A9170D0F8D8
:10397000111000EE101A20EE010ABDEEC00A10EE82
:10398000101AD170D0F8151000EE101A20EE010AAE
:10399000BDEEC00A10EE101A1171D0F8191000EE29
:1039A000101A20EE010ABDEEC00A10EE101A517175
:1039B00001781170417F9171807FD07147F2F06082
:1039C000C2F200005021FDF7E1FF80BD0000FE4281
:1039D00080B584B044F67A01C2F200010291002061
:1039E00008814860086045F2A430C2F200000190EE
:1039F00090ED0F0A9FED521A20EE010ABDEEC00AAB
:103A000010EE100A088044F6B050C2F20000039095
:103A100090ED090A20EE010ABDEEC00A10EE100A70
:103A20004880FCF74DFE0199029A84460398137969
:103A30000CF0010C03F0FE036344137191F841C0D4
:103A400013790CF0070C03F0F10343EA4C031371F4
:103A500091F84030117903F0030301F0CF0141EAFE
:103A60000311117144F64061C2F20001D1F85C31DA
:103A700000EE103AB1EE0C2A20EE020AB3EE0F1A55
:103A800080EE010ABDEEC00A10EE10CA53790CF0A8
:103A9000070C03F0F80363445371D1F8901100EE62
:103AA000101A20EE020A80EE010ABDEEC00A10EEE6
:103AB000103A517903F0070301F0C70141EAC3014D
:103AC000517190ED020ABDEEC00A10EE101A907905
:103AD00001F03F0100F0C0000844907140F2040082
:103AE000C2F20000D0F83A1000EE101AB2EE041A3A
:103AF00020EE010ABDEEC00A10EE103AD17903F0B3
:103B00007F0301F080011944D171D0F83E0000EE2E
:103B1000100A20EE010ABDEEC00A10EE101A107A4B
:103B200001F07F0100F080000844107247F2F0605D
:103B3000C2F200005221FDF729FF04B080BD00BF92
:103B40000000C84280B59AB0199044F6A000C2F2B5
:103B500000001190B830B2EE040A9FEDE01A8DED2E
:103B6000101A9FEDDF2A8DED142ADFEDDE2ACDED50
:103B7000152AF0EE420AF0EE421A0EF0E7FB9DED38
:103B8000100A11989DED141A00F58270F0EE080AE3
:103B9000DFEDD51A9FEDD52A8DED122ADFEDD42A5F
:103BA000CDED162A0EF0D2FB11989DED142A20308F
:103BB000B3EE090AB3EE0E1ADFEDCE2AF0EE420A9A
:103BC000F0EE421A0EF0C2FB11989DED141ADDEDD5
:103BD000162A6C309FEDC80AF7EE000ACDED130AE5
:103BE000DFEDC61A9FEDC62A0EF0B0FB11989DEDD1
:103BF000142A00F5A870B1EE040ADFEDC22AF0EE37
:103C0000420AB0EE621AF0EE421A0EF09FFB1198D3
:103C10009DED120ADDED130A9DED141ADDED151A66
:103C2000DDED162A00F5CE709FEDB72A0EF08EFB63
:103C30000020ADF86200FFE7BDF86200B0F5806FCC
:103C40001BDAFFE7BDF862C040F62C03C2F20003A6
:103C500003EBCC0142F20002C0F6070202EBCC00FB
:103C600052F83C2043F83C2040684860FFE7BDF82C
:103C700062000130ADF86200DEE70020ADF86000C0
:103C8000FFE7BDF86000B0F5806F1FDAFFE7BDF811
:103C900060C040F62C00C2F2000000EBCC0303F53C
:103CA000005144F20002C0F6070202EBCC0052F8C9
:103CB0003C204FF4005C43F80C2040684860FFE76C
:103CC000BDF860000130ADF86000DAE7FFE745F2CB
:103CD000A430C2F2000090F8401044F6A000C2F2F6
:103CE0000000017044F64061C2F20001D1F8D81022
:103CF00000EE101A9FED851A30EE010A80ED040ADD
:103D000090ED040A9FED821AB4EE410AF1EE10FA2A
:103D10000DDBFFE744F6A000C2F2000090ED041AAC
:103D20009FED7C0A30EE410A80ED040AFFE744F67D
:103D3000A000C2F2000090ED040A9FED771AB4EEE5
:103D4000410AF1EE10FA0DDCFFE744F6A000C2F2E2
:103D5000000090ED040A9FED6F1A30EE010A80ED2D
:103D6000040AFFE744F6A000C2F20000016945F230
:103D7000A432C2F20002D16344F6B051C2F2000193
:103D800091ED010A40F28841C2F20001D1F80A1017
:103D900001EE101A30EE410A80ED050A90ED050A99
:103DA0009FED5B1AB4EE410AF1EE10FA0DDDFFE76C
:103DB00044F6A000C2F2000090ED050A9FED571AEC
:103DC00030EE010A80ED050A1BE044F6A000C2F2C5
:103DD000000090ED050A9FED501AB4EE410AF1EE95
:103DE00010FA0DDAFFE744F6A000C2F2000090EDF1
:103DF000050A9FED481A30EE010A80ED050AFFE73B
:103E0000FFE745F2A430C2F2000090F8400003281A
:103E100023D1FFE740F28840C2F200004079E0B1D0
:103E2000FFE744F6B050C2F2000090ED090A44F6F4
:103E3000A000C2F2000090ED051A30EE410A45F2F2
:103E4000A431C2F2000181ED060A40F28840C2F2BC
:103E50000000D0F80600C861FFE744F6B050C2F297
:103E60000000816844F6A002C2F20002D161406AFB
:103E7000906045F2A430C2F20000C169916181698D
:103E800051600021C2F84411C2F8AC10C2F8DC1134
:103E900090F86900C8B9FFE744F6A000C2F200003C
:103EA0000F9090ED010AD0ED020A20300EF076FA64
:103EB0000F9890ED180A44F6B051C2F20001D1ED0E
:103EC000040A6C300EF06AFA7FE045F2A430C2F2C8
:103ED000000090F86900012876D121E000004843F5
:103EE000000000000000C842000096430000FA43B2
:103EF0000050C346000016440000AF430080224437
:103F00000000FA44000048420080BB44AE477DC236
:103F1000000034430000B443000034C30000B4C3C5
:103F200044F64060C2F20000D0F8E00000EE900AD3
:103F30009FEDB70AFDF702FE8DED170A9DED170AFA
:103F4000B0EEC00A9FEDB31AB4EE410AF1EE10FADA
:103F50000FDDFFE744F64060C2F20000D0F8E00059
:103F600000EE900A9FEDAC0AFDF7E8FD8DED170A13
:103F7000FFE79DED170AF1EE400A44F6A000C2F2F9
:103F800000000E9000F5A8709FED9F0A0EF006FA53
:103F90000E9890ED640A44F64061C2F20001D1F837
:103FA000E81081F0004100EE901A00F5CE700EF09E
:103FB000F5F944F6B050C2F20000406A45F2A4316F
:103FC000C2F200018861FFE7FFE744F6A000C2F2F9
:103FD0000000079090ED060AD0ED070AB8300EF009
:103FE000DDF9079890ED3E0A44F6B051C2F20001A7
:103FF00091ED0F1A9FED892A21EE021AB1EE082ADF
:10400000C1EE020A00F582700EF0C8F944F6406075
:10401000C2F200000590D0F80C11D0F81C0100EE9F
:10402000101A00EE900A40F21C10C2F200000DF0CF
:10403000CDFC0598079945F2A432C2F200020D9218
:1040400092ED011A01F5A272089291ED512A21EE2A
:10405000021A30EE410A81ED510AD0F8E010D0F892
:10406000E80000EE101A00EE900A40F25830C2F25A
:10407000000006900DF0AAFC05990698079A0D9B82
:1040800093ED011A02F1AC03099392ED2B2A21EE74
:10409000021A30EE410A82ED2B0AD1F8E020D1F865
:1040A000E81000EE102A00EE901A0DF08FFC079930
:1040B00008980D9A92ED011A01F5EE720A9291EDAF
:1040C000772A21EE021A30EE410A81ED770A9FED40
:1040D0004F0A8DED0B0ADFED520ACDED0C0A0CF004
:1040E000EBFB09989DED0B0ADDED0C0A0CF0E4FBEF
:1040F0000A989DED0B0ADDED0C0A0CF0DDFB0D9826
:10410000007800285FD0FFE744F6B050C2F200000C
:104110000078002857D0FFE744F6A000C2F2000064
:1041200090ED510ABDEEC00A10EE102A6846002339
:104130004360036047F28C60C2F2000040F2FF115E
:104140000DF0DAFC45F2A430C2F2000090F86900EC
:10415000B8B9FFE744F6A000C2F2000090ED2B0AC8
:10416000BDEEC00A10EE103A6846002242600260BE
:1041700047F2F060C2F2000040F2FF110DF0BCFC0B
:1041800020E045F2A430C2F2000090F86900012856
:1041900017D1FFE744F6A000C2F2000090ED770AC5
:1041A000BDEEC00A10EE103A68460022426002607E
:1041B00047F2F060C2F2000040F2FF110DF09CFCEB
:1041C000FFE7FFE71BE068460023049343600360BA
:1041D00047F28C60C2F2000040F2FF1103911A46D0
:1041E0000DF08AFC0399049B68464360036047F224
:1041F000F060C2F200001A460DF07EFCFFE70120DD
:1042000016F0FEF963E500BF000000000050C34651
:10421000AE477D420000B442EC517343E02E65424C
:104220000050C3C680B5AEB02C902B9100208DF805
:10423000AB002B98006808B1FFE7FFE7FFE72C9879
:1042400090F85800012804D1FFE702208DF8B7004C
:104250005DE12C99012081F85800FFE7FFE700207D
:10426000259026902C980068B0F1A04F06D1FFE76A
:1042700040F20010C5F200000E9015E02C98006886
:1042800040F20041C5F20001884207D1FFE740F249
:104290000050C5F200000E900C9003E000200E903C
:1042A0000C90FFE70C98FFE70E9878B9FFE72C9980
:1042B000C86D40F02000C865FFE72C99002081F808
:1042C0005800FFE701208DF8B70020E10E980CF0B0
:1042D00013FA0D902C9800680CF00EFA002840F0AC
:1042E0000281FFE70D98002840F0FD80FFE72C9841
:1042F00001680120B1F1A04F0B900CD0FFE72C9882
:1043000000684FF60071CAF6FF710844B0FA80F0F9
:1043100040090B90FFE70B98C10740F20070C5F20F
:10432000000000291CBF40F20030C5F200002990B7
:104330002B980068002872D0FFE72998806820F445
:1043400060402B9949682C9A92F8382041EA423112
:104350000843299988602C9801680120B1F1A04F89
:104360000A900CD0FFE72C9800684FF60071CAF64F
:10437000FF710844B0FA80F040090A90FFE70A98FC
:10438000C10740F20070C5F2000000291CBF40F2D6
:104390000030C5F2000040F20031C5F20001884251
:1043A00010D1FFE74FF0A0400CF08EF9089040F2DA
:1043B0000010C5F200000CF087F901460898084388
:1043C00009901BE040F20040C5F200000CF07CF9BF
:1043D000069040F20050C5F200000CF075F901465D
:1043E00006980843079040F20060C5F200000CF008
:1043F0006BF90146079808430990FFE7099868B9E7
:10440000FFE72998806840F61F7188432B9A11684E
:1044100092681143084329998860FFE762E029996F
:10442000886820F4604088602C9801680120B1F110
:10443000A04F05900CD0FFE72C9800684FF6007154
:10444000CAF6FF710844B0FA80F040090590FFE712
:104450000598C10740F20070C5F2000000291CBF9A
:1044600040F20030C5F2000040F20031C5F2000118
:10447000884210D1FFE74FF0A0400CF025F90390DF
:1044800040F20010C5F200000CF01EF9014603983E
:10449000084304901BE040F20040C5F200000CF01D
:1044A00013F9019040F20050C5F200000CF00CF935
:1044B000014601980843029040F20060C5F20000F6
:1044C0000CF002F90146029808430490FFE70498B3
:1044D00038B9FFE72999886840F61F7290438860D1
:1044E000FFE7FFE708E02C99C86D40F02000C865A1
:1044F00001208DF8AB00FFE7FFE72C99002081F841
:104500005800FFE79DF8AB008DF8B700FFE79DF876
:10451000B7002EB080BD000080B5C4B024902391B8
:1045200000208DF88B001F902398C0680021C4F2F2
:104530007F01884201D0FFE700E0FFE7FFE7249812
:1045400090F85800012805D1FFE702208DF8970068
:1045500000F059BC2499012081F85800FFE7FFE7DB
:10456000249800680CF0C0F8002840F03884FFE779
:104570002498006823990A6849680CF0C5F82498C3
:1045800000680CF0B1F81E90249800680CF084F8D4
:104590001D901E98002840F0B881FFE71D98002864
:1045A00040F0B381FFE723988068B0F1004F0ED14F
:1045B000FFE7249800682399096800220CF0C2F8EC
:1045C000249800684FF000410CF068F90CE0249842
:1045D0000068239A116892680CF0B4F82498006877
:1045E00000210CF05BF9FFE72398406924990968E2
:1045F000C96801F018018908884021902398006952
:1046000004281CD0FFE72498006823990A680969E8
:10461000219B0CF0E9F824980068239A11699269AB
:104620000CF014F924980068239A1169127F013A5A
:10463000B2FA82F2520952060CF0F4F864E12498BE
:10464000006800210CF018F8400348B9FFE72498EF
:10465000006800210CF010F8C0F384601C9018E092
:104660002498006800210CF007F890FAA0F042901E
:10467000429820B9FFE720208DF80F0105E042980D
:10468000B0FA80F08DF80F01FFE79DF80F011C9044
:10469000FFE71C981B9023980068400330B9FFE7A0
:1046A00023980068C0F384601A9015E0239800688E
:1046B00090FAA0F04090409820B9FFE720208DF8B4
:1046C000070105E04098B0FA80F08DF80701FFE798
:1046D0009DF807011A90FFE71B981A99884207D1A5
:1046E000FFE724980068002211460CF0C3F8FFE7AA
:1046F0002498006801210BF0BFFF400348B9FFE791
:104700002498006801210BF0B7FFC0F38460199072
:1047100018E02498006801210BF0AEFF90FAA0F099
:104720003E903E9820B9FFE720208DF8FF0005E07D
:104730003E98B0FA80F08DF8FF00FFE79DF8FF008B
:104740001990FFE71998189023980068400330B932
:10475000FFE723980068C0F38460179015E0239862
:10476000006890FAA0F03C903C9820B9FFE7202028
:104770008DF8F70005E03C98B0FA80F08DF8F7006E
:10478000FFE79DF8F7001790FFE718981799884200
:1047900007D1FFE724980068012100220CF06AF895
:1047A000FFE72498006802210BF066FF400348B938
:1047B000FFE72498006802210BF05EFFC0F38460DD
:1047C000169018E02498006802210BF055FF90FA2B
:1047D000A0F03A903A9820B9FFE720208DF8EF003A
:1047E00005E03A98B0FA80F08DF8EF00FFE79DF809
:1047F000EF001690FFE71698159023980068400385
:1048000030B9FFE723980068C0F38460149015E086
:104810002398006890FAA0F03890389820B9FFE704
:1048200020208DF8E70005E03898B0FA80F08DF888
:10483000E700FFE79DF8E7001490FFE7159814994B
:10484000884207D1FFE724980068022100220CF07B
:1048500011F8FFE72498006803210BF00DFF4003D7
:1048600048B9FFE72498006803210BF005FFC0F367
:104870008460139018E02498006803210BF0FCFE7C
:1048800090FAA0F03690369820B9FFE720208DF8F6
:10489000DF0005E03698B0FA80F08DF8DF00FFE722
:1048A0009DF8DF001390FFE713981290239800689B
:1048B000400330B9FFE723980068C0F3846011908B
:1048C00015E02398006890FAA0F03490349820B94D
:1048D000FFE720208DF8D70005E03498B0FA80F08B
:1048E0008DF8D700FFE79DF8D7001190FFE71298E9
:1048F0001199884207D1FFE724980068032100221C
:104900000BF0B8FFFFE7FFE7FFE7249800680BF024
:10491000D3FE002840F04481FFE724980068239AE2
:104920001168D2680BF02AFF2398C0680021C4F2F6
:104930007F01884240F03381FFE72498006810909F
:1049400023980068400330B9FFE723980068C0F35C
:1049500084600F9015E02398006890FAA0F03290E0
:10496000329820B9FFE720208DF8CF0005E032987B
:10497000B0FA80F08DF8CF00FFE79DF8CF000F90E0
:10498000FFE70F98013000F01F0009287DD8FFE7EE
:1049900023980068400330B9FFE723980068C0F30C
:1049A00084600E9015E02398006890FAA0F0309093
:1049B000309820B9FFE720208DF8C70005E0309837
:1049C000B0FA80F08DF8C700FFE79DF8C7000E90A1
:1049D000FFE70E98013000F01F0080060D9023982D
:1049E0000068400330B9FFE723980068C0F3846093
:1049F0000C9015E02398006890FAA0F02E902E9865
:104A000020B9FFE720208DF8BF0005E02E98B0FA0E
:104A100080F08DF8BF00FFE79DF8BF000C90FFE726
:104A20000D980C99013101F01F02012191400843BA
:104A30000B9023980068400330B9FFE72398006883
:104A4000C0F384600A9015E02398006890FAA0F003
:104A50002C902C9820B9FFE720208DF8B70005E0B6
:104A60002C98B0FA80F08DF8B700FFE79DF8B700FA
:104A70000A90FFE70B980A99013101F01F0101EB41
:104A8000410140EA0150099082E023980068400308
:104A900030B9FFE723980068C0F38460089015E000
:104AA0002398006890FAA0F02A902A9820B9FFE78E
:104AB00020208DF8AF0005E02A98B0FA80F08DF83C
:104AC000AF00FFE79DF8AF000890FFE708980130BE
:104AD00000F01F008006079023980068400330B95B
:104AE000FFE723980068C0F38460069015E02398E0
:104AF000006890FAA0F02890289820B9FFE72020BD
:104B00008DF8A70005E02898B0FA80F08DF8A7008E
:104B1000FFE79DF8A7000690FFE707980699013187
:104B200001F01F020121914008430590239800687D
:104B3000400330B9FFE723980068C0F38460049015
:104B400015E02398006890FAA0F02690269820B9E6
:104B5000FFE720208DF89F0005E02698B0FA80F04E
:104B60008DF89F00FFE79DF89F000490FFE70599EF
:104B70000498013000F01F0000EB40020020CFF647
:104B8000206000EB0250084340F000700990FFE7FE
:104B900010980999239A92680BF0D4FDFFE7FFE77C
:104BA0002398408848F20801084200F01781FFE787
:104BB000249801680120B1F1A04F03900CD0FFE7C9
:104BC000249800684FF60071CAF6FF710844B0FAE5
:104BD00080F040090390FFE70398C10740F200709E
:104BE000C5F2000000291CBF40F20030C5F20000F1
:104BF0000BF03AFD20902398006840F20001CCF2BF
:104C00002131884208D0FFE7239800681021C9F2BB
:104C1000C00188425AD1FFE79DF8820000060028B3
:104C200054D4FFE724980068B0F1A04F09D0FFE703
:104C30002498006840F20061C5F20001884244D126
:104C4000FFE7249801680120B1F1A04F02900CD039
:104C5000FFE7249800684FF60071CAF6FF71084418
:104C6000B0FA80F040090290FFE70298C10740F2D5
:104C70000070C5F2000000291CBF40F20030C5F2F0
:104C80000000209941F400010BF0A0FD40F2FC105F
:104C9000C2F2000000684FEA901042F66351C0F281
:104CA0003E51A0FB01104FEA901000EB40014FF085
:104CB0000C0000EB81001F90FFE71F9820B1FFE779
:104CC0001F9801381F90F8E7FFE786E023980068F7
:104CD0000021CCF2527188423ED1FFE79DF883005B
:104CE000C007C8BBFFE72498006840F20011C5F276
:104CF0000001884209D1FFE72498006840F2005182
:104D0000C5F20001884226D0FFE7249801680120FF
:104D1000B1F1A04F01900CD0FFE7249800684FF646
:104D20000071CAF6FF710844B0FA80F040090190A2
:104D3000FFE70198C10740F20070C5F200000029AA
:104D40001CBF40F20030C5F20000209941F0807194
:104D50000BF03CFDFFE73FE0239800680021CCF614
:104D60008431884236D1FFE79DF882004006002852
:104D700030D4FFE72498006840F20011C5F200012A
:104D8000884226D0FFE7249801680120B1F1A04FA6
:104D900000900CD0FFE7249800684FF60071CAF627
:104DA000FF710844B0FA80F040090090FFE70098D6
:104DB000C10740F20070C5F2000000291CBF40F29C
:104DC0000030C5F20000209941F480010BF0FEFC98
:104DD000FFE700E0FFE7FFE7FFE7FFE708E02499D0
:104DE000C86D40F02000C86501208DF88B00FFE7FA
:104DF000FFE72499002081F85800FFE79DF88B0019
:104E00008DF89700FFE79DF8970044B080BD000043
:104E100080B58EB00C9000208DF82F0007900C9874
:104E200020B9FFE701208DF83700DCE10C984069DC
:104E300040B1FFE70C9890F82400012801D1FFE76A
:104E4000FFE7FFE70C98C06D50B9FFE70C9800F042
:104E5000CFF90C99002008660C9981F85800FFE7FB
:104E60000C9800680BF020FC28B1FFE70C98006854
:104E70000BF0DEFBFFE70C9800680BF02DFCF0B99F
:104E8000FFE70C9800680BF0DFFB40F2FC10C2F269
:104E900000000068800942F66351C0F23E51A0FB59
:104EA00001108109022000EB41000790FFE70798FD
:104EB00020B1FFE7079801380790F8E7FFE70C9863
:104EC00000680BF009FC70B9FFE70C99C86D40F061
:104ED0001000C8650C99086E40F0010008660120BA
:104EE0008DF82F00FFE70C9800680BF0FDFB099090
:104EF0000C98C06DC006002800F16781FFE7099893
:104F0000002840F06281FFE70C98C06D40F002007D
:104F100020F480700C99C8650C9800680BF0CCFBED
:104F200000287CD1FFE70C9801680120B1F1A04F67
:104F300006900CD0FFE70C9800684FF60071CAF697
:104F4000FF710844B0FA80F040090690FFE7069828
:104F5000C10740F20070C5F2000000291CBF40F2FA
:104F60000030C5F2000040F20031C5F20001884275
:104F700010D1FFE74FF0A0400BF09EFB049040F2F1
:104F80000010C5F200000BF097FB0146049808439F
:104F900005901BE040F20040C5F200000BF08CFBD6
:104FA000029040F20050C5F200000BF085FB014674
:104FB00002980843039040F20060C5F200000BF035
:104FC0007BFB0146039808430590FFE7059828BB43
:104FD000FFE70C9801680120B1F1A04F01900CD0BF
:104FE000FFE70C9800684FF60071CAF6FF7108449D
:104FF000B0FA80F040090190FFE70198C10740F244
:105000000070C5F2000000291CBF40F20030C5F25C
:1050100000000C9949680BF0CBFBFFE7FFE70C9908
:105020004A7FC86B40EA42308A68CB681843104315
:1050300091F8241040EA01400A900C9890F824005E
:1050400001280BD1FFE70C98816A0020CFF6FE7093
:1050500000EB41410A9808430A90FFE70C98C06AA8
:1050600050B1FFE70C99C86A096B00F478700143EE
:105070000A9808430A90FFE70C980068C06844F259
:105080000701CFF6F07108400A9908430C990968A6
:10509000C8600C980068006920F040600C9A1168A4
:1050A000526B104308610C9800680BF0F5FA0890F9
:1050B0000998002868D1FFE70898002864D1FFE725
:1050C0000C99087F91F83810800340EA41000A905B
:1050D0000C980068C06844F2020188430A990843AA
:1050E0000C990968C8600C980069A0B1FFE70C989A
:1050F0000168086940F4803008610C980068D0F8B5
:10510000C00043F6FF7188430C9A1168126910437E
:10511000C1F8C00011E00C980168086920F48030E3
:1051200008610C980068D0F8C00043F6FF7188430E
:105130000C990968C1F8C000FFE70C9890F840008E
:10514000012819D1FFE70C980068006940F2FD7151
:1051500020EA01020C9B1968586CD3F848E0D3F898
:105160004CC040EA0E0040EA0C001B6D184310438F
:1051700040F00100086106E00C980168086920F021
:1051800001000861FFE7FFE70C98406901280CD196
:10519000FFE70C980068006B20F00F000C9A116874
:1051A000126A013A1043086306E00C980168086B24
:1051B00020F00F000863FFE70C98C06D40F001007D
:1051C00020F002000C99C86508E00C99C86D40F009
:1051D0001000C86501208DF82F00FFE79DF82F0013
:1051E0008DF83700FFE79DF837000EB080BD000056
:1051F00080B59EB01D9000201C901B901A901990B5
:10520000189003A85421FBF74DF81D98006840F250
:105210000041C5F2000188423AD1FFE74FF48030E7
:1052200003904FF00040159003A804F04BF918B11B
:10523000FFE7FDF705FEFFE7FFE741F24C00C4F290
:105240000200016841F480410160006800F4804080
:1052500002900298FFE7FFE741F24C00C4F202001F
:10526000016841F010010160006800F01000019039
:105270000198FFE7802018900320199000201A90D1
:1052800041F20000C4F6000018A902F05FF8FFE741
:105290001EB080BD87B006900591049200208DF865
:1052A0000F001F2002909DF81400C00720B9FFE7EF
:1052B00001208DF80F004BE0FFE70299481E029095
:1052C0000020019051B1FFE70598029901F01F01FC
:1052D00020FA01F1012088430190FFE70198C007FF
:1052E00008B1FFE7E9E70498009018282BD8009947
:1052F000DFE801F028292929292929291F29292915
:105300002929292916292929292929290D0002981D
:10531000072804D3FFE701208DF80F00FFE716E010
:105320000298082804D3FFE701208DF80F00FFE75B
:105330000DE00298102804D3FFE701208DF80F003C
:10534000FFE704E003E001208DF80F00FFE7FFE72F
:105350009DF80F0078B9FFE705980699096848613C
:1053600006980068806820F01800049908430699A0
:1053700009688860FFE79DF80F0007B070470000DC
:1053800080B582B00090009820B9FFE701208DF829
:10539000070057E00098407F38B9FFE700990020E8
:1053A0000877009800F052F8FFE70099022048774C
:1053B0000098007980B9FFE70098016841F6B7507E
:1053C000C0F2C140486100980068806820F0180071
:1053D0000099096888600BE000988168C268FFF74F
:1053E00059FF20B1FFE701208DF807002AE0FFE711
:1053F0000098407930B9FFE7009801684FF0FF301E
:10540000086104E00098016800690861FFE70098FE
:105410000068806820F06000009A116852691043AB
:10542000886000980068806820F08000009A116809
:1054300092691043886000990120487700208DF818
:105440000700FFE79DF8070002B080BD82B0019021
:105450000198006843F20001C4F20201884210D1B1
:10546000FFE7FFE741F24800C4F20200016841F49F
:1054700080510160006800F4805000900098FFE7C0
:10548000FFE702B07047000080B58AB0089007912E
:10549000069200208DF81700089818B1FFE70798CA
:1054A00020B9FFE701208DF82700B5E10798C06912
:1054B000012801D1FFE7FFE707988068042801D1A0
:1054C000FFE706E007984069022801D1FFE7FFE700
:1054D000FFE7FFE708984079012804D1FFE70220A1
:1054E0008DF8270098E1089901204871FFE7FFE750
:1054F00008990220087107988068042878D1FFE78E
:1055000002F006F90290069848BBFFE7FFE708980B
:105510000068406B000400281BD5FFE702F0F8F894
:105520000299401A022813D3FFE708980068406BDD
:10553000000400280BD5FFE70899086940F008002F
:1055400008610899032008718DF8270064E1FFE7DE
:10555000DDE70798406A08990968086426E0FFE7D4
:1055600008980068406BC00FD0B1FFE702F0D0F898
:105570000299401A022812D3FFE708980068406B8E
:10558000C00F58B1FFE70899086940F008000861AA
:105590000899032008718DF827003DE1FFE7DFE758
:1055A0000798406A089909684864FFE70898006806
:1055B000806C069901F0100240F2FF31914088435F
:1055C0000799896A9140084308990968886408988E
:1055D0000068C06C069901F01002FF2191408843D9
:1055E0000799C96A9140084308990968C864FFE7A8
:1055F0000798C06901281ED1FFE708980068806BF2
:105600000490069800F010011F2000FA01F10498A0
:10561000884304900798006A03900398069901F064
:10562000100100FA01F104980843049004980899C5
:1056300009688863FFE708980068C06B04900698C3
:1056400000F01001072000FA01F10498884304904B
:1056500007988069012803D1FFE70020009013E03C
:1056600007988069022803D1FFE7012000900AE033
:105670000798406918B9FFE70120009002E0002078
:105680000090FFE7FFE7FFE707998868496908434B
:10569000009908430390069800F010014FF48070C1
:1056A00000FA01F10498884304900798027903985E
:1056B00040F48071012A08BF08460390069800F064
:1056C00010014FF4007000FA01F10498884304902F
:1056D00007984279039840F40071012A08BF0846F0
:1056E0000390049820F44040049007980068022832
:1056F00020D1FFE704F036FB0190019846F6010146
:10570000C0F68911884205D3FFE7049840F40040B1
:1057100004900EE001984BF20141C0F2C44188426E
:1057200005D3FFE7049840F48040049000E0FFE7D1
:10573000FFE705E007980168049808430490FFE735
:105740000398069901F0100100FA01F1049808434A
:105750000490049808990968C863069800F010013D
:105760004FF4804000FA01F20898016808689043FD
:1057700008600898006800680490069800F010011E
:1057800040F6FE7000FA01F10498884304900798EF
:10579000C06803900398069901F0100100FA01F126
:1057A00004980843049004980899096808600698CA
:1057B00000F01001C02000FA01F2089801680868A2
:1057C000904308600798C068C0F38300039007986F
:1057D000006900F03C01039840EA811003900898AA
:1057E0000068006E069901F0100240F60F719140BA
:1057F0008843039991400843089909680866089905
:1058000001200871FFE7089900204871FFE79DF823
:1058100017008DF82700FFE79DF827000AB080BD2C
:1058200080B582B00090009820B9FFE701208DF884
:10583000070016E00098007938B9FFE700990020CA
:105840004871009800F012F8FFE7009902200871F3
:10585000009900200861009A012111718DF807005C
:10586000FFE79DF8070002B080BD000082B0019004
:105870000198006841F20001C5F20001884210D190
:10588000FFE7FFE741F24C00C4F20200016841F477
:1058900080210160006800F4802000900098FFE7FC
:1058A000FFE702B07047000083B0019000910198BB
:1058B00090F82500012836D1FFE7FFE7019890F81E
:1058C0002400012804D1FFE702208DF80B002EE010
:1058D0000199012081F82400FFE7FFE70198806C1F
:1058E0000068C0B2009AD3680021CFF6F87101EBCE
:1058F000C341D2F800C0536841EA0C611943137ADE
:1059000041EA0341527A41EA422108430199896CF4
:105910000860FFE70199002081F82400FFE70020DC
:105920008DF80B0003E001208DF80B00FFE79DF8D8
:105930000B0003B07047000080B582B00190019861
:10594000C06C00680199096D084218D0FFE7019802
:10595000816C086820F4807008600198C16C006D4B
:1059600048600199C86B40F40070C8630198406BAF
:1059700020B1FFE70198416B8847FFE7FFE70198F7
:10598000406D08B3FFE70198806D00680199C96D0B
:10599000084218D0FFE70198416D086820F4807034
:1059A00008600198816DC06D48600199C86B40F432
:1059B0008060C8630198406B20B1FFE70198416B9C
:1059C0008847FFE7FFE7FFE702B080BD82B00190A4
:1059D00000208DF80300019890F82500022807D0D8
:1059E000FFE701990420C86301208DF803002DE032
:1059F00001980168086820F00E0008600198816C29
:105A0000086820F48070086001980168086820F038
:105A1000010008600198016C406C00F01F02012039
:105A2000904048600198C16C006D48600198406DDD
:105A300058B1FFE70198416D086820F48070086054
:105A40000198816DC06D4860FFE7FFE70199012073
:105A500081F82500FFE70199002081F82400FFE785
:105A60009DF8030002B0704780B582B0019000201D
:105A70008DF80300019890F82500022811D0FFE767
:105A800001990420C8630199012081F82500FFE7EE
:105A90000199002081F82400FFE701208DF8030020
:105AA0003FE001980168086820F00E000860019846
:105AB0000168086820F0010008600198816C08689E
:105AC00020F4807008600198016C406C00F01F02A7
:105AD0000120904048600198C16C006D48600198B9
:105AE000406D58B1FFE70198416D086820F480705F
:105AF00008600198816DC06D4860FFE70199012041
:105B000081F82500FFE70199002081F82400FFE7D4
:105B10000198806B20B1FFE70198816B8847FFE710
:105B2000FFE79DF8030002B080BD000080B584B09F
:105B300003900398006C0068029003980068006866
:105B4000019002980399496C01F01F01C840400779
:105B5000002825D5FFE79DF80400400700281FD541
:105B6000FFE70398006800688006002807D4FFE775
:105B700003980168086820F004000860FFE70398B4
:105B8000016C406C00F01F020420904048600398B4
:105B9000006B20B1FFE70398016B8847FFE76EE0D9
:105BA00002980399496C01F01F01C8408007002842
:105BB0002FD5FFE79DF804008007002829D5FFE7CF
:105BC000039800680068800600280BD4FFE703985C
:105BD0000168086820F00A0008600399012081F834
:105BE0002500FFE70398016C406C00F01F020220C3
:105BF00090404860FFE70399002081F82400FFE708
:105C00000398C06A20B1FFE70398C16A8847FFE79D
:105C100034E002980399496C01F01F01C840000765
:105C2000002829D5FFE79DF804000007002823D5A8
:105C3000FFE703980168086820F00E0008600398E9
:105C4000026C406C00F01F01012000FA01F151606C
:105C50000399C863039981F82500FFE703990020A1
:105C600081F82400FFE70398406B20B1FFE7039819
:105C7000416B8847FFE700E0FFE7FFE7FFE704B07D
:105C800080BD000080B584B00290029820B9FFE783
:105C900001208DF80F009CE00298006840F2074157
:105CA000C4F20201884218D8FFE7029908684FF64B
:105CB000F872CBF6FD7210444CF6CD42CCF6CC42D5
:105CC000A0FB02026FF0030000EA92004864029910
:105CD0000020C4F20200086418E0029908684FF638
:105CE000F832CBF6FD7210444CF6CD42CCF6CC42E5
:105CF000A0FB02026FF0030000EA920048640299E0
:105D000040F20040C4F202000864FFE7029902205A
:105D100081F825000298006800680190019847F614
:105D2000F0718843019002998868D1F80CC00B6922
:105D30004A6940EA0C00184310438A691043CA6953
:105D40001043096A014301980843019001980299A0
:105D5000096808600298FCF775FB02988068B0F546
:105D6000804F04D1FFE7029900204860FFE70299C5
:105D70000879896C08600298C16C006D48600298CF
:105D8000406888B1FFE70298406804280CD8FFE714
:105D90000298FCF791FB0298416D00200860029880
:105DA000816DC06D486007E0029900204865029946
:105DB00088650299C865FFE702990020C863029AC6
:105DC000012182F82510029981F824008DF80F0036
:105DD000FFE79DF80F0004B080BD000080B586B0DD
:105DE000049003910292019300208DF80300FFE7D5
:105DF000049890F82400012804D1FFE702208DF8D0
:105E0000170065E00499012081F82400FFE7FFE70F
:105E1000049890F8250001284BD1FFE7049902204F
:105E200081F8250004990020C86304980168086877
:105E300020F00100086004980399029A019BFCF786
:105E400059FB0498006B38B1FFE7049801680868B3
:105E500040F00E0008600CE004980168086820F02B
:105E60000400086004980168086840F00A000860AF
:105E7000FFE70498806C0068C003002807D5FFE79F
:105E80000498816C086840F480700860FFE704980B
:105E9000406D38B1FFE70498416D086840F48070A8
:105EA0000860FFE704980168086840F00100086096
:105EB00009E0FFE70499002081F82400FFE70220B1
:105EC0008DF80300FFE79DF803008DF81700FFE74A
:105ED0009DF8170006B080BD80B584B0039001F036
:105EE00017FC0290039801900198013048B1FFE738
:105EF00040F25040C2F2000001680198084401904D
:105F0000FFE7FFE701F004FC0299401A019988427B
:105F100001D2FFE7F6E704B080BD000086B0049030
:105F200003910292049890F85C008DF80700BDF888
:105F30000C0010F4C07F01D0FFE7FFE79DF80700D9
:105F4000012806D0FFE79DF80700022840F0DE8018
:105F5000FFE704980068806D00909DF80C004007F2
:105F600030B1FFE79DF80000C007002847D0FFE7E9
:105F70009DF80C0010F0380F06D0FFE79DF80000E8
:105F8000800700283BD5FFE7BDF80C0010F4E07F48
:105F900006D0FFE79DF80000400700282FD5FFE757
:105FA0009DF80D0010F01E0F06D0FFE79DF80000D1
:105FB0000007002823D5FFE79DF80D0010F0E00F43
:105FC00006D0FFE79DF80000C006002817D5FFE7C0
:105FD0009DF80E00800730B1FFE79DF800008006B5
:105FE00000280CD5FFE79DF80E0010F0FC0F0DD037
:105FF000FFE79DF800004006002807D4FFE704985B
:106000000168C86D40F00100C865FFE79DF80C000D
:10601000400730B1FFE79DF80000C007002847D1D6
:10602000FFE79DF80C0010F0380F06D0FFE79DF851
:106030000000800700283BD4FFE7BDF80C0010F4F7
:10604000E07F06D0FFE79DF80000400700282FD42E
:10605000FFE79DF80D0010F01E0F06D0FFE79DF83A
:1060600000000007002823D4FFE79DF80D0010F082
:10607000E00F06D0FFE79DF80000C006002817D407
:10608000FFE79DF80E00800730B1FFE79DF80000A4
:10609000800600280CD4FFE79DF80E0010F0FC0FDE
:1060A0000DD0FFE79DF800004006002807D5FFE768
:1060B00004980168C86D40F00200C865FFE79DF8CC
:1060C0000C000006002809D5FFE7029A0498016831
:1060D000D1F8DC001043C1F8DC00FFE79DF80D00AB
:1060E000C00748B1FFE7029A04980168D1F8E000C0
:1060F0001043C1F8E000FFE7039A04980168486D77
:106100001043486500208DF8170008E00499086ED8
:1061100040F00200086601208DF81700FFE79DF8A7
:10612000170006B07047000080B586B00490039158
:1061300002920398406808B9FFE700E0FFE704987F
:1061400090F85C0002282FD1FFE704980068D0F88F
:10615000C4008002002809D5FFE70499086E40F4C6
:106160000070086601208DF8170026E0049800688A
:10617000D0F8C400C0F30140019004980399029A3A
:10618000019BFCF701FF0199012000FA01F1049A3B
:106190001268C2F8CC100199884004998865FFE71D
:1061A00000208DF8170008E00499086E40F0080000
:1061B000086601208DF81700FFE79DF8170006B06C
:1061C00080BD000087B005900491059890F85C00B0
:1061D0008DF803009DF80300012805D0FFE79DF826
:1061E000030002283CD1FFE704980068B8B9FFE734
:1061F00004998868CB680A694969800740EAC360E6
:1062000040EA0240084303900598006C04994968ED
:1062100000EB810001900398019908601CE004984C
:10622000C168006940EA4170039004988168406940
:1062300040EA817002900598406C0499496800EB2F
:10624000C100019003980199086001980430019001
:10625000029801990860FFE700208DF81B0008E014
:106260000599086E40F00200086601208DF81B00B9
:10627000FFE79DF81B0007B07047000085B0DDF810
:1062800014C00390029101920093039890F85C006F
:10629000012819D1FFE703980068D0F8800020F0AA
:1062A0003F0002990901019A41EA8201009A41EAFC
:1062B0004201059A1143084303990968C1F8800017
:1062C00000208DF8130008E00399086E40F00400E8
:1062D000086601208DF81300FFE79DF8130005B054
:1062E0007047000081B0009001B0704782B001900B
:1062F000009102B0704700008AB0089007910692A2
:10630000059300200190089890F85C008DF8030038
:106310009DF80300022840F0FA80FFE70798402824
:106320003ED1FFE708980068D0F89000000748B910
:10633000FFE70899086E40F48070086601208DF828
:106340002700EDE008980068D0F8900000F0807118
:106350000120B0EB116F0FD1FFE708980068D0F86B
:10636000800000F400710120B0EB512F03D1FFE752
:1063700001200190FFE7FFE708980068D0F890003F
:1063800000F44071019800EB112001900898806C96
:10639000019901EBC10100EBC1000490FFE73DE072
:1063A00008980068D0F89800000748B9FFE70899F6
:1063B000086E40F48070086601208DF82700AFE079
:1063C00008980068D0F8980000F080710120B0EBC8
:1063D000116F0FD1FFE708980068D0F8800000F433
:1063E00080710120B0EB112F03D1FFE70120019054
:1063F000FFE7FFE708980068D0F8980000F44071C4
:10640000019800EB112001900898C06C019901EBF4
:10641000C10100EBC1000490FFE7FFE704980068AA
:1064200000F08040069948600698406838B9FFE758
:1064300004980068C0F38A400699086006E0049852
:10644000006820F0604006990860FFE70498006843
:1064500000F00050069988600498006800F0004041
:1064600006990861049804300490049800880699FD
:10647000C86104980068C0F303400699C860049896
:10648000006800F48010069948610498006800F4E0
:1064900000100699886104980068C0F306600699A8
:1064A000086204980068C00F069948620498043096
:1064B00004900498039000200290FFE70298069948
:1064C000CA684CF21871C0F60101895C88420AD290
:1064D000FFE70398029A805C05998854FFE70298C9
:1064E00001300290EAE70798402806D1FFE70198BB
:1064F00008990968C1F8940005E0019808990968AD
:10650000C1F89C00FFE700208DF8270008E00899FB
:10651000086E40F00800086601208DF82700FFE7AC
:106520009DF827000AB0704781B0009001B0704715
:1065300080B58AB0099009980068006D00F4E050B9
:10654000089009980068416D0898084008900998DB
:106550000068006D00F00700079009980068416D21
:1065600007980840079009980068006D00F038000F
:10657000069009980068416D0698084006900998B1
:106580000068006D00F47100059009980068416D85
:1065900005980840059009980068006D00F4602097
:1065A000049009980068416D049808400490099887
:1065B0000068406D019009980068006D00909DF89A
:1065C000000000F040010020B0EB911F12D0FFE767
:1065D0009DF8040000F040010020B0EB911F08D0AE
:1065E000FFE709980168402008650998FFF79CFFBC
:1065F000FFE7FFE79DF80100C007E0B1FFE79DF866
:106600000500C007B0B1FFE709980068D0F8D800CE
:10661000029009980068D0F8E010029808400290B3
:10662000099801684FF4807008650998029900F094
:10663000C9FCFFE7FFE7089848B1FFE70898099908
:10664000096808650998089900F0C8FCFFE70798F1
:1066500048B1FFE7079809990968086509980799FB
:1066600000F06CFBFFE7069848B1FFE70698099930
:10667000096808650998069900F070FCFFE79DF825
:10668000010000F002010020B0EB510F13D0FFE732
:106690009DF8050000F002010020B0EB510F09D079
:1066A000FFE7099801684FF400700865099800F049
:1066B0009BFCFFE7FFE79DF800100020B0EBD11F27
:1066C0001DD0FFE79DF804100020B0EBD11F15D0BE
:1066D000FFE709980068D0F8D40003900998006893
:1066E000D0F8DC10039808400390099801688020D6
:1066F00008650998039900F06BFCFFE7FFE79DF838
:10670000010000F020010020B0EB511F13D0FFE783
:106710009DF8050000F020010020B0EB511F09D0CA
:10672000FFE7099801684FF400500865099800F0E8
:1067300045FCFFE7FFE79DF801100020B0EBD11FFB
:1067400011D0FFE79DF805100020B0EBD11F09D054
:10675000FFE7099801684FF400400865099800F0C8
:1067600029FCFFE7FFE79DF8010000F04001002051
:10677000B0EB911F15D0FFE79DF8050000F0400138
:106780000020B0EB911F0BD0FFE7099801684FF490
:10679000804008650999086E40F080000866FFE7B0
:1067A000FFE7049848B1FFE704980999096808656C
:1067B00009980499FFF79AFDFFE7059850B1FFE7A4
:1067C0000598099909680865059A0999086E1043A2
:1067D0000866FFE70998006E20B1FFE70998FFF708
:1067E00081FDFFE70AB080BD80B584B002900298B9
:1067F00020B9FFE701208DF80F0057E102980068EB
:1068000046F20041C4F20001884201D1FFE7FFE7F0
:1068100002988068B0F5407F01D1FFE7FFE702985A
:1068200090F85C0040B9FFE70299002081F85D0014
:10683000029800F03FF9FFE702980168886920F0AC
:106840001000886100F064FF0190FFE70298006883
:1068500080690007002815D5FFE700F059FF01996E
:10686000401A0B280DD3FFE70299086E40F0010093
:1068700008660299032081F85C0001208DF80F0062
:1068800014E1E3E702980168886940F0010088613B
:1068900000F03EFF0190FFE7029800688069C007A2
:1068A000A8B9FFE700F034FF0199401A0B280DD377
:1068B000FFE70299086E40F0010008660299032084
:1068C00081F85C0001208DF80F00EFE0E4E702980A
:1068D0000168886940F0020088610298006846F209
:1068E0000041C4F20001884208D1FFE702984068E5
:1068F00046F20051C4F200010860FFE70298007CF4
:10690000012807D1FFE702980168886920F040005C
:10691000886106E002980168886940F0400088615B
:10692000FFE70298407C012807D1FFE70298016841
:10693000886940F48040886106E0029801688869AF
:1069400020F480408861FFE70298807C012807D10D
:10695000FFE702980168886920F48050886106E0AA
:1069600002980168886940F480508861FFE70298C6
:106970000068806920F44070029A116892681043A0
:10698000886102980168886920F0A40088610298F3
:106990000168086920F0100008610298C0680128A9
:1069A00007D1FFE702980168886940F00400886118
:1069B0002BE00298C06830B3FFE70298C068022855
:1069C00019D0FFE702980168886940F0800088616B
:1069D00002980168086940F0100008610298C068D8
:1069E000032807D1FFE702980168886940F020007A
:1069F0008861FFE706E002980168886940F020009E
:106A00008861FFE700E0FFE7FFE7029A116853693A
:106A10009069D2F81CE0A0F1010C6FF0FF0000EBD0
:106A20000E2040EA4C60126A013A10430022CFF671
:106A3000FF7202EB03421043C86102988068B0F510
:106A4000407F1CD1FFE7029A1168536A906AD2F81E
:106A50002CE001386FF0FF0C0CEB0E2C40EA0C0020
:106A6000D2F830C06FF00F0202EB0C12104300227C
:106A7000CFF6FF7202EB03421043C860FFE70298B3
:106A80000168C26BD1F8C0001043C1F8C000029881
:106A9000FCF70EFA02990020886502990866029AAE
:106AA000012182F85C108DF80F00FFE79DF80F00C0
:106AB00004B080BD80B5AEB02D9000202C902B90FE
:106AC0002A902990289013A85421F9F7EBFB2D98D0
:106AD000006846F20041C4F2000188425ED1FFE73F
:106AE0004FF4805013904FF00070219013A802F0E3
:106AF000E9FC18B1FFE7FCF7A3F9FFE744F6B8306B
:106B0000C2F200000168013101600068012810D163
:106B1000FFE7FFE741F25800C4F20200016841F0CC
:106B200000710160006800F0007012901298FFE799
:106B3000FFE7FFE741F24C00C4F20200016841F0B8
:106B400002010160006800F0020011901198FFE757
:106B50004FF4407028900220299000200B902A903A
:106B60002B9009202C9040F20040C4F6000028A988
:106B700000F0ECFB0B9A1520099005210A9101F019
:106B80000DF8099801F000F80A990B9A16200C905C
:106B900001F004F80C9800F0F7FFCDE02D980068A4
:106BA00046F60001C4F2000188425DD1FFE74FF4D0
:106BB000805013904FF00070219013A802F082FCD7
:106BC00018B1FFE7FCF73CF9FFE744F6B830C2F232
:106BD00000000168013101600068012810D1FFE761
:106BE000FFE741F25800C4F20200016841F0007171
:106BF0000160006800F0007010901098FFE7FFE758
:106C0000FFE741F24C00C4F20200016841F00201CA
:106C10000160006800F002000F900F98FFE760200D
:106C2000289002202990002007902A902B9009207C
:106C30002C9040F20040C4F6000028A900F086FB2A
:106C4000079A562005900521069100F0A7FF0598A8
:106C500000F09AFF0699079A5720089000F09EFFCF
:106C6000089800F091FF66E02D98006846F6004114
:106C7000C4F2000188425DD1FFE74FF480501390C9
:106C80004FF00070219013A802F01CFC18B1FFE730
:106C9000FCF7D6F8FFE744F6B830C2F2000001680E
:106CA000013101600068012810D1FFE7FFE741F2E0
:106CB0005800C4F20200016841F0007101600068F0
:106CC00000F000700E900E98FFE7FFE7FFE741F23B
:106CD0004C00C4F20200016841F00201016000684A
:106CE00000F002000D900D98FFE718202890022078
:106CF0002990002003902A902B900B202C9040F29A
:106D00000040C4F6000028A900F020FB039A582098
:106D100001900521029100F041FF019800F034FF3D
:106D20000299039A5920049000F038FF049800F06B
:106D30002BFFFFE7FFE7FFE72EB080BD80B58CB0EB
:106D40000B900A910B9840F22053C2F200034021AD
:106D50006A46FFF7D1FA0B9847F22861C2F20001A8
:106D6000884207D1FFE740F21A51C2F20001002029
:106D70000880FFE70B9847F28C61C2F2000188425D
:106D800007D1FFE740F21C51C2F200010020088049
:106D9000FFE70B9847F2F061C2F20001884207D189
:106DA000FFE740F21E51C2F2000100200880FFE719
:106DB000009840F22851C2F2000108800B9847F277
:106DC0008C61C2F20001884217D1FFE740F22850DF
:106DD000C2F20000008840F2052188420DD1FFE791
:106DE00044F64060C2F2000000F5827140F220508B
:106DF000C2F200000AF0BCFEAEE00B9847F2F06170
:106E0000C2F20001884217D1FFE740F22850C2F2D7
:106E10000000008840F2062188420DD1FFE744F6C9
:106E20004060C2F2000000F1D00140F22050C2F2F6
:106E300000000AF09DFE8EE00B9847F2F061C2F26E
:106E40000001884216D1FFE740F22850C2F200004C
:106E50000088B0F5017F0DD1FFE744F64060C2F233
:106E6000000000F5D07140F22050C2F200000AF09C
:106E70007FFE6FE00B9847F22861C2F20001884262
:106E800017D1FFE740F22850C2F20000008840F21C
:106E9000022188420DD1FFE744F64060C2F20000B3
:106EA00000F59C7140F22050C2F200000AF060FE32
:106EB0004FE00B9847F22861C2F20001884217D1D7
:106EC000FFE740F22850C2F20000008840F20121A2
:106ED00088420DD1FFE744F64060C2F2000000F5A1
:106EE000B67140F22050C2F200000AF041FE2FE0DD
:106EF0000B9847F2F061C2F2000188420FD1FFE720
:106F000040F22850C2F200000088532807D1FFE762
:106F100040F22050C2F20000FCF774FC17E00B981E
:106F200047F2F061C2F2000188420FD1FFE740F260
:106F30002850C2F200000088542807D1FFE740F231
:106F40002050C2F20000FCF7ADFCFFE7FFE7FFE7CF
:106F5000FFE7FFE7FFE7FFE70CB080BD82B00190DD
:106F6000009102B07047000082B00090009890F845
:106F70005C00012810D1FFE70099022081F85C0035
:106F800000980168886920F001008861009900205C
:106F900008668DF8070008E00099086E40F00400CC
:106FA000086601208DF80700FFE79DF8070002B092
:106FB0007047000081B0009001B0704781B0009030
:106FC00001B0704782B00190009102B0704700009C
:106FD00082B00190009102B07047000082B0019031
:106FE000009102B07047000081B0009001B070477E
:106FF00080B586B004900391FFE740F23040C2F2C2
:1070000000000078012804D1FFE702208DF8170066
:10701000BDE040F23041C2F2000101200870FFE7FC
:10702000FFE74FF47A70FCF769F98DF80B009DF8D3
:107030000B00002840F09E80FFE740F23041C2F292
:1070400000010020486042F20000C4F20200006823
:107050008005002820D5FFE742F20000C4F20200BC
:107060000068400500280FD5FFE742F20001C4F296
:107070000201086820F48060086040F23041C2F2EA
:1070800000010320087706E040F23041C2F200011F
:1070900001200877FFE71FE042F20000C4F202007F
:1070A0000068400500280FD5FFE742F20001C4F256
:1070B0000201086820F48060086040F23041C2F2AA
:1070C00000010220087706E040F23041C2F20001E0
:1070D00000200877FFE7FFE704980068012814D133
:1070E000FFE704984068FCF739F84FF47A70FCF732
:1070F00005F98DF80B0042F21401C4F20201086890
:1071000048F204029043086031E003994FF0FF30E9
:107110000860049880680190FFE70198049A9168DC
:10712000D2681144884221D2FFE701980499496846
:10713000FCF752F84FF47A70FCF7E0F88DF80B008A
:1071400042F21401C4F20201086840F2FA3290439C
:1071500008609DF80B0020B1FFE7019803990860D3
:1071600004E0FFE7019801300190D6E7FFE7FBF765
:107170009BFFFFE7FFE740F23041C2F20001002031
:107180000870FFE79DF80B008DF81700FFE79DF8EA
:10719000170006B080BD000081B001208DF803000B
:1071A00042F21400C4F20200016841F000410160A3
:1071B0000068C00F20B1FFE700208DF80300FFE753
:1071C0009DF8030001B0704780B588B00690059126
:1071D0000393029200200090FFE740F23040C2F299
:1071E00000000078012804D1FFE702208DF81F007D
:1071F0007BE040F23041C2F2000101200870FFE75D
:10720000FFE74FF47A70FCF779F88DF807009DF8E6
:10721000070000285CD1FFE740F23041C2F20001D4
:107220000020486042F20000C4F2020000684005FD
:1072300000280FD5FFE742F20001C4F202010868FE
:1072400020F48060086040F23041C2F20001022068
:10725000087706E040F23041C2F2000100200877D2
:10726000FFE7069840B9FFE70598029A039BFBF7F2
:10727000F7FF0120009016E00698012804D0FFE7F0
:10728000069802280DD1FFE705980299FBF7FEFF4B
:107290000698022804D1FFE74FF480200090FFE712
:1072A00000E0FFE7FFE74FF47A70FCF727F88DF86E
:1072B0000700009848B1FFE7009A42F21401C4F2B7
:1072C0000201086890430860FFE7FBF7EDFEFFE767
:1072D000FFE740F23041C2F2000100200870FFE7F2
:1072E0009DF807008DF81F00FFE79DF81F0008B00C
:1072F00080BD000081B000208DF8030042F2140030
:10730000C4F202000068C00FD8B1FFE742F20801E2
:10731000C4F2020140F22310C4F26750086048F63C
:10732000AB10CCF6EF50086042F21400C4F2020039
:107330000068C00F20B1FFE701208DF80300FFE7D0
:10734000FFE79DF8030001B0704700008BB00A9082
:10735000099100200890FFE7099800680899C84043
:10736000002800F0A581FFE709980068089A01212C
:107370009140084007900798002800F09581FFE7AA
:107380000998406800F00300012807D0FFE709983A
:10739000406800F0030002282FD1FFE70A988068B8
:1073A000069008984100032000FA01F106988843EE
:1073B00006900998C0680899490000FA01F10698FA
:1073C0000843069006980A9988600A9840680690D3
:1073D0000899012000FA01F106988843069009985F
:1073E0004068C0F30010089900FA01F106980843BC
:1073F000069006980A994860FFE70998406800F0EF
:107400000300032818D0FFE70A98C0680690089880
:107410004100032000FA01F106988843069009987C
:1074200080680899490000FA01F10698084306901F
:1074300006980A99C860FFE70998406800F00300C1
:10744000022826D1FFE70A9808996FF0030202EAA2
:1074500051010844006A0690089800F00700810076
:107460000F2000FA01F106988843069009980069F8
:10747000089901F00701890000FA01F10698084314
:10748000069006980A99089B02EA53021144086282
:10749000FFE70A980068069008984100032000FA68
:1074A00001F10698884306900998406800F00300AF
:1074B0000899490000FA01F10698084306900698D9
:1074C0000A990860099880798007002800F0EB800D
:1074D000FFE7FFE741F26000C4F20200016841F0FB
:1074E00001010160006800F0010005900598FFE7C8
:1074F000089820F003000821C4F2010140580690CA
:10750000089800F0030081000F2000FA01F10698AE
:10751000884306900A98B0F1904F03D1FFE700200E
:10752000049042E00A9840F20041C4F6000188420B
:1075300003D1FFE70120039034E00A9840F60001F0
:10754000C4F60001884203D1FFE70220029026E042
:107550000A9840F60041C4F60001884203D1FFE7D3
:107560000320019018E00A9841F20001C4F60001DE
:10757000884203D1FFE7042000900AE00A9941F213
:107580000042C4F600020620914208BF0520009088
:10759000FFE700980190FFE701980290FFE702984B
:1075A0000390FFE703980490FFE70498089901F01F
:1075B0000301890000FA01F1069808430690069835
:1075C000089921F003010822C4F20102885040F218
:1075D0000840C4F2010000680690079906988843A5
:1075E000069009988079C006002805D5FFE707991D
:1075F000069808430690FFE7069840F20841C4F257
:107600000101086040F20C40C4F2010000680690DD
:107610000799069888430690099880798006002883
:1076200005D5FFE70799069808430690FFE70698F7
:1076300040F20C41C4F20101086040F20440C4F27F
:1076400001000068069007990698884306900998FB
:1076500080798007002805D5FFE707990698084339
:107660000690FFE7069840F20441C4F20101086069
:1076700040F20040C4F201000068069007990698A5
:107680008843069009988079C00728B1FFE70799D9
:10769000069808430690FFE7069840F20041C4F2BE
:1076A00001010860FFE7FFE708980130089053E602
:1076B0000BB0704782B00190ADF8021001980069DC
:1076C000BDF80210084204D0FFE701208DF8010048
:1076D00003E000208DF80100FFE79DF8010002B0F3
:1076E0007047000082B00190ADF802108DF80120C3
:1076F0009DF8010028B1FFE7BDF8020001998861FB
:1077000004E0BDF8020001998862FFE702B070470B
:1077100040F2B800C2F201000068704783B00190E7
:107720000091019890F8410020283BD1FFE7FFE746
:10773000019890F84000012804D1FFE702208DF85D
:107740000B0033E00199012081F84000FFE7FFE7DB
:107750000199242081F8410001980168086820F00F
:107760000100086001980168086820F480500860F2
:10777000009A019801680868104308600198016840
:10778000086840F0010008600199202081F841005C
:10779000FFE70199002081F84000FFE700208DF805
:1077A0000B0003E002208DF80B00FFE79DF80B00B3
:1077B00003B0704784B002900191029890F84100A4
:1077C000202840D1FFE7FFE7029890F84000012809
:1077D00004D1FFE702208DF80F0038E00299012064
:1077E00081F84000FFE7FFE70299242081F841007B
:1077F00002980168086820F001000860029800689B
:1078000000680090009820F4706000900199009842
:1078100040EA0120009000980299096808600298E7
:107820000168086840F0010008600299202081F892
:107830004100FFE70299002081F84000FFE70020A7
:107840008DF80F0003E002208DF80F00FFE79DF890
:107850000F0004B07047000080B582B0009000981F
:1078600020B9FFE701208DF807007BE0009890F831
:10787000410040B9FFE70099002081F840000098DE
:1078800000F074F8FFE70099242081F84100009887
:107890000168086820F001000860009801684068ED
:1078A00020F07060086100980168886820F400404A
:1078B00088600098C068012807D1FFE70098016838
:1078C000806840F40040886006E0009801688068A5
:1078D00040F404408860FFE70098C068022807D1A0
:1078E000FFE700980168486840F40060486006E0DF
:1078F00000980168486820F400604860FFE700983D
:107900000168486848F20002C0F200221043486053
:1079100000980168C86820F40040C860009A1168A7
:10792000106953699269184340EA0220C860009ABE
:107930001168D069126A10430860009801680868ED
:1079400040F001000860009900204864009A20215E
:1079500082F8411000990863009981F842008DF87F
:107960000700FFE79DF8070002B080BD80B59EB01C
:107970001D9000201C901B901A901990189003A83D
:107980005421F8F78FFC1D98006845F60001C4F2F9
:10799000000188423BD1FFE78020039000200B903C
:1079A00003A801F08FFD18B1FFE7FBF749FAFFE7E5
:1079B000FFE741F24C00C4F20200016841F001010E
:1079C0000160006800F0010002900298FFE74FF4A8
:1079D000407018901220199001201A9002201B90DC
:1079E00004201C904FF0904018A9FFF7AFFCFFE770
:1079F00041F25800C4F20200016841F480010160C4
:107A0000006800F4800001900198FFE7FFE71EB0D6
:107A100080BD000040F25040C2F20000026840F217
:107A2000B801C2F201010868104408607047000004
:107A300080B582B000208DF80700032000F0C6F862
:107A40000F2000F00DF820B1FFE701208DF80700AE
:107A500002E000F06FF8FFE79DF8070002B080BD7C
:107A600080B58CB00B90002005900490FFE741F2A8
:107A70006000C4F20200016841F4801101600068F6
:107A800000F4801001900198FFE706A803A902F016
:107A90003FF902F081F9059005984DF68361C4F233
:107AA0001B31A0FB01014FF0FF3000EB914004902F
:107AB00047F62040C2F2000045F20001C4F2010185
:107AC000016040F2E731C160049941600021016129
:107AD000816003F009FB8DF80B009DF80B0028BBBB
:107AE000FFE747F62040C2F2000003F03BFC8DF8B0
:107AF0000B009DF80B00C0B9FFE74E2000F044F8E2
:107B00000B980F280CD8FFE70B994E20002200F0AD
:107B100045F80B9840F25441C2F20001086003E0BE
:107B200001208DF80B00FFE7FFE7FFE79DF80B0052
:107B30000CB080BD80B582B0FFE741F26000C4F2B6
:107B40000200016841F001010160006800F00100DD
:107B500001900198FFE7FFE741F25800C4F20200EC
:107B6000016841F080510160006800F08050009091
:107B70000098FFE76FF001000F21002200F00EF8DF
:107B800001F096FC02B080BD80B582B08DF8070090
:107B90009DF9070011F020FD02B080BD80B586B0D0
:107BA0008DF817000491039211F02EFD02909DF9BB
:107BB0001700019002980499039A0AF069F80146A7
:107BC000019811F029FD06B080BD000080B582B09B
:107BD0000190019811F042FD02B080BD80B586B0E1
:107BE000049000208DF80F00049820B9FFE70120D1
:107BF0008DF81700E9E0049890F83A00052804D1C0
:107C0000FFE701208DF81700DFE0049890F83A00B4
:107C1000022804D1FFE701208DF81700D5E0049871
:107C2000806808B9FFE7FFE70498806908B1FFE7BB
:107C3000FFE704988068402801D1FFE7FFE7049838
:107C4000C06A102801D1FFE7FFE7FFE741F26000BB
:107C5000C4F20200016841F001010160006800F017
:107C6000010002900298FFE7049890F83A0028B9C2
:107C7000FFE70499002081F83900FFE7049800F03D
:107C8000A9F804988068402805D0FFE70498806828
:107C9000602838D1FFE704980068006820F01000E1
:107CA000049A1168D26A104308600498006800685A
:107CB00043F61161CEF200010840049B019319685C
:107CC0005A68D3F808E0D3F810C042EA0E0242EA3C
:107CD0000C0293F814E042F4807CBEF1010F08BF5F
:107CE0006246D3F824C042EA0C02D3F828C042EA24
:107CF0000C02D3F830C042EACC425B6B42EA03622A
:107D0000104308603BE004980068006820F0100011
:107D1000049A1168D26A10430860049800680068E9
:107D200043F61161CEF200010840049B00931968EC
:107D30005A68D3F808E0D3F80CC042EA0E0242EACF
:107D40000C02D3F810C042EA0C0293F814E042F49B
:107D5000807CBEF1010F08BF6246D3F824C042EA1E
:107D60000C02D3F828C042EA0C02D3F830C042EA31
:107D7000CC425B6B42EA036210430860FFE7049861
:107D800000688069C00F88B9FFE7049800688069BF
:107D900020F03F00049B19689A69D3F81CC01B6A45
:107DA00042EA0C021A4310438861FFE7049890F8F6
:107DB0003A0028B9FFE70499012081F83A00FFE76B
:107DC0009DF80F008DF81700FFE79DF8170006B02B
:107DD00080BD000080B588B0079000200690059017
:107DE0000490039002900798006840F21431C4F2A6
:107DF000010188421ED1FFE7FFE741F24C00C4F2C7
:107E00000200016841F002010160006800F0020018
:107E100001900198FFE74FF4006002900320039067
:107E20000020049040F20040C4F6000002A9FFF7D1
:107E30008DFAFFE708B080BD82B00190019800681C
:107E4000009001990120C1F8D0020199002081F829
:107E5000C802009AB2F8541041F00101A2F854107F
:107E6000009AB2F8541041F00201A2F8541002B086
:107E70007047000080B584B003908DF80B109DF81A
:107E80000B000146019120B1FFE70198012815D0B0
:107E900027E00398407A58B1FFE70CF0ADF94EF6B1
:107EA0001051CEF20001086820F006000860FFE7DC
:107EB0000398D0F8D8020FF0C5F912E00398D0F873
:107EC000D8020FF0A5FA0398407A48B1FFE74EF6C2
:107ED0001051CEF20001086840F006000860FFE78C
:107EE000FFE704B080BD000084B00390ADF80A1035
:107EF000ADF808200193BDF80A00000600280CD553
:107F0000FFE70398BDF80A1001F0070101EB8101BA
:107F100000EBC100103000900AE00398BDF80A1091
:107F200001EB810100EBC10000F5A8700090FFE7B4
:107F3000BDF8080038B9FFE70099002008730198E0
:107F40000099C8800AE000990120087301980099FF
:107F50000881BDF8060000994881FFE7002004B0C1
:107F60007047000080B582B001908DF80310019A2F
:107F7000D2F8D8029DF8031001EB810302EBC30293
:107F8000526A0EF017FF02B080BD000080B582B0CB
:107F900001908DF80310019AD2F8D8029DF80310D1
:107FA00001EB810302EBC302D2F864210EF0A8FFBB
:107FB00002B080BD80B584B002908DF807109DF8A6
:107FC0000700000600280FD5FFE702989DF807106C
:107FD00001F0070101EB810100EBC10010300090BE
:107FE0000099012048700FE002989DF8071001F0F9
:107FF000070101EB810100EBC10000F5A8700090C2
:10800000009900204870FFE79DF8070000F0070086
:1080100000990870FFE7029890F89002012804D1B7
:10802000FFE702208DF80F0014E00299012081F88B
:108030009002FFE7FFE702980068009910F044FA09
:10804000FFE70299002081F89002FFE700208DF8F9
:108050000F00FFE79DF80F0004B080BD80B584B02D
:1080600002908DF807109DF8070000F00F000299AC
:108070000979884204D9FFE701208DF80F004DE00F
:108080009DF80700000600280FD5FFE702989DF82D
:10809000071001F0070101EB810100EBC100103076
:1080A00000900099012048700FE002989DF8071099
:1080B00001F0070101EB810100EBC10000F5A870A0
:1080C0000090009900204870FFE700990020887018
:1080D0009DF8070000F0070000990870FFE702987C
:1080E00090F89002012804D1FFE702208DF80F00DC
:1080F00014E00299012081F89002FFE7FFE702985F
:108100000068009910F0C0FBFFE70299002081F899
:108110009002FFE700208DF80F00FFE79DF80F00A9
:1081200004B080BD80B586B005900491ADF80E20F6
:10813000BDF80E004004002876D5FFE705980068DA
:10814000B0F850000499097800EBC100059909685E
:108150000844B0F802046FF39F20ADF80C000498B7
:108160008069BDF80C10884207D3FFE7BDF80C20EA
:1081700004998869801A886103E004990020886165
:10818000FFE704988069F8B9FFE7FFE70598006802
:108190000499097830F821004BF68F710840ADF84A
:1081A0000A00BDF80A0080F40050ADF80A00BDF8DE
:1081B0000A0048F28001084305990968049A127878
:1081C00021F82200FFE7FFE7BDF80E004006002877
:1081D0001BD5FFE7FFE7FFE70598006804990978DA
:1081E00030F8210048F68F710840ADF80800BDF85E
:1081F000080048F2C001084305990968049A1278FA
:1082000021F82200FFE7FFE7FFE7BDF80C0050B1BF
:10821000FFE705980068049A51691289BDF80C308F
:1082200011F024F9FFE775E005980068B0F85000F8
:108230000499097800EBC100059909680844B0F871
:1082400006046FF39F20ADF80C0004988069BDF818
:108250000C10884207D3FFE7BDF80C200499886909
:10826000801A886103E0049900208861FFE7049880
:108270008069F8B9FFE7FFE7059800680499097875
:1082800030F821004BF68F710840ADF80600BDF8BC
:10829000060080F40050ADF80600BDF8060048F274
:1082A0008001084305990968049A127821F8220090
:1082B000FFE7FFE7BDF80E00400600281BD4FFE7EC
:1082C000FFE7FFE7059800680499097830F8210076
:1082D00048F68F710840ADF80400BDF8040048F27C
:1082E000C001084305990968049A127821F8220010
:1082F000FFE7FFE7FFE7BDF80C0050B1FFE7059887
:108300000068049A51695289BDF80C3011F0AEF83A
:10831000FFE7FFE7BDF80C0006B080BD80B5AAB04E
:1083200028902791ADF89A20BDF89A0040060028C1
:1083300040F1E181FFE728980068B0F850002799E4
:10834000097800EBC100289909680844B0F80204D4
:108350006FF39F20ADF8920027988069BDF89210C6
:10836000884207D9FFE7BDF8922027998869801ACB
:10837000886103E0279900208861FFE727988069DA
:10838000002840F0D780FFE7FFE72798407808BB38
:10839000FFE7FFE728980068239028980068B0F866
:1083A000501023980844239023982799097800EBCC
:1083B000C10000F202402290FFE7229908886FF383
:1083C0009F2008802299088840F400400880FFE739
:1083D000FFE71DE027984078012818D1FFE7FFE765
:1083E00028980068209028980068B0F850102098CD
:1083F0000844209020982799097800EBC10000F2EA
:1084000002401F901F9900200880FFE7FFE7FFE769
:10841000FFE7FFE7289800681E902798407808BB80
:10842000FFE7FFE7289800681C9028980068B0F8DC
:1084300050101C9808441C901C982799097800EB50
:10844000C10000F206401B90FFE71B9908886FF3FC
:108450009F2008801B99088840F400400880FFE7AF
:10846000FFE718E027984078012813D1FFE7289804
:108470000068B0F850101E9808441E901E98279966
:10848000097800EBC10000F206401D901D99002004
:108490000880FFE7FFE7FFE72798C07802281FD191
:1084A000FFE7FFE7289800682799097830F821004E
:1084B00048F6BF710840ADF86600BDF8660080F070
:1084C0002000ADF86600BDF8660048F28001084360
:1084D00028990968279A127821F82200FFE7FFE718
:1084E000289827990978FFF73DFDBDF89A004004C8
:1084F00000281BD5FFE7FFE7FFE7289800682799CA
:10850000097830F8210048F68F710840ADF8640012
:10851000BDF864004CF28001084328990968279A45
:10852000127821F82200FFE7FFE7FFE700208DF82F
:10853000A700E6E2BDF89A00400400281BD5FFE73B
:10854000FFE7FFE7289800682799097830F82100AD
:1085500048F68F710840ADF86200BDF862004CF239
:108560008001084328990968279A127821F8220087
:10857000FFE7FFE7FFE7279890F82400012840F085
:10858000B880FFE7BDF892202799486910444861F8
:10859000BDF892202799C8691044C86127980169DD
:1085A000006A884209D3FFE7279800692590259A39
:1085B0002799086A801A086216E02798006A40B96D
:1085C000FFE7BDF8920025902799002081F824004C
:1085D00009E02799002081F824002799096A25914C
:1085E00027990862FFE7FFE7FFE727984078002810
:1085F00056D1FFE7FFE72898006817902898006891
:10860000B0F85010179808441790179827990978D0
:1086100000EBC10000F202401690FFE716990888AF
:108620006FF39F200880259830B9FFE716990888D6
:1086300040F40040088030E025983E2815D8FFE738
:10864000FFE72598400815909DF89400C00720B1D9
:10865000FFE7159801301590FFE7159A16990888DD
:1086600040EA82200880FFE716E0FFE725984009EE
:1086700015909DF89400C00620B9FFE715980138C1
:108680001590FFE7159A1699088840EA822040F471
:1086900000400880FFE7FFE7FFE7FFE7FFE71DE097
:1086A00027984078012818D1FFE7FFE7289800684D
:1086B000149028980068B0F850101498084414904A
:1086C00014982799097800EBC10000F2024013903A
:1086D000259813990880FFE7FFE7FFE7FFE7289851
:1086E0000068279A51691289BDF8943010F034FF60
:1086F000FFE7FFE7DDE128980068B0F85000279910
:10870000097800EBC100289909680844B0F806040C
:108710006FF39F20ADF8920027988069BDF8921002
:10872000884207D3FFE7BDF8922027998869801A0D
:10873000886103E0279900208861FFE72798806916
:10874000002840F0D780FFE7FFE72798407808BB74
:10875000FFE7FFE728980068129028980068B0F8B3
:10876000501012980844129012982799097800EB3B
:10877000C10000F202401190FFE7119908886FF3E1
:108780009F2008801199088840F400400880FFE786
:10879000FFE71DE027984078012818D1FFE7FFE7A1
:1087A000289800680F9028980068B0F850100F982B
:1087B00008440F900F982799097800EBC10000F248
:1087C00002400E900E9900200880FFE7FFE7FFE7C8
:1087D000FFE7FFE7289800680D902798407808BBCE
:1087E000FFE7FFE7289800680B9028980068B0F82A
:1087F00050100B9808440B900B982799097800EBC0
:10880000C10000F206400A90FFE70A9908886FF35A
:108810009F2008800A99088840F400400880FFE7FC
:10882000FFE718E027984078012813D1FFE7289840
:108830000068B0F850100D9808440D900D982799D5
:10884000097800EBC10000F206400C900C99002062
:108850000880FFE7FFE7FFE72798C07802281FD1CD
:10886000FFE7FFE7289800682799097830F821008A
:1088700048F6BF710840ADF82200BDF8220080F034
:108880002000ADF82200BDF8220048F28001084324
:1088900028990968279A127821F82200FFE7FFE754
:1088A000289827990978FFF75DFBBDF89A004004E6
:1088B00000281BD4FFE7FFE7FFE728980068279907
:1088C000097830F8210048F68F710840ADF8200093
:1088D000BDF820004CF28001084328990968279AC6
:1088E000127821F82200FFE7FFE7FFE700208DF86C
:1088F000A70006E1BDF89A00400400281BD4FFE75A
:10890000FFE7FFE7289800682799097830F82100E9
:1089100048F68F710840ADF81E00BDF81E004CF2FD
:108920008001084328990968279A127821F82200C3
:10893000FFE7FFE7FFE7279890F82400012840F0C1
:10894000B680FFE7BDF89220279948691044486136
:10895000BDF892202799C8691044C8612798016919
:10896000006A884209D3FFE7279800692590259A75
:108970002799086A801A086216E02798006A40B9A9
:10898000FFE7BDF8920025902799002081F8240088
:1089900009E02798006A2590279900200862279906
:1089A00081F82400FFE7FFE7FFE7289800680690BA
:1089B00027984078002856D1FFE7FFE728980068FD
:1089C000049028980068B0F8501004980844049067
:1089D00004982799097800EBC10000F20640039043
:1089E000FFE7039908886FF39F200880259830B926
:1089F000FFE70399088840F40040088030E025989C
:108A00003E2815D8FFE7FFE72598400802909DF81B
:108A10009400C00720B1FFE7029801300290FFE701
:108A2000029A0399088840EA82200880FFE716E04E
:108A3000FFE72598400902909DF89400C00620B9F0
:108A4000FFE7029801380290FFE7029A039908882D
:108A500040EA822040F400400880FFE7FFE7FFE79C
:108A6000FFE7FFE718E027984078012813D1FFE7D8
:108A700028980068B0F850100698084406900698A8
:108A80002799097800EBC10000F20640059025986F
:108A900005990880FFE7FFE7FFE728980068279A15
:108AA00051695289BDF8943010F056FDFFE7FFE799
:108AB000FFE7FFE7289800682799097830F8210038
:108AC00048F6BF710840ADF80600BDF8060080F01A
:108AD0001000ADF80600BDF8060080F02000ADF8EB
:108AE0000600BDF8060048F280010843289909688D
:108AF000279A127821F82200FFE700208DF8A700BE
:108B0000FFE79DF8A7002AB080BD000082B0019069
:108B10008DF8031001989DF8031001F0070101EB97
:108B2000810100EBC100D0F86C0102B07047000079
:108B300080B586B004908DF80F10ADF80C208DF83C
:108B40000B3000208DF80A009DF80F000006002869
:108B50000FD5FFE704989DF80F1001F0070101EB16
:108B6000810100EBC1001030019001990120487093
:108B70000FE004989DF80F1001F0070101EB81014F
:108B800000EBC10000F5A870019001990020487029
:108B9000FFE79DF80F0000F0070001990870BDF88D
:108BA0000C006FF3DF20019908619DF80B0001991B
:108BB000C8709DF80B00022804D1FFE7019900203E
:108BC0000871FFE7FFE7049890F89002012804D1AC
:108BD000FFE702208DF8170015E00499012081F8C5
:108BE0009002FFE7FFE70498006801990FF028F86A
:108BF000FFE70499002081F89002FFE79DF80A0042
:108C00008DF81700FFE79DF8170006B080BD000043
:108C100080B586B005908DF81310039202930598E5
:108C20009DF8131001F0070101EB810100EBC10079
:108C300000F5A87001900398019948610298019984
:108C40008861019900200090C861019948709DF8E1
:108C5000130000F007000199087005980068019959
:108C60000FF0F4FE009806B080BD000080B584B01F
:108C700002908DF807109DF8070000F00700029998
:108C80000979884204D9FFE701208DF80F004BE0F5
:108C90009DF80700000600280FD5FFE702989DF811
:108CA000071001F0070101EB810100EBC10010305A
:108CB00000900099012048700DE002989DF807107F
:108CC00001EB810100EBC10000F5A8700090009954
:108CD00000204870FFE70099012088709DF8070088
:108CE00000F0070000990870FFE7029890F89002E2
:108CF000012804D1FFE702208DF80F0014E002994B
:108D0000012081F89002FFE7FFE7029800680099D0
:108D10000FF058FEFFE70299002081F89002FFE76C
:108D200000208DF80F00FFE79DF80F0004B080BD14
:108D300080B586B005908DF81310039202930598C4
:108D40009DF8131001F0070101EB810100EBC10058
:108D50001030019003980199486102980199886147
:108D60000199012081F824000299019A1162019A67
:108D700000210091D161019948709DF8130000F025
:108D80000700019908700598006801990FF05EFED0
:108D9000009806B080BD000080B582B001900198B7
:108DA000006810F059FB00909DF8010000060028B3
:108DB00004D5FFE7019808F0A1FFDFE09DF801006E
:108DC0004007002810D5FFE701980168B1F844007A
:108DD00020F48060A1F84400019800F0D3F90198D4
:108DE000002100F00FFAC9E09DF8010040060028BC
:108DF00009D5FFE701980168B1F8440020F48040EC
:108E0000A1F84400BAE09DF801008006002809D5C9
:108E1000FFE701980168B1F8440020F40050A1F880
:108E20004400ABE09DF80100C00600282AD5FFE70A
:108E300001980168B1F8400020F00400A1F840005A
:108E400001980168B1F8400020F00800A1F8400046
:108E5000019890F8C802012808D1FFE70198002185
:108E600080F8C8120198FFF705F8FFE7019800F0B5
:108E7000A5F901980168B1F8440020F48050A1F8E8
:108E800044007BE09DF80100000700281CD5FFE7A7
:108E900001980168B1F8400040F00800A1F84000D6
:108EA00001980168B1F8440020F40060A1F8440082
:108EB00001980168B1F8400040F00400A1F84000BA
:108EC000019800F003FA59E09DF800000006002820
:108ED00034D5FFE701980168B1F8440020F0800024
:108EE000A1F84400019890F8C80210BBFFE7019870
:108EF0000168B1F8400040F00400A1F8400001987A
:108F00000168B1F8400040F00800A1F84000019865
:108F1000012180F8C81201980068B0F8540000F0F0
:108F2000F0008008019AC2F8CC020198FEF7A2FF77
:108F300003E0019800F0CAF9FFE71FE09DF8010087
:108F4000800700280CD5FFE701980168B1F84400BC
:108F500020F40070A1F84400019800F049F90DE0F8
:108F60009DF80100C00748B1FFE701980168B1F81A
:108F7000440020F48070A1F84400FFE702B080BDF7
:108F800080B584B00290029820B9FFE701208DF8E7
:108F90000F00BBE0029890F8910240B9FFE70299F8
:108FA000002081F89002029800F0B4F8FFE70299DF
:108FB000032081F89102029800680FF055FC002010
:108FC0008DF80700FFE79DF80700029909798842AC
:108FD00039DAFFE702989DF8071001EB810100EBF9
:108FE000C101012048749DF80700029900EB80023E
:108FF00001EBC201087402989DF8071001EB810192
:1090000000EBC1010020C87402999DF8072002EB13
:10901000820201EBC201086202999DF8072002EB6F
:10902000820201EBC201486202999DF8072002EB1F
:10903000820201EBC2018862FFE79DF80700013060
:109040008DF80700BFE700208DF80700FFE79DF8C7
:1090500007000299097988423EDAFFE702989DF8F5
:10906000071001EB810100EBC101002081F85101E3
:109070009DF80710029A01EB810302EBC30282F80C
:10908000501102999DF8072002EB820201EBC20108
:1090900081F8530102999DF8072002EB820201EB4F
:1090A000C201C1F8600102999DF8072002EB82021B
:1090B00001EBC201C1F8640102999DF8072002EB9F
:1090C000820201EBC201C1F86801FFE79DF80700C9
:1090D00001308DF80700BAE7029A1068516892686B
:1090E0000FF0AEFB0299002008730299012081F86D
:1090F00091020298807A012804D1FFE70298FEF7D6
:109100009BFEFFE700208DF80F00FFE79DF80F00A2
:1091100004B080BD80B598B0179002A85421F7F72D
:10912000C1F81798006845F60041C4F20001884272
:1091300026D1FFE74FF4005002900020119002A8C2
:1091400000F0C0F918B1FFE7F9F77AFEFFE7FFE793
:1091500041F25800C4F20200016841F400010160CC
:10916000006800F4000001900198FFE714200090CF
:1091700005210022FEF712FD0098FEF705FDFFE72E
:1091800018B080BD80B582B0019001208DF8030039
:1091900001984079022803D0FFE7F9F751FEFFE775
:1091A0000198D0F8D8029DF803100EF085F80198C8
:1091B000D0F8D8020DF0F6FF02B080BD80B582B0C5
:1091C00001900198407A58B1FFE74EF61051CEF267
:1091D0000001086820F0060008600BF00DF8FFE7BA
:1091E0000198D0F8D8020EF02DF802B080BD000032
:1091F00080B582B001900198D0F8D8020EF034F812
:1092000002B080BD80B584B002908DF80710FFE7F2
:10921000029890F89002012804D1FFE702208DF80F
:109220000F0019E00299012081F89002FFE7FFE7A3
:109230009DF8070002990873029800689DF80710CE
:1092400010F07AF9FFE70299002081F89002FFE719
:1092500000208DF80F00FFE79DF80F0004B080BDDF
:1092600080B582B001900199D1F8D80201F526713C
:109270000EF04CF802B080BD80B582B00090FFE7E0
:10928000009890F89002012804D1FFE702208DF8A1
:10929000070017E00099012081F89002FFE7FFE73F
:1092A0000098006810F0C0F8009800680FF0BCFA51
:1092B000FFE70099002081F89002FFE700208DF879
:1092C0000700FFE79DF8070002B080BD80B582B0BF
:1092D00001900198D0F8D8020EF09AF80198407ADF
:1092E00048B1FFE74EF61051CEF20001086840F099
:1092F00006000860FFE702B080BD000085B0039063
:10930000039800285ED1FFE747F20000C4F2000096
:10931000006800F4C060B0F5806F49D1FFE747F204
:109320008001C4F20001086820F48070086047F2F0
:109330000002C4F200021168012060F34A211160AA
:1093400040F2FC11C2F200010968322251434DF68D
:109350008362C4F21B32A1FB022100EB9140029018
:10936000FFE747F21400C4F200000168002049053D
:109370000029019006D5FFE70298002818BF0120B8
:109380000190FFE70198C00720B1FFE7029801387C
:109390000290E6E747F21400C4F2000000684005BE
:1093A000002804D5FFE703208DF813007CE008E0D7
:1093B00047F28001C4F20001086820F48070086060
:1093C000FFE76DE00398B0F5007F5ED1FFE747F25D
:1093D0000000C4F20000006800F4C060B0F5806FC7
:1093E00049D1FFE747F28001C4F20001086840F468
:1093F0008070086047F20002C4F200021168012088
:1094000060F34A21116040F2FC11C2F200010968C8
:10941000322251434DF68362C4F21B32A1FB02217A
:1094200000EB91400290FFE747F21400C4F2000005
:109430000168002049050029009006D5FFE7029841
:10944000002818BF01200090FFE70098C00720B156
:10945000FFE7029801380290E6E747F21400C4F2F1
:10946000000000684005002804D5FFE703208DF8C0
:10947000130019E008E047F28001C4F20001086817
:1094800040F480700860FFE709E047F20001C4F291
:1094900000010868022262F34A200860FFE7FFE744
:1094A00000208DF81300FFE79DF8130005B070470A
:1094B00047F20801C4F20001086840F480400860E7
:1094C0007047000080B586B0059000208DF80B0035
:1094D0008DF80A00059880780007002840F1B580D3
:1094E000FFE700208DF8090041F25800C4F20200A5
:1094F0000068C000002813D4FFE7FFE741F25800DE
:10950000C4F20200016841F080510160006800F07F
:10951000805001900198FFE701208DF80900FFE7D6
:1095200047F20001C4F20001086840F4807008604E
:10953000FEF7EEF80390FFE747F20000C4F20000E8
:109540000068C00500280CD4FFE7FEF7E1F8039996
:10955000401A032804D3FFE703208DF80B0000E036
:10956000EAE79DF80B0000285BD1FFE741F290008D
:10957000C4F20200006800F4407004900498C8B17E
:10958000FFE704980599096D884213D0FFE741F27F
:109590009001C4F20201086820F440700490086849
:1095A00040F480300860086820F480300860049837
:1095B0000860FFE79DF81000C007E0B1FFE7FEF785
:1095C000A7F80390FFE741F29000C4F202000068A0
:1095D000800700280ED4FFE7FEF79AF80399401A97
:1095E00041F28931884204D3FFE703208DF80B0054
:1095F00000E0E8E7FFE79DF80B0060B9FFE741F204
:109600009001C4F20201086820F44070059A126DBE
:109610001043086004E09DF80B008DF80A00FFE796
:1096200004E09DF80B008DF80A00FFE79DF80900A3
:10963000012809D1FFE741F25801C4F2020108688C
:1096400020F080500860FFE7FFE705980078C0072A
:1096500060B1FFE741F28801C4F20201086820F01E
:109660000300059A526810430860FFE705980078E8
:10967000800700280CD5FFE741F28801C4F20201FF
:10968000086820F00C00059A926810430860FFE714
:1096900005980078400700280CD5FFE741F28801C3
:1096A000C4F20201086820F03000059AD268104325
:1096B0000860FFE705980078000700280CD5FFE751
:1096C00041F28801C4F20201086820F0C000059A46
:1096D000126910430860FFE705980078C00600286B
:1096E0000CD5FFE741F28801C4F20201086820F4BA
:1096F0004070059A526910430860FFE705980078AA
:10970000800600280CD5FFE741F28801C4F202016F
:10971000086820F44060059A926910430860FFE7EA
:1097200005980078400600280CD5FFE741F2880133
:10973000C4F20201086820F44050059AD26910432F
:109740000860FFE705980078000600280CD5FFE7C1
:1097500041F28801C4F20201086820F44040059AF1
:10976000126A10430860FFE705984078C00760B1AF
:10977000FFE741F28801C4F20201086820F440309A
:10978000059A526A10430860FFE7059880788007C1
:1097900000280CD5FFE741F29C01C4F202010868E1
:1097A00020F00300059A926A10430860FFE70598CD
:1097B0004078800700280CD5FFE741F28801C4F209
:1097C0000201086820F44020059AD26A104308601C
:1097D000FFE705984078400700281BD5FFE741F2D6
:1097E0008801C4F20201086820F44010059A126B47
:1097F000104308600598006BB0F5801F09D1FFE7A2
:1098000041F20C01C4F20201086840F480100860C3
:10981000FFE7FFE705984078000700281BD5FFE722
:1098200041F28801C4F20201086820F44000059A60
:10983000526B104308600598406BB0F5800F09D15A
:10984000FFE741F20C01C4F20201086840F4801005
:109850000860FFE7FFE705984078C00600281BD5A1
:10986000FFE741F28801C4F20201086820F040706D
:10987000059A926B104308600598806BB0F1807F69
:1098800009D1FFE741F20C01C4F20201086840F47B
:1098900080100860FFE7FFE7059840788006002801
:1098A0001BD5FFE741F28801C4F20201086820F0ED
:1098B0004060059AD26B104308600598C06BB0F108
:1098C000006F09D1FFE741F20C01C4F20201086800
:1098D00040F480100860FFE7FFE7059840784006F5
:1098E00000281BD5FFE741F28801C4F20201086895
:1098F00020F04060059A126C104308600598006CD7
:10990000B0F1006F09D1FFE741F20C01C4F202018E
:10991000086840F480100860FFE7FFE7059840788A
:10992000000600281BD5FFE741F28801C4F20201BE
:10993000086820F04050059A526C10430860059862
:10994000406CB0F1805F09D1FFE741F20C01C4F235
:109950000201086840F480300860FFE7FFE70598DF
:109960008078C007D8B1FFE741F28801C4F2020154
:10997000086820F04040059A926C104308600598F2
:10998000806CB0F1804F09D1FFE741F20C01C4F2C5
:109990000201086840F480300860FFE7FFE705989F
:1099A0008078400700281BD5FFE741F29C01C4F2F4
:1099B0000201086820F44010059AD26C1043086038
:1099C0000598C06CB0F5001F09D1FFE741F20C010A
:1099D000C4F20201086840F480100860FFE7FFE766
:1099E0009DF80A0006B080BD80B586B00490039152
:1099F00000200090049820B9FFE701208DF817009F
:109A000081E1039842F20001C4F20201096801F009
:109A10000F01884216D9FFE742F20000C4F20200AB
:109A2000016821F00F01039A11430160006800F002
:109A30000F000399884204D0FFE701208DF817003A
:109A400061E1FFE704980078C007002800F0A380D8
:109A5000FFE704984068032839D1FFE741F200008E
:109A6000C4F2020000688001002804D4FFE701204E
:109A70008DF8170047E108F09DFD019001984BF229
:109A80000141C0F2C441884220D3FFE741F20800FF
:109A9000C4F20200006810F0F00F0AD0FFE704984B
:109AA00000788007002810D5FFE70498806860B927
:109AB000FFE741F20801C4F202010868082262F3DC
:109AC0000710086080200090FFE7FFE738E0049867
:109AD000406802280ED1FFE741F20000C4F2020004
:109AE00000688003002804D4FFE701208DF81700E8
:109AF00009E10DE041F20000C4F2020000684005F7
:109B0000002804D4FFE701208DF81700FBE0FFE7F1
:109B100000F056F9019001984BF20141C0F2C441A6
:109B200088420CD3FFE741F20801C4F20201086841
:109B3000082262F30710086080200090FFE7FFE72B
:109B400041F20801C4F20201086820F00300049AFF
:109B5000526810430860FDF7DBFD0290FFE741F219
:109B60000800C4F20200006800F00C000499496883
:109B7000B0EB810F0ED0FFE7FDF7CAFD0299401A46
:109B800041F28931884204D3FFE703208DF81700A2
:109B9000B9E0E4E7FFE704980078800700282CD5B7
:109BA000FFE7049800784007002809D5FFE741F255
:109BB0000801C4F20201086840F4E0600860FFE7B1
:109BC00004980078000700280BD5FFE741F2080150
:109BD000C4F20201086840F4E06020F460500860BC
:109BE000FFE741F20801C4F20201086820F0F0002A
:109BF000049A9268104308600DE00098802809D10B
:109C0000FFE741F20801C4F20201086820F0F00009
:109C10000860FFE7FFE7039842F20001C4F2020187
:109C2000096801F00F01884228D2FFE742F20001E3
:109C3000C4F20201086820F00F00039A1043086084
:109C4000FDF766FD0290FFE742F20000C4F2020059
:109C5000006800F00F00039988420ED0FFE7FDF77F
:109C600057FD0299401A41F28931884204D3FFE737
:109C700003208DF8170046E0E6E7FFE70498007838
:109C8000400700280CD5FFE741F20801C4F20201A9
:109C9000086820F4E060049AD26810430860FFE787
:109CA00004980078000700280DD5FFE741F208016D
:109CB000C4F20201086820F46050049A126940EA74
:109CC000C2000860FFE700F07BF841F20801C4F22F
:109CD00002010968C9B20A094CF20061C0F601012B
:109CE000895C01F01F01C84040F2FC11C2F2000182
:109CF000086040F25440C2F200000068FDF7B0FE78
:109D00008DF81700FFE79DF8170006B080BD000032
:109D100082B00190009101990F20086041F2080083
:109D2000C4F20200016801F00301019A5160016868
:109D300001F0F001019A9160016801F4E061019A7B
:109D4000D160006800F46050C0080199086142F2D7
:109D50000000C4F20200006800F00F0000990860E3
:109D600002B0704740F2FC10C2F200000068704779
:109D700080B5FFF7F7FF41F20801C4F2020109685C
:109D8000C1F302224CF21061C0F60101895C01F0BE
:109D90001F01C84080BD000080B5FFF7E3FF41F21E
:109DA0000801C4F202010968C1F3C2224CF2106139
:109DB000C0F60101895C01F01F01C84080BD0000B0
:109DC00086B041F20800C4F20200006800F00C0006
:109DD000042806D1FFE742F20040C0F2F4000190EF
:109DE00069E041F20800C4F20200006800F00C00D3
:109DF000082806D1FFE741F60030C0F2B700019015
:109E000058E041F20800C4F20200006800F00C00C3
:109E10000C284BD1FFE741F20C00C4F202000168AC
:109E200001F0030104910068C1B2012000EB1110A0
:109E3000029004980090022815D0FFE700980328AC
:109E400012D1FFE7029941F60030C0F2B700B0FB33
:109E5000F1F041F20C01C4F202010968C1F30621DC
:109E60004843059011E0FFE7029942F20040C0F23A
:109E7000F400B0FBF1F041F20C01C4F202010968F8
:109E8000C1F3062148430590FFE741F20C00C4F2FC
:109E90000200006800F0C061022000EB1160039036
:109EA00005980399B0FBF1F0019002E000200190C9
:109EB000FFE7FFE7FFE7019806B07047B0B588B04D
:109EC0000690069820B9FFE701208DF81F00CCE32B
:109ED00006980078C007002800F09B80FFE741F259
:109EE0000800C4F20200006800F00C00049041F287
:109EF0000C00C4F20200006800F003000390049814
:109F00000C2804D1FFE70398032804D0FFE7049846
:109F1000082812D1FFE741F20000C4F202000068F5
:109F20008003002808D5FFE70698406820B9FFE7BE
:109F300001208DF81F0098E36AE0FFE7069840686B
:109F4000B0F5803F09D1FFE741F20001C4F2020100
:109F5000086840F48030086020E006984068B0F55A
:109F6000A02F0DD1FFE741F20001C4F20201086801
:109F700040F480200860086840F4803008600CE0FD
:109F800041F20001C4F20201086820F48030086048
:109F9000086820F480200860FFE7FFE7FFE70698E5
:109FA0004068D0B1FFE7FDF7B3FB0590FFE741F252
:109FB0000000C4F202000068800300280CD4FFE710
:109FC000FDF7A6FB0599401A652804D3FFE7032097
:109FD0008DF81F0049E3EAE719E0FDF799FB0590CA
:109FE000FFE741F20000C4F202000068800300288D
:109FF0000CD5FFE7FDF78CFB0599401A652804D3C3
:10A00000FFE703208DF81F002FE3EAE7FFE7FFE7F4
:10A01000FFE7069800788007002840F19F80FFE75F
:10A0200041F20800C4F20200006800F00C00049045
:10A0300041F20C00C4F20200006800F0030003903B
:10A0400004980C2804D1FFE70398022804D0FFE706
:10A05000049804282CD1FFE741F20000C4F202006A
:10A0600000684005002808D5FFE70698C06820B9B9
:10A07000FFE701208DF81F00F7E241F20401C4F26E
:10A080000201086820F0FE40069A126940EA026068
:10A09000086040F25440C2F200000068FDF7E0FCA6
:10A0A00020B1FFE701208DF81F00DEE2FFE754E05A
:10A0B0000698C06870B3FFE741F20001C4F20201E4
:10A0C000086840F480700860FDF722FB0590FFE708
:10A0D00041F20000C4F202000068400500280CD4E0
:10A0E000FFE7FDF715FB0599401A032804D3FFE7A6
:10A0F00003208DF81F00B8E2EAE741F20401C4F240
:10A100000201086820F0FE40069A126940EA0260E7
:10A11000086021E041F20001C4F20201086820F465
:10A1200080700860FDF7F4FA0590FFE741F2000047
:10A13000C4F202000068400500280CD5FFE7FDF7D7
:10A14000E7FA0599401A032804D3FFE703208DF8A6
:10A150001F008AE2EAE7FFE7FFE7FFE706980078DB
:10A160000007002849D5FFE70698406910B3FFE7CC
:10A1700041F29401C4F20201086840F00100086055
:10A18000FDF7C6FA0590FFE741F29400C4F2020021
:10A190000068800700280CD4FFE7FDF7B9FA05999D
:10A1A000401A032804D3FFE703208DF81F005CE268
:10A1B000EAE721E041F29401C4F20201086820F0CC
:10A1C00001000860FDF7A4FA0590FFE741F2940052
:10A1D000C4F202000068800700280CD5FFE7FDF7F5
:10A1E00097FA0599401A032804D3FFE703208DF856
:10A1F0001F003AE2EAE7FFE7FFE70698007840072A
:10A20000002840F1C680FFE700208DF80B0041F2E6
:10A210005800C4F202000068C000002813D4FFE711
:10A22000FFE741F25800C4F20200016841F080519A
:10A230000160006800F0805001900198FFE7012064
:10A240008DF80B00FFE747F20000C4F20000006841
:10A25000C005002822D4FFE747F20001C4F2000144
:10A26000086840F480700860FDF752FA0590FFE737
:10A2700047F20000C4F200000068C00500280CD4BA
:10A28000FFE7FDF745FA0599401A032804D3FFE7D5
:10A2900003208DF81F00E8E1EAE7FFE7FFE70698F3
:10A2A0008068012809D1FFE741F29001C4F2020160
:10A2B000086840F0010008601FE0069880680528E3
:10A2C0000DD1FFE741F29001C4F20201086840F0AD
:10A2D00004000860086840F0010008600CE041F2EA
:10A2E0009001C4F20201086820F0010008600868CB
:10A2F00020F004000860FFE7FFE7FFE706988068AA
:10A30000E0B1FFE7FDF704FA0590FFE741F29000A6
:10A31000C4F202000068800700280ED4FFE7FDF7B2
:10A32000F7F90599401A41F28931884204D3FFE7D1
:10A3300003208DF81F0098E1E8E71BE0FDF7E8F93E
:10A340000590FFE741F29000C4F202000068800728
:10A3500000280ED5FFE7FDF7DBF90599401A41F219
:10A360008931884204D3FFE703208DF81F007CE188
:10A37000E8E7FFE79DF80B00012809D1FFE741F26C
:10A380005801C4F20201086820F080500860FFE71D
:10A39000FFE7069800788006002849D5FFE7069871
:10A3A000806910B3FFE741F29801C4F20201086826
:10A3B00040F001000860FDF7ABF90590FFE741F2BE
:10A3C0009800C4F202000068800700280CD4FFE760
:10A3D000FDF79EF90599401A032804D3FFE70320EF
:10A3E0008DF81F0041E1EAE721E041F29801C4F253
:10A3F0000201086820F001000860FDF789F9059066
:10A40000FFE741F29800C4F20200006880070028CC
:10A410000CD5FFE7FDF77CF90599401A032804D312
:10A42000FFE703208DF81F001FE1EAE7FFE7FFE7E2
:10A430000698C069002800F01481FFE741F2080087
:10A44000C4F20200006800F00C000C2800F0B0809C
:10A45000FFE70698C06902287CD1FFE741F20001BE
:10A46000C4F20201086820F080700860FDF750F91E
:10A470000590FFE741F20000C4F20200006880018D
:10A4800000280CD5FFE7FDF743F90599401A03288A
:10A4900004D3FFE703208DF81F00E6E0EAE741F26E
:10A4A0000C01C4F20201086848F20C02C0F29F12CB
:10A4B0001040DDF818C0DCF82020DCF82450DCF86F
:10A4C00028E0DCF82C306FF00F0404EB0514224375
:10A4D00042EA0E22DCF8304040F2000ECFF6E07E79
:10A4E0000EEA045EAEF5001E42EA0E02DCF834E02D
:10A4F0004FF07E4C0CEA0E6C0CF17E4C42EA0C02E2
:10A5000042EAC3621043086041F20002C4F2020250
:10A51000106840F080701060086840F0807008603B
:10A52000FDF7F6F80590FFE741F20000C4F20200E3
:10A530000068800100280CD4FFE7FDF7E9F80599D1
:10A54000401A032804D3FFE703208DF81F008CE096
:10A55000EAE72CE041F20001C4F20201086820F0B1
:10A5600080700860FDF7D4F80590FFE741F2000025
:10A57000C4F202000068800100280CD5FFE7FDF757
:10A58000C7F80599401A032804D3FFE703208DF884
:10A590001F006AE0EAE741F20C01C4F20201086818
:10A5A0004FF6FC72CFF6EE6210400860FFE757E00E
:10A5B0000698C069012804D1FFE701208DF81F002B
:10A5C00053E041F20C00C4F20200006803900398CB
:10A5D00000F003000699096A88423BD1FFE703981F
:10A5E00000F0F00006994A6A6FF00F0101EB0211CA
:10A5F00088422FD1FFE7039800F4FE400699896A4C
:10A60000B0EB012F26D1FFE7039800F078400699C0
:10A61000C96AB0EBC16F1DD1FFE7039800F4C00019
:10A6200006990A6B0021CFF6E07101EA0251A1F50B
:10A63000001188420ED1FFE7039800F0C060069930
:10A640004A6B4FF07E4101EA026101F17E4188428E
:10A6500004D0FFE701208DF81F0006E0FFE7FFE7C9
:10A66000FFE700208DF81F00FFE79DF81F0008B0EE
:10A67000B0BD000080B586B00490039102920193B2
:10A68000049820B9FFE701208DF8170056E00498E0
:10A69000D0F8880040B9FFE70499002081F88400D1
:10A6A000049802F011FBFFE704992420C1F8880008
:10A6B00004980168086820F0010008600498806A26
:10A6C00020B1FFE704980AF071FCFFE704980AF054
:10A6D0003DFF012804D1FFE701208DF817002DE090
:10A6E00004980168886840F4804088600498006895
:10A6F000806820F400400399084304990968886041
:10A700000298400500900199009840EA01400090AD
:10A710000498006800686FF3194000990843049991
:10A720000968086004980168086840F00100086042
:10A7300004980AF0DFFC8DF81700FFE79DF817007A
:10A7400006B080BD80B584B00290029820B9FFE7C2
:10A7500001208DF80F0099E00298406A60B9FFE788
:10A7600002984068B0F5827F01D1FFE703E00299CB
:10A770000020C861FFE705E0029900200861029906
:10A780004861FFE7029900208862029890F85D0016
:10A7900040B9FFE70299002081F85C00029800F0C0
:10A7A00079F8FFE70299022081F85D0002980168BC
:10A7B000086820F0400008600298C068B0F5E06FBB
:10A7C00003D9FFE70020019003E04FF4805001908F
:10A7D000FFE70298C068B0F5706F0AD0FFE70298F3
:10A7E000C068B0F5E06F04D0FFE7029900208862EE
:10A7F000FFE7029A009211685068D2F808C0136906
:10A8000000F482700CF4044C604403F0020318441A
:10A81000536903F001031844936903F40073184467
:10A82000D36903F038031844136A03F08003184413
:10A83000926A02F4005210430860029B1968DA68B9
:10A84000D3F818E0D3F824C0042000EA1E400CF02E
:10A85000100C60445B6B03F00803184402F4706250
:10A860001044019A02F48052104448600298016832
:10A87000C86920F40060C861029900200866029A45
:10A88000012182F85D108DF80F00FFE79DF80F00A1
:10A8900004B080BD80B58AB0099000200890079070
:10A8A0000690059004900998006843F60001C4F2F0
:10A8B0000001884230D1FFE7FFE741F25800C4F2BF
:10A8C0000200016841F480410160006800F48040AA
:10A8D00003900398FFE7FFE741F24C00C4F2020047
:10A8E000016841F002010160006800F0020002907E
:10A8F0000298FFE74FF4604004900220059000208A
:10A90000069007900520089040F20040C4F6000031
:10A9100004A9FCF71BFD39E00998006843F60041E3
:10A92000C4F20101884230D1FFE7FFE741F2600045
:10A93000C4F20200016841F400410160006800F4C3
:10A94000004001900198FFE7FFE741F24C00C4F29C
:10A950000200016841F010010160006800F0100081
:10A9600000900098FFE764200490022005900020EA
:10A970000690032007900520089041F20000C4F6DD
:10A98000000004A9FCF7E2FCFFE7FFE70AB080BD86
:10A9900080B58CB0DDF838C00A9009910892ADF806
:10A9A0001E3001200290FCF7B3FE03900A9890F845
:10A9B0005D008DF813000A9840680590BDF81E00F0
:10A9C000ADF81C00BDF81E00ADF81A009DF813008C
:10A9D000012812D0FFE70598B0F5827F09D1FFE783
:10A9E0000A98806828B9FFE79DF81300042804D06E
:10A9F000FFE702208DF82F00FAE1099838B1FFE750
:10AA0000089820B1FFE7BDF81E0020B9FFE701203C
:10AA10008DF82F00ECE1FFE70A9890F85C00012820
:10AA200004D1FFE702208DF82F00E1E10A9901200F
:10AA300081F85C00FFE7FFE70A9890F85D000428C2
:10AA400005D0FFE70A99052081F85D00FFE70A9924
:10AA50000020086608990A9A1164BDF81E100A9A27
:10AA6000A2F84610BDF81E100A9AA2F844100999DF
:10AA70000A9A9163BDF81E100A9AD187BDF81E107C
:10AA80000A9A91870A99C8640A9908650A98C06861
:10AA9000B0F5E06F05D8FFE7BDF81A00022807D32C
:10AAA000FFE70A980168486820F48050486006E093
:10AAB0000A980168486840F480504860FFE70A98A7
:10AAC0000068006800F04000402807D0FFE70A98BF
:10AAD0000168086840F040000860FFE70A98C06815
:10AAE000B0F5E06F40F28580FFE70A98406828B132
:10AAF000FFE7BDF81C0001280ED1FFE70A980168A6
:10AB0000806B0088C8600A99886B023088630A9954
:10AB1000C88F0138C887FFE7FFE70A98C18F012077
:10AB2000019041B9FFE70A98B0F84600002818BF25
:10AB300001200190FFE70198C007002858D0FFE7E7
:10AB40000A98006880688007002818D5FFE70A98EF
:10AB5000C08FA0B1FFE70298012810D1FFE70A9843
:10AB60000168806B0088C8600A99886B023088632E
:10AB70000A99C88F0138C88700200290FFE70A9819
:10AB800000688068C007C0B1FFE70A98B0F84600C7
:10AB900098B1FFE70A980068C0680A99096C0880B4
:10ABA0000A99086C023008640A99B1F84600013825
:10ABB000A1F8460001200290FFE7FCF7A9FD0399E8
:10ABC000401A0E99884212D3FFE70E98013070B1F7
:10ABD000FFE70A99012081F85D00FFE70A9900204C
:10ABE00081F85C00FFE703208DF82F0000E194E777
:10ABF000D4E00A98406828B1FFE7BDF81C0001289E
:10AC000022D1FFE70A98C08F02280ED3FFE70A98E7
:10AC10000168806B0088C8600A99886B023088637D
:10AC20000A99C88F0238C8870DE00A980168806BBE
:10AC3000007808730A99886B013088630A99C88F75
:10AC40000138C887FFE7FFE7FFE70A98C18F0120B7
:10AC5000009041B9FFE70A98B0F84600002818BFF5
:10AC600001200090FFE70098C007002800F09580C1
:10AC7000FFE70A9800688068800700282CD5FFE766
:10AC80000A98C08F40B3FFE70298012824D1FFE75C
:10AC90000A98C08F02280ED3FFE70A980168806BDC
:10ACA0000088C8600A99886B023088630A99C88F47
:10ACB0000238C8870DE00A980168806B0078087335
:10ACC0000A99886B013088630A99C88F0138C88750
:10ACD000FFE700200290FFE70A9800688068C0073D
:10ACE000E8B3FFE70A98B0F84600C0B3FFE70A9858
:10ACF000B0F8460002281ED3FFE70A980068C06833
:10AD00000A99096C08800A99086C023008640A994B
:10AD1000B1F846000238A1F846000A98B0F846009B
:10AD2000012807D8FFE70A980168486840F4805076
:10AD30004860FFE710E00A980068007B0A99096CF8
:10AD400008700A99086C013008640A99B1F8460045
:10AD50000138A1F84600FFE701200290FFE7FCF769
:10AD6000D7FC0399401A0E99884204D3FFE70E9846
:10AD7000013018B9FFE70E9870B9FFE70A99012072
:10AD800081F85D00FFE70A99002081F85C00FFE789
:10AD900003208DF82F002BE057E7FFE70A980E9964
:10ADA000039A08F087FD68B1FFE70A99202008663A
:10ADB000FFE70A99002081F85C00FFE701208DF889
:10ADC0002F0015E00A99012081F85D00FFE70A993C
:10ADD000002081F85C00FFE70A98006E20B1FFE7D1
:10ADE00001208DF82F0003E000208DF82F00FFE7F1
:10ADF0009DF82F000CB080BD81B0009001B070476D
:10AE000081B0009001B0704781B0009001B07047F0
:10AE100084B00290019100200090FFE7029890F822
:10AE20003C00012804D1FFE702208DF80F008CE0E0
:10AE30000299012081F83C00FFE7FFE7009820F02D
:10AE4000FF000199C96808430090009820F4407001
:10AE50000199896808430090009820F48060019966
:10AE6000496808430090009820F40060019909683F
:10AE700008430090009820F4805001990969084324
:10AE80000090009820F4005001994969084300900F
:10AE9000009820F480400199096B084300900098C5
:10AEA00020F470200199896940EA014000900098DF
:10AEB00020F080500199C969084300900298006809
:10AEC00042F60041C4F20101884212D0FFE7029825
:10AED000006843F20041C4F20101884209D0FFE753
:10AEE0000298006845F20001C4F2010188421ED1B7
:10AEF000FFE7009820F470000199896A40EA015048
:10AF00000090009820F080700199096A0843009031
:10AF1000009820F000700199496A08430090009859
:10AF200020F000500199C96A08430090FFE700989B
:10AF3000029909684864FFE70299002081F83C0003
:10AF4000FFE700208DF80F00FFE79DF80F0004B029
:10AF50007047000081B0009001B0704781B0009050
:10AF600001B0704781B0009001B0704785B0039088
:10AF70000291FFE7039890F83C00012804D1FFE715
:10AF800002208DF81300A7E00399012081F83C000E
:10AF9000FFE7FFE70399022081F83D00039800686E
:10AFA00040680190039800688068009003980068EA
:10AFB00042F60041C4F20101884212D0FFE7039833
:10AFC000006843F20041C4F20101884209D0FFE762
:10AFD0000398006845F20001C4F2010188420AD1D9
:10AFE000FFE7019820F470000190029841680198F1
:10AFF00008430190FFE701984FF68F71CFF6FF519C
:10B000000840019002980168019808430190019856
:10B010000399096848600398006842F60041C4F249
:10B02000010188423CD0FFE703980068B0F1804FEF
:10B0300036D0FFE70398006840F20041C4F20001F7
:10B0400088422DD0FFE70398006840F60001C4F263
:10B050000001884224D0FFE70398006840F60041D1
:10B06000C4F2000188421BD0FFE70398006843F256
:10B070000041C4F20101884212D0FFE70398006842
:10B0800044F20001C4F20101884209D0FFE70398AD
:10B09000006845F20001C4F2010188420ED1FFE7C9
:10B0A000009820F080000090029881680098084382
:10B0B00000900098039909688860FFE703990120D0
:10B0C00081F83D00FFE70399002081F83C00FFE78D
:10B0D00000208DF81300FFE79DF8130005B07047BE
:10B0E00081B0009001B0704780B582B000900098A8
:10B0F00020B9FFE701208DF8070045E0009890F89F
:10B100003D0040B9FFE70099002081F83C0000981D
:10B1100000F03EF8FFE70099022081F83D00009919
:10B1200051F8040B09F0BAF80099012081F84800A1
:10B13000FFE70099012081F83E00009981F83F0067
:10B14000009981F84000009981F84100009981F848
:10B150004200009981F84300FFE7FFE700990120D2
:10B1600081F84400009981F84500009981F8460073
:10B17000009981F84700FFE70099012081F83D0020
:10B1800000208DF80700FFE79DF8070002B080BDA2
:10B1900085B004900498006842F60041C4F20101B1
:10B1A000884210D1FFE7FFE741F26000C4F20200DD
:10B1B000016841F400610160006800F400600390E0
:10B1C0000398FFE74DE00498006840F20041C4F2A4
:10B1D0000001884210D1FFE7FFE741F25800C4F2B6
:10B1E0000200016841F002010160006800F0020005
:10B1F00002900298FFE733E00498006840F60041AF
:10B20000C4F20001884210D1FFE7FFE741F2580085
:10B21000C4F20200016841F008010160006800F01A
:10B22000080001900198FFE719E00498006844F2D3
:10B230000001C4F20101884210D1FFE7FFE741F2AB
:10B240006000C4F20200016841F4803101600068CE
:10B2500000F4803000900098FFE7FFE7FFE7FFE78A
:10B26000FFE705B07047000083B00190019890F8A7
:10B270003D00012804D0FFE701208DF80B006CE0B1
:10B280000199022081F83D000198006842F60041D2
:10B29000C4F2010188423CD0FFE701980068B0F198
:10B2A000804F36D0FFE70198006840F20041C4F2B9
:10B2B000000188422DD0FFE70198006840F60001A8
:10B2C000C4F20001884224D0FFE70198006840F6EC
:10B2D0000041C4F2000188421BD0FFE701980068DA
:10B2E00043F20041C4F20101884212D0FFE7019805
:10B2F000006844F20001C4F20101884209D0FFE76E
:10B300000198006845F20001C4F20101884219D198
:10B31000FFE70198006880680721C0F2010108403A
:10B320000090009806280CD0FFE70098B0F5803F09
:10B3300007D0FFE701980168086840F00100086045
:10B34000FFE706E001980168086840F00100086026
:10B35000FFE700208DF80B00FFE79DF80B0003B01E
:10B360007047000083B00190019890F83D000128DB
:10B3700004D0FFE701208DF80B0072E00199022054
:10B3800081F83D0001980168C86840F00100C8607C
:10B390000198006842F60041C4F2010188423CD0A5
:10B3A000FFE701980068B0F1804F36D0FFE70198C1
:10B3B000006840F20041C4F2000188422DD0FFE74E
:10B3C0000198006840F60001C4F20001884224D0D0
:10B3D000FFE70198006840F60041C4F2000188428E
:10B3E0001BD0FFE70198006843F20041C4F201015D
:10B3F000884212D0FFE70198006844F20001C4F2CD
:10B400000101884209D0FFE70198006845F2000178
:10B41000C4F20101884219D1FFE7019800688068F1
:10B420000721C0F2010108400090009806280CD0C6
:10B43000FFE70098B0F5803F07D0FFE7019801686B
:10B44000086840F001000860FFE706E00198016825
:10B45000086840F001000860FFE700208DF80B004D
:10B46000FFE79DF80B0003B07047000080B586B081
:10B470000490039100208DF80B00FFE7049890F8EA
:10B480003C00012804D1FFE702208DF81700E7E017
:10B490000499012081F83C00FFE7FFE704990220AE
:10B4A00081F83D00049800688068019001984FF68B
:10B4B0008871CFF6CE7108400190019820F47F404A
:10B4C00001900198049909688860039800680090C9
:10B4D000002800F0AB80FFE70098102800F0A6805D
:10B4E000FFE70098202800F0A180FFE700983028AF
:10B4F00000F09C80FFE70098402800F08A80FFE77A
:10B50000009850286BD0FFE70098602874D0FFE7C0
:10B51000009870283FD0FFE70098B0F5805F39D0E1
:10B52000FFE70098B0F5005F4AD0FFE70098B0F55C
:10B53000801F7BD0FFE70098B0F1101F76D0FFE7A7
:10B5400000982021C0F2100188426FD0FFE70098D8
:10B550003021C0F21001884268D0FFE700984021F6
:10B56000C0F21001884261D0FFE700985021C0F27C
:10B57000100188425AD0FFE700986021C0F2100104
:10B58000884253D0FFE700987021C0F21001884232
:10B590004CD052E055E004980068039B5A689968C3
:10B5A000DB6808F08BFF04980068806801900198C0
:10B5B00040F077000190019804990968886040E0A4
:10B5C00004980068039B5A689968DB6808F076FF66
:10B5D00004980168886840F48040886031E00498ED
:10B5E0000068039A5168D26809F090FB04980068DB
:10B5F000502108F07DFF24E004980068039A516808
:10B60000D26809F0ABFB04980068602108F070FF75
:10B6100017E004980068039A5168D26809F076FB35
:10B6200004980068402108F063FF0AE0049800686D
:10B630000399096808F05CFF03E001208DF80B0016
:10B64000FFE70499012081F83D00FFE704990020FD
:10B6500081F83C00FFE79DF80B008DF81700FFE72D
:10B660009DF8170006B080BD81B0009001B0704712
:10B6700080B584B0039003980068C0680290039876
:10B680000068006901909DF804008007002824D517
:10B69000FFE79DF80800800700281DD5FFE7039805
:10B6A00001686FF002000861039901200877039890
:10B6B00000688069800720B1FFE70398FFF7D4FF97
:10B6C00006E0039800F006FA039800F037FBFFE766
:10B6D000039900200877FFE7FFE79DF80400400783
:10B6E000002825D5FFE79DF80800400700281ED553
:10B6F000FFE7039801686FF00400086103990220D6
:10B70000087703980068806910F4407F04D0FFE751
:10B710000398FFF7A9FF06E0039800F0DBF9039810
:10B7200000F00CFBFFE7039900200877FFE7FFE735
:10B730009DF804000007002824D5FFE79DF80800C5
:10B74000000700281DD5FFE7039801686FF0080087
:10B75000086103990420087703980068C06980078E
:10B7600020B1FFE70398FFF77FFF06E0039800F0A2
:10B77000B1F9039800F0E2FAFFE703990020087797
:10B78000FFE7FFE79DF80400C006002825D5FFE786
:10B790009DF80800C00600281ED5FFE70398016841
:10B7A0006FF010000861039908200877039800687B
:10B7B000C06910F4407F04D0FFE70398FFF754FFFF
:10B7C00006E0039800F086F9039800F0B7FAFFE767
:10B7D000039900200877FFE7FFE79DF80400C00702
:10B7E00078B1FFE79DF80800C00748B1FFE703986C
:10B7F00001686FF001000861039800F0B9FCFFE7F1
:10B80000FFE7019800F08000802806D0FFE79DF850
:10B8100005008006002810D5FFE79DF80800000607
:10B82000002809D5FFE7039801686FF4025008610A
:10B830000398FFF7E5FAFFE7FFE79DF80500C0076B
:10B8400080B1FFE79DF808000006002809D5FFE752
:10B85000039801686FF4807008610398FFF7CCFAD1
:10B86000FFE7FFE79DF804004006002810D5FFE73A
:10B870009DF808004006002809D5FFE703980168F5
:10B880006FF040000861039800F084FCFFE7FFE7D9
:10B890009DF804008006002810D5FFE79DF80800F9
:10B8A0008006002809D5FFE7039801686FF02000A3
:10B8B00008610398FFF7A8FAFFE7FFE79DF8060085
:10B8C000C006002810D5FFE79DF80A00C006002832
:10B8D00009D5FFE7039801686FF4801008610398A9
:10B8E000FFF73CFBFFE7FFE79DF806008006002816
:10B8F00010D5FFE79DF80A008006002809D5FFE76C
:10B90000039801686FF4001008610398FFF722FBA9
:10B91000FFE7FFE79DF806004006002810D5FFE787
:10B920009DF80A004006002809D5FFE70398016842
:10B930006FF4800008610398FFF714FBFFE7FFE74F
:10B940009DF806000006002810D5FFE79DF80A00C4
:10B950000006002809D5FFE7039801686FF400008E
:10B9600008610398FFF7BCFBFFE7FFE704B080BD69
:10B9700080B58AB009900020089007900690059045
:10B9800004900998006842F60041C4F2010188421F
:10B990001FD1FFE7FFE741F24C00C4F2020001684B
:10B9A00041F004010160006800F004000390039876
:10B9B000FFE70E20049002200590002106910791D8
:10B9C000089040F60000C4F6000004A9FBF7BEFC96
:10B9D0007DE00998006840F20041C4F2000188420D
:10B9E00020D1FFE7FFE741F24C00C4F202000168FA
:10B9F00041F004010160006800F004000290029828
:10BA0000FFE74FF47070049002200590002106912A
:10BA10000791089040F60000C4F6000004A9FBF767
:10BA200095FC53E00998006840F60041C4F200011B
:10BA300088421FD1FFE7FFE741F24C00C4F2020049
:10BA4000016841F002010160006800F0020001900D
:10BA50000198FFE704200490022005900021069140
:10BA60000791089040F20040C4F6000004A9FBF7DB
:10BA70006DFC2AE00998006844F20001C4F201015B
:10BA8000884221D1FFE7FFE741F24C00C4F20200F7
:10BA9000016841F020010160006800F02000009082
:10BAA0000098FFE74FF400700490022005900020FA
:10BAB000069007900320089041F20040C4F6000071
:10BAC00004A9FBF743FCFFE7FFE7FFE7FFE70AB046
:10BAD00080BD000081B0009001B0704780B586B095
:10BAE00004900391029200208DF80700FFE704986C
:10BAF00090F83C00012804D1FFE702208DF81700E0
:10BB0000C0E00499012081F83C00FFE7FFE70298BC
:10BB10000090142800F2A7800099DFE801F00BA440
:10BB2000A4A424A4A4A43EA4A4A457A4A4A471A43B
:10BB3000A4A48A0004980068039908F0F1FC049812
:10BB40000168886940F00800886104980168886984
:10BB500020F00400886103980269049801688869EC
:10BB60001043886183E004980068039908F092FD0F
:10BB700004980168886940F400608861049801684D
:10BB8000886920F4806088610398026904980168DC
:10BB9000886940EA0220886169E004980068039996
:10BBA00008F040FE04980168C86940F00800C861C8
:10BBB00004980168C86920F00400C861039802690C
:10BBC00004980168C8691043C86150E0049800688F
:10BBD000039908F0EFFE04980168C86940F400601A
:10BBE000C86104980168C86920F48060C86103983E
:10BBF000026904980168C86940EA0220C86136E019
:10BC000004980068039908F09DFF04980168086D86
:10BC100040F00800086504980168086D20F00400F1
:10BC200008650398026904980168086D1043086567
:10BC30001DE004980068039908F0F6FF0498016875
:10BC4000086D40F40060086504980168086D20F4F0
:10BC5000806008650398026904980168086D40EAED
:10BC60000220086503E001208DF80700FFE7FFE7E9
:10BC70000499002081F83C00FFE79DF807008DF84B
:10BC80001700FFE79DF8170006B080BD80B582B0B1
:10BC90000090009820B9FFE701208DF8070045E0EB
:10BCA000009890F83D0040B9FFE70099002081F826
:10BCB0003C00009800F03EF8FFE70099022081F870
:10BCC0003D00009951F8040B08F0E8FA00990120B2
:10BCD00081F84800FFE70099012081F83E000099B3
:10BCE00081F83F00009981F84000009981F84100F7
:10BCF000009981F84200009981F84300FFE7FFE7CF
:10BD00000099012081F84400009981F845000099CC
:10BD100081F84600009981F84700FFE7009901206B
:10BD200081F83D0000208DF80700FFE79DF807002F
:10BD300002B080BD81B0009001B0704781B000902A
:10BD400001B0704780B590B00E900D910D9828B954
:10BD5000FFE70E9890F83E000B9034E00D98042811
:10BD600005D1FFE70E9890F83F000A9028E00D9863
:10BD7000082805D1FFE70E9890F8400009901CE0D4
:10BD80000D980C2805D1FFE70E9890F84100089017
:10BD900010E00D98102805D1FFE70E9890F84200AA
:10BDA000079004E00E9890F843000790FFE707988B
:10BDB0000890FFE708980990FFE709980A90FFE7C5
:10BDC0000A980B90FFE70B98012804D0FFE70120A9
:10BDD0008DF83F00FEE00D9828B9FFE70E9902208C
:10BDE00081F83E0038E00D98042806D1FFE70E994F
:10BDF000022081F83F0006902CE00D98082806D11B
:10BE0000FFE70E99022081F8400005901FE00D9891
:10BE10000C2806D1FFE70E99022081F8410004901A
:10BE200012E00D98102806D1FFE70E99022081F844
:10BE30004200039005E00E99022081F84300039030
:10BE4000FFE703980490FFE704980590FFE7059843
:10BE50000690FFE70698FFE70E9800680D9901220B
:10BE6000019208F00FFB01980E99096842F6004212
:10BE7000C4F201029142029038D0FFE70E980168A7
:10BE8000012043F20042C4F20102914202902DD0FF
:10BE9000FFE70E980168012044F20002C4F201029B
:10BEA0009142029022D0FFE70E980168012044F2EF
:10BEB0000042C4F201029142029017D0FFE70E98AF
:10BEC0000168012044F60002C4F20102914202908E
:10BED0000CD0FFE70E9800684BF20001CBF6FE7124
:10BEE0000844B0FA80F040090290FFE70298C007CA
:10BEF00038B1FFE70E980168486C40F40040486490
:10BF0000FFE70E98006842F60041C4F20101884242
:10BF10003CD0FFE70E980068B0F1804F36D0FFE7C5
:10BF20000E98006840F20041C4F2000188422DD012
:10BF3000FFE70E98006840F60001C4F20001884255
:10BF400024D0FFE70E98006840F60041C4F20001DB
:10BF500088421BD0FFE70E98006843F20041C4F20C
:10BF60000101884212D0FFE70E98006844F20001F8
:10BF7000C4F20101884209D0FFE70E98006845F23B
:10BF80000001C4F20101884219D1FFE70E98006850
:10BF900080680721C0F2010108400C900C98062827
:10BFA0000CD0FFE70C98B0F5803F07D0FFE70E9864
:10BFB0000168086840F001000860FFE706E00E989D
:10BFC0000168086840F001000860FFE700208DF874
:10BFD0003F00FFE79DF83F0010B080BD80B588B0FE
:10BFE00007900691079800680699002208F04AFA1F
:10BFF00007980168012042F60042C4F20102914212
:10C00000059038D0FFE707980168012043F200420D
:10C01000C4F20102914205902DD0FFE70798016814
:10C02000012044F20002C4F201029142059022D0A4
:10C03000FFE707980168012044F20042C4F20102C0
:10C040009142059017D0FFE707980168012044F658
:10C050000002C4F20102914205900CD0FFE707985C
:10C0600000684BF20001CBF6FE710844B0FA80F094
:10C0700040090590FFE70598C007D8B1FFE7FFE743
:10C0800007980068006A41F21111084210D1FFE7D9
:10C0900007980068006A44F24441084207D1FFE76C
:10C0A00007980168486C20F400404864FFE7FFE708
:10C0B000FFE7FFE7FFE707980068006A41F2111108
:10C0C000084210D1FFE707980068006A44F2444133
:10C0D000084207D1FFE707980168086820F00100CF
:10C0E0000860FFE7FFE7FFE7069828B9FFE7079931
:10C0F000012081F83E0038E00698042806D1FFE7C9
:10C100000799012081F83F0004902CE00698082848
:10C1100006D1FFE70799012081F8400003901FE056
:10C1200006980C2806D1FFE70799012081F8410005
:10C13000029012E00698102806D1FFE70799012027
:10C1400081F84200019005E00799012081F8430041
:10C150000190FFE701980290FFE702980390FFE744
:10C1600003980490FFE70498FFE7002008B080BD23
:10C1700080B582B001900198006845F20001C4F2D8
:10C180000101884203D1FFE7FBF744FCFFE702B05F
:10C1900080BD000081B0009001B0704783B0019075
:10C1A000FFE7019890F88400012804D1FFE70220FE
:10C1B0008DF80B002CE00199012081F88400FFE745
:10C1C000FFE701992420C1F8880001980068006801
:10C1D000009001980168086820F00100086000984C
:10C1E00020F00050009001990020486600980199C5
:10C1F0000968086001992020C1F88800FFE70199CB
:10C20000002081F88400FFE700208DF80B00FFE795
:10C210009DF80B0003B0704780B586B00490039181
:10C22000ADF80A200498D0F88C00202844D1FFE70C
:10C23000039820B1FFE7BDF80A0020B9FFE701200D
:10C240008DF817003CE004990120C866049900208D
:10C25000086704980399BDF80A2009F069FC8DF875
:10C2600009009DF8090010BBFFE70498C06E012883
:10C2700018D1FFE70498016810200862FFE7FFE784
:10C280000498006850E8000F40F010000190FFE7AC
:10C2900001990498026842E800100028F0D1FFE7F5
:10C2A000FFE703E001208DF80900FFE7FFE79DF8B5
:10C2B00009008DF8170003E002208DF81700FFE752
:10C2C0009DF8170006B080BD80B586B00590ADF82A
:10C2D0001210059847F62C61C2F20001884215D170
:10C2E000FFE747F62C60C2F2000045F20821C2F2D7
:10C2F00000014022FFF790FF47F26850C2F20000B1
:10C300000168086820F00400086085E0059847F699
:10C310009851C2F20001884215D1FFE747F69850C4
:10C32000C2F2000045F24821C2F200014022FFF7AC
:10C3300073FF47F2A840C2F200000168086820F0CD
:10C340000400086067E0059847F6C061C2F200018A
:10C3500088421AD1FFE745F66400C2F2000003905C
:10C3600003F034F9039947F6C060C2F200004FF4BD
:10C370008072FFF751FF47F26820C2F200000168A7
:10C38000086820F00400086044E0059847F65471FE
:10C39000C2F2000188421AD1FFE745F66410C2F2EA
:10C3A0000000029003F012F9029947F65470C2F2AD
:10C3B00000004FF48072FFF72FFF47F22830C2F2DF
:10C3C00000000168086820F00400086021E005987A
:10C3D00047F60451C2F20001884219D1FFE745F245
:10C3E000CC40C2F20000019007F0E8F8019947F64E
:10C3F0000450C2F200004022FFF70EFF47F2E8307F
:10C40000C2F200000168086820F004000860FFE73D
:10C41000FFE7FFE7FFE7FFE706B080BD81B00090D0
:10C4200001B0704780B584B002900191FFE7029897
:10C4300090F88400012804D1FFE702208DF80F0056
:10C4400032E00299012081F88400FFE7FFE70299BA
:10C450002420C1F8880002980068006800900298C3
:10C460000168086820F00100086002980068806890
:10C4700020F0606001990843029909688860029879
:10C4800008F050FD00980299096808600299202080
:10C49000C1F88800FFE70299002081F88400FFE7D7
:10C4A00000208DF80F00FFE79DF80F0004B080BD5D
:10C4B00080B584B002900191FFE7029890F8840063
:10C4C000012804D1FFE702208DF80F0032E0029925
:10C4D000012081F88400FFE7FFE702992420C1F8DA
:10C4E0008800029800680068009002980168086857
:10C4F00020F00100086002980068806820F0604029
:10C5000001990843029909688860029808F00AFDB9
:10C51000009802990968086002992020C1F88800F3
:10C52000FFE70299002081F88400FFE700208DF8E2
:10C530000F00FFE79DF80F0004B080BD81B00090B0
:10C5400001B0704781B0009001B0704780B582B0F3
:10C550000190019847F62C61C2F20001884215D182
:10C56000FFE747F62C60C2F2000045F20821C2F254
:10C5700000014022FFF750FE47F26850C2F200006F
:10C580000168086820F00400086079E0019847F627
:10C590009851C2F20001884215D1FFE747F6985042
:10C5A000C2F2000045F24821C2F200014022FFF72A
:10C5B00033FE47F2A840C2F200000168086820F08C
:10C5C000040008605BE0019847F6C061C2F2000118
:10C5D000884216D1FFE747F6C060C2F2000045F678
:10C5E0006401C2F200014FF48072FFF715FE47F2BA
:10C5F0006820C2F200000168086820F004000860AA
:10C600003CE0019847F65471C2F20001884216D10D
:10C61000FFE747F65470C2F2000045F66411C2F21B
:10C6200000014FF48072FFF7F7FD47F22830C2F2A5
:10C6300000000168086820F0040008601DE001980F
:10C6400047F60451C2F20001884215D1FFE747F6D0
:10C650000450C2F2000045F2CC41C2F20001402277
:10C66000FFF7DAFD47F2E830C2F20000016808681F
:10C6700020F004000860FFE7FFE7FFE7FFE7FFE7C0
:10C6800002B080BD80B590B00F900F980068C0696F
:10C690000E900F98006800680D900F9800688068F1
:10C6A0000C900E9840F60F0108400B900B98E0B9E3
:10C6B000FFE79DF838008006002815D5FFE79DF8B4
:10C6C00034008006002806D4FFE79DF83300C0063A
:10C6D000002809D5FFE70F98406F20B1FFE70F98BA
:10C6E000416F8847FFE796E2FFE70B98002800F0CC
:10C6F0000C81FFE70C980121C1F20001084209D129
:10C70000FFE70D9840F22011C0F20041084200F00E
:10C71000FC80FFE79DF83800C00788B1FFE79DF86F
:10C720003500C00760B1FFE70F980168012008627B
:10C730000F99D1F8900040F00100C1F89000FFE798
:10C740009DF838008007002811D5FFE79DF83000DC
:10C75000C00760B1FFE70F980168022008620F99D7
:10C76000D1F8900040F00400C1F89000FFE79DF878
:10C7700038004007002811D5FFE79DF83000C007BA
:10C7800060B1FFE70F980168042008620F99D1F8A3
:10C79000900040F00200C1F89000FFE79DF83800DB
:10C7A0000007002819D5FFE79DF83400800600280F
:10C7B00007D4FFE70C980121C1F2000108420CD018
:10C7C000FFE70F980168082008620F99D1F89000E0
:10C7D00040F00800C1F89000FFE79DF8390000071D
:10C7E000002813D5FFE79DF83700400700280DD536
:10C7F000FFE70F9801684FF4006008620F99D1F8C5
:10C80000900040F02000C1F89000FFE70F98D0F8AA
:10C810009000002878D0FFE79DF8380080060028B7
:10C8200015D5FFE79DF834008006002806D4FFE701
:10C830009DF83300C006002809D5FFE70F98406F28
:10C8400020B1FFE70F98416F8847FFE7FFE70F9898
:10C85000D0F890000A900F980068806800F04000BF
:10C86000402806D0FFE79DF8280010F0280F42D09E
:10C87000FFE70F9808F0CAFD0F980068806840062F
:10C88000002833D5FFE7FFE7FFE70F98006850E87F
:10C89000020F20F040000990FFE709990F98026805
:10C8A00042E802100028F0D1FFE7FFE70F98D0F828
:10C8B0008000B0B1FFE70F98D0F8801045F23D201E
:10C8C000C0F6010088630F98D0F88000F9F7CCF823
:10C8D00030B1FFE70F98D0F88000816B8847FFE701
:10C8E00003E00F98FFF732FEFFE703E00F98FFF732
:10C8F0002DFEFFE707E00F98FFF728FE0F990020B5
:10C90000C1F89000FFE7FFE785E10F98C06E0128AE
:10C9100040F02281FFE79DF83800C006002840F172
:10C920001B81FFE79DF83400C006002840F1148108
:10C93000FFE70F980168102008620F980068806870
:10C940004006002840F1A680FFE70F98D0F880004D
:10C9500000684068ADF82200BDF8220000287CD0B5
:10C96000FFE7BDF822000F99B1F85C10884274DA35
:10C97000FFE7BDF822000F99A1F85E000F98D0F8EC
:10C980008000006800688006002859D4FFE7FFE7B0
:10C99000FFE70F98006850E8000F20F480700790C0
:10C9A000FFE707990F98026842E800100028F0D1CD
:10C9B000FFE7FFE7FFE7FFE70F98006850E8020F87
:10C9C00020F001000690FFE706990F98026842E800
:10C9D00002100028F0D1FFE7FFE7FFE7FFE70F981D
:10C9E000006850E8020F20F040000590FFE705992D
:10C9F0000F98026842E802100028F0D1FFE7FFE735
:10CA00000F992020C1F88C000F990020C866FFE71D
:10CA1000FFE70F98006850E8000F20F01000049026
:10CA2000FFE704990F98026842E800100028F0D14F
:10CA3000FFE7FFE70F98D0F88000F8F7C7FFFFE7A0
:10CA40000F99022008670F98B0F85C10B0F85E20CC
:10CA5000891A89B2FFF738FC1BE0BDF822000F9954
:10CA6000B1F85C10884213D1FFE70F98D0F880002E
:10CA7000006800688006002809D5FFE70F990220AA
:10CA800008670F98B0F85C10FFF71EFCFFE7FFE7A0
:10CA9000FFE7C0E00F99B1F85C00B1F85E10401AF2
:10CAA000ADF80E000F98B0F85E00002853D0FFE7F5
:10CAB000BDF80E0000284ED0FFE7FFE7FFE70F9814
:10CAC000006850E8000F20F490700290FFE7029990
:10CAD0000F98026842E800100028F0D1FFE7FFE756
:10CAE000FFE7FFE70F98006850E8020F4FF6FE716E
:10CAF000CEF6FF7108400190FFE701990F98026898
:10CB000042E802100028EDD1FFE7FFE70F9920204F
:10CB1000C1F88C000F990020C8660F994867FFE79D
:10CB2000FFE70F98006850E8000F20F01000009019
:10CB3000FFE700990F98026842E800100028F0D142
:10CB4000FFE7FFE70F99022008670F98BDF80E1066
:10CB5000FFF7BAFBFFE75EE09DF83A00C006002849
:10CB60000FD5FFE79DF832004006002809D5FFE702
:10CB70000F9801684FF4801008620F98FFF7E2FCED
:10CB800049E09DF838000006002815D5FFE79DF81C
:10CB900034000006002806D4FFE79DF832000006A6
:10CBA000002809D5FFE70F98806F20B1FFE70F98A5
:10CBB000816F8847FFE72EE09DF838004006002887
:10CBC0000AD5FFE79DF834004006002804D5FFE7AA
:10CBD0000F9808F06BFC1EE09DF83A000006002854
:10CBE0000AD5FFE79DF837004006002804D5FFE787
:10CBF0000F98FFF7A3FC0EE09DF83B00C00750B173
:10CC0000FFE79DF837000006002804D5FFE70F98DE
:10CC1000FFF704FCFFE710B080BD000080B582B0D4
:10CC20000090009820B9FFE701208DF8070046E04A
:10CC30000098806908B1FFE700E0FFE70098D0F8AE
:10CC4000880040B9FFE70099002081F8840000982F
:10CC500000F03AF8FFE700992420C1F88800009816
:10CC60000168086820F0010008600098806A20B11F
:10CC7000FFE7009808F09AF9FFE7009808F066FCD3
:10CC8000012804D1FFE701208DF8070017E0009884
:10CC90000168486820F490404860009801688868FE
:10CCA00020F02A00886000980168086840F00100C0
:10CCB0000860009808F01EFA8DF80700FFE79DF85D
:10CCC000070002B080BD000080B5CAB049900020C6
:10CCD0001D904890479046904590449043904290D4
:10CCE000419040902BA85421F3F7DCFA4998006852
:10CCF00044F60041C4F20001884240F09380FFE70F
:10CD000008202B9000202F902BA8FCF7DBFB18B1FC
:10CD1000FFE7F6F795F8FFE7FFE741F25800C4F2A6
:10CD20000200016841F400210160006800F4002065
:10CD30002A902A98FFE7FFE741F24C00C4F2020074
:10CD4000016841F004010160006800F004002990CE
:10CD50002998FFE74FF4406044900220459001205D
:10CD60004690032047900520489040F60000C4F606
:10CD7000000044A9FAF7EAFA47F26820C2F200007C
:10CD80001C900821C4F2020101601E2141600021B3
:10CD90008160C1608022026141618161C161016283
:10CDA000F8F770FF18B1FFE7F6F74AF8FFE7FFE77B
:10CDB000499847F26821C2F20001C0F880104998F2
:10CDC0008862FFE747F2C820C2F200001B906C2186
:10CDD000C4F2020101601F21416010218160002125
:10CDE000C1608022026141618161C1610162F8F725
:10CDF00049FF18B1FFE7F6F723F8FFE7FFE7499887
:10CE000047F2C821C2F20001C16749988862FFE772
:10CE100034201A9004210022FAF7C0FE1A98FAF77B
:10CE2000B3FE03E34998006845F20001C4F2000133
:10CE3000884240F0D180FFE710202B9000203090F6
:10CE40002BA8FCF73FFB18B1FFE7F5F7F9FFFFE769
:10CE5000FFE741F25800C4F20200016841F480117A
:10CE60000160006800F4801028902898FFE7FFE731
:10CE700041F24C00C4F20200016841F0040101607B
:10CE8000006800F0040027902798FFE7FFE741F2D1
:10CE90004C00C4F20200016841F008010160006822
:10CEA00000F0080026902698FFE74FF48050449049
:10CEB0000220149045900120159046900320169072
:10CEC000479005201790489040F60000C4F60000F7
:10CED00044A91891FAF73AFADDF850C0159B169A52
:10CEE000179818994FF0040ECDF810E1CDF814C141
:10CEF00046934792489040F60040C4F60000FAF787
:10CF000025FA47F22830C2F2000019901C21C4F221
:10CF1000020101602021416000218160C160802206
:10CF2000026141618161C1610162F8F7ABFE18B134
:10CF3000FFE7F5F785FFFFE70020409041908DF86F
:10CF4000080101208DF80901439047F22830C2F210
:10CF5000000040A9F8F7A8FC18B1FFE7F5F770FF4B
:10CF6000FFE7FFE7499847F22831C2F20001C0F815
:10CF7000801049988862FFE747F28830C2F20000CB
:10CF800013908021C4F2020101602121416010212F
:10CF900081600021C1608022026141618161C161C3
:10CFA0000162F8F76FFE18B1FFE7F5F749FFFFE7F9
:10CFB000FFE7499847F28831C2F20001C1674998FA
:10CFC0008862FFE73520129004210022FAF7E6FD7F
:10CFD0001298FAF7D9FD28E24998006843F6000153
:10CFE000C4F20101884240F09180FFE701202B90BC
:10CFF00000202C902BA8FCF765FA18B1FFE7F5F795
:10D000001FFFFFE7FFE741F26000C4F20200016882
:10D0100041F480410160006800F48040259025982B
:10D02000FFE7FFE741F24C00C4F20200016841F063
:10D0300004010160006800F0040024902498FFE7D8
:10D0400030204490022045900121469147900720CE
:10D05000489040F60000C4F6000044A9FAF776F9BB
:10D0600047F2E830C2F2000011903021C4F2020110
:10D0700001601821416000218160C160802202614D
:10D0800041618161C1610162F8F7FCFD18B1FFE700
:10D09000F5F7D6FEFFE7FFE7499847F2E831C2F21D
:10D0A0000001C0F8801049988862FFE747F24840C5
:10D0B000C2F2000010909421C4F202010160192113
:10D0C0004160102181600021C160802202614161C4
:10D0D0008161C1610162F8F7D5FD18B1FFE7F5F78D
:10D0E000AFFEFFE7FFE7499847F24841C2F200016F
:10D0F000C16749988862FFE725200F90042100222C
:10D10000FAF74CFD0F98FAF73FFD8DE1499800685A
:10D1100044F20041C4F20001884240F0A380FFE7DE
:10D1200002202B9000202D902BA8FCF7CBF918B1F2
:10D13000FFE7F5F785FEFFE7FFE741F25800C4F28D
:10D140000200016841F400310160006800F4003021
:10D1500023902398FFE7FFE741F24C00C4F202005E
:10D16000016841F001010160006800F001002290B7
:10D170002298FFE702200A904490459046904790FD
:10D1800007200B9048904FF090400C9044A90D91CF
:10D19000FAF7DCF80A9B0B9A0C980D994FF00C0CDF
:10D1A000CDF810C145934FF0010CCDF818C147934D
:10D1B0004892FAF7CBF847F2A840C2F200000E906E
:10D1C0004421C4F2020101601A2141600021816002
:10D1D000C1608022026141618161C1610162F8F731
:10D1E00051FD18B1FFE7F5F72BFEFFE7FFE7499880
:10D1F00047F2A841C2F20001C0F880104998886245
:10D20000FFE747F20850C2F20000099040F20841DF
:10D21000C4F2020101601B214160102181600021E4
:10D22000C1608022026141618161C1610162F8F7E0
:10D2300029FD18B1FFE7F5F703FEFFE7FFE749987F
:10D2400047F20851C2F20001C16749988862FFE7BE
:10D250002620089004210022FAF7A0FC0898FAF78B
:10D2600093FCE0E04998006844F60001C4F2000134
:10D27000884240F0D780FFE704202B9000202E90BA
:10D280002BA8FCF71FF918B1FFE7F5F7D9FDFFE769
:10D29000FFE741F25800C4F20200016841F4802126
:10D2A0000160006800F4802021902198FFE7FFE7EB
:10D2B00041F24C00C4F20200016841F0100101602B
:10D2C000006800F0100020902098FFE7FFE741F28F
:10D2D0004C00C4F20200016841F0020101600068E4
:10D2E00000F002001F901F98FFE7FFE741F24C009B
:10D2F000C4F20200016841F008010160006800F01A
:10D3000008001E901E98FFE74FF400404490022052
:10D310000490459001210391469147900720059084
:10D32000489041F20000C4F6000044A90691FAF7C3
:10D330000DF8039B049A059806994FF4806CCDF87C
:10D3400010C1459246934792489040F20040C4F67F
:10D350000000F9F7FBFF049A059806994FF48053F3
:10D360004493459246924792489040F60040C4F656
:10D370000000F9F7EBFF47F26850C2F20000079097
:10D380005821C4F2020101601C214160002181602A
:10D39000C1608022026141618161C1610162F8F76F
:10D3A00071FC18B1FFE7F5F74BFDFFE7FFE7499880
:10D3B00047F26851C2F20001C0F8801049988862B3
:10D3C000FFE747F2C850C2F20000029040F21C4151
:10D3D000C4F2020101601D21416010218160002121
:10D3E000C1608022026141618161C1610162F8F71F
:10D3F00049FC18B1FFE7F5F723FDFFE7FFE7499880
:10D4000047F2C851C2F20001C16749988862FFE73C
:10D410002720019004210022FAF7C0FB0198FAF7B7
:10D42000B3FBFFE7FFE7FFE7FFE7FFE74AB080BD99
:10D4300081B0009001B0704781B0009001B070479A
:10D4400081B0009001B0704788B0ADF81E00ADF813
:10D450001C10ADF81A20BDF81E00B0F5B47F05DB36
:10D46000FFE74FF4B470ADF81E00FFE7BDF81C00F5
:10D47000642804DBFFE76420ADF81C00FFE7BDF87B
:10D480001A00642804DBFFE76420ADF81A00FFE708
:10D4900045F28821C2F200010020087040F2F641F6
:10D4A000C2F20001087044F68801C2F2000108705F
:10D4B000BDF81E0044F24541C0F24441A0FB0120EA
:10D4C0000590BDF81E00A0FB0121C1EB0111A0EBEE
:10D4D00081000490BDF81A0000EE100AB8EEC00AF0
:10D4E0009FED8D1A20EE010A8DED030A9DED030AD2
:10D4F000BDF81C00C0F1640001EE100AB8EEC11ABC
:10D5000020EE010A9FED851A80EE010A8DED020AD8
:10D510009DED030A9DED021A30EE410A9DED041ABD
:10D52000B8EEC11A20EE010A9FED7D1A80EE010AC5
:10D530008DED010A05980090042800F2C48000993E
:10D54000DFE801F003294F759B009DED030ABDEE56
:10D55000C00A10EE100A45F28821C2F200010870DC
:10D560009DED020A9DED011A30EE010ABDEEC00AE2
:10D5700010EE100A44F68801C2F2000108709DED19
:10D58000020ABDEEC00A10EE100A40F2F641C2F2E5
:10D5900000010870BDE09DED030A9DED011A30EE1B
:10D5A000410ABDEEC00A10EE100A45F28821C2F20F
:10D5B000000108709DED030ABDEEC00A10EE100ACE
:10D5C00044F68801C2F2000108709DED020ABDEE2A
:10D5D000C00A10EE100A40F2F641C2F200010870D3
:10D5E00097E09DED020ABDEEC00A10EE100A45F26A
:10D5F0008821C2F2000108709DED030ABDEEC00A49
:10D6000010EE100A44F68801C2F2000108709DED88
:10D61000020A9DED011A30EE010ABDEEC00A10EEBD
:10D62000100A40F2F641C2F20001087071E09DED6F
:10D63000020ABDEEC00A10EE100A45F28821C2F2BD
:10D64000000108709DED030A9DED011A30EE410ABC
:10D65000BDEEC00A10EE100A44F68801C2F20001C5
:10D6600008709DED030ABDEEC00A10EE100A40F2EC
:10D67000F641C2F2000108704BE09DED020A9DEDFB
:10D68000011A30EE010ABDEEC00A10EE100A45F292
:10D690008821C2F2000108709DED020ABDEEC00AA9
:10D6A00010EE100A44F68801C2F2000108709DEDE8
:10D6B000030ABDEEC00A10EE100A40F2F641C2F2B3
:10D6C0000001087025E09DED030ABDEEC00A10EED2
:10D6D000100A45F28821C2F2000108709DED020A8D
:10D6E000BDEEC00A10EE100A44F68801C2F2000135
:10D6F00008709DED030A9DED011A30EE410ABDEE62
:10D70000C00A10EE100A40F2F641C2F200010870A1
:10D71000FFE708B0704700BF333323400000C84222
:10D720000000704280B584B00390039900200190FE
:10D730000874039BD3F8F400596848F2A802C2F2B7
:10D740000002009212889B7B5A43F2F792FD0099E7
:10D75000039A50680988927B5143F2F7A3FD009920
:10D76000039AD2F818010988927B51435143F2F78A
:10D7700099FD0099039AD2F80C010988137B927BDA
:10D7800059435143F2F78EFD01988DF80B00FFE7E6
:10D790009DF80B000399897B884243DAFFE70398E1
:10D7A000D0F8F4009DF80B1000EB810090ED000A1A
:10D7B000B5EE400AF1EE10FA2DD0FFE7039AD2F849
:10D7C000F4109DF80B0051F82000127C41F8220063
:10D7D0009DF80B00039A516A127C8854DDF80CC046
:10D7E000DCF818009DF80BE050F82E00DCF80C1166
:10D7F0009CF80C209CF81030DCF814C01CF80EC00B
:10D8000012FB03C201EB820141F8040C0399087C6E
:10D8100001300874FFE7FFE79DF80B0001308DF839
:10D820000B00B5E700208DF80A00FFE79DF80A001D
:10D830000399097C884216DAFFE7039BD869596A85
:10D840009DF80A20895C50F82100D3F818111B7C40
:10D8500012FB032241F82200FFE79DF80A00013085
:10D860008DF80A00E2E70399087CA1F87800039993
:10D87000087BA1F87A000399087BA1F8800003993E
:10D88000087CA1F882000399087CA1F89000039914
:10D89000087CA1F892000399087BA1F898000399ED
:10D8A000087CA1F89A000399087CA1F8480004B00C
:10D8B00080BD0000FFE7FEE780B582B045F60400BA
:10D8C000C2F2000090ED001A45F2AD41C2F2000133
:10D8D000C88800EE100AB8EEC02A46F6CC60C2F244
:10D8E000000090ED000A21EE021A30EE410A80EDB0
:10D8F000000A098900EE101AB8EEC00A90ED001A6D
:10D9000030EE410A40F28800C2F2000090ED001AA9
:10D9100030EE410A8DED010A9DED010A40F28400CE
:10D92000C2F2000090ED001A80EE010A8DED000AAF
:10D930009DED000AB3EE071A20EE010A45F25050A1
:10D94000C2F2000080ED010A90ED010AB5EE400A36
:10D95000F1EE10FA07DCFFE745F25051C2F2000188
:10D960000020486050E045F25050C2F2000090EDB7
:10D97000010A45F2AD40C2F20000C08801EE100A73
:10D98000B8EEC11AB2EE042A81EE021A9FED3E2AC9
:10D9900021EE021AB4EE410AF1EE10FA18DCFFE7AC
:10D9A00045F2AD40C2F20000C08800EE100AB8EEA9
:10D9B000C00AB2EE041A80EE010A9FED331A20EE7F
:10D9C000010A45F25050C2F2000080ED010A1AE04F
:10D9D00045F2AD40C2F20000C08800EE100AB8EE79
:10D9E000C00AB2EE041A80EE010A9FED271A60EE1B
:10D9F000010A45F25050C2F200000430B3EE070AAB
:10DA000002F05AFFFFE7FFE746F6CC60C2F20000E3
:10DA100090ED000AB5EE400AF1EE10FA07DAFFE7E2
:10DA200046F6CC61C2F2000100200860FFE746F62E
:10DA3000CC60C2F2000090ED000A40F28800C2F211
:10DA4000000090ED001A30EE010A45F2AD40C2F23E
:10DA50000000008901EE100AB8EEC11AB4EE410AC6
:10DA6000F1EE10FA07DBFFE745F25051C2F2000178
:10DA70000120487006E045F25051C2F2000100203A
:10DA80004870FFE702B080BDCDCC4C3F80B594B06C
:10DA900004AB0293139012911192139890ED040A23
:10DAA00044F60840C2F2000090ED001A30EE410A40
:10DAB000B0EEC00A9FEDE31AB4EE410AF1EE10FA9F
:10DAC00030DCFFE7139890ED050A44F60040C2F2FF
:10DAD000000090ED001A30EE410AB0EEC00A9FED52
:10DAE000D91AB4EE410AF1EE10FA1BDCFFE71398E5
:10DAF00090ED060A44F60440C2F2000090ED001AD0
:10DB000030EE410AB0EEC00A9FEDCE1AB4EE410AE3
:10DB1000F1EE10FA06DCFFE713980078002800F019
:10DB2000E580FFE7139890ED040A9FEDC71A8DED8D
:10DB3000011A80EE010A0BF0AFFD9DED011A02986B
:10DB400080ED0B0A139890ED050A80EE010A0BF0A8
:10DB5000A3FD9DED011A029880ED0C0A139890ED3B
:10DB6000060A80EE010A0BF097FD9DED011A02985E
:10DB700080ED0A0A139890ED040A80EE010A0CF079
:10DB80003FFA9DED011A029880ED080A139890ED76
:10DB9000050A80EE010A0CF033FA9DED011A029895
:10DBA00080ED090A139890ED060A80EE010A0CF048
:10DBB00027FA029880ED070A90ED0B0A90ED0A2AE9
:10DBC00090ED081A90ED093A21EE031A90ED073A0C
:10DBD00021EE031A20EE020A30EE010A44F6DC318F
:10DBE000C2F2000181ED000A90ED0C0A90ED081AD6
:10DBF00020EE010A44F6E031C2F2000181ED000A94
:10DC000090ED0B0A90ED072A90ED0A1A90ED083A74
:10DC100021EE031A90ED093A21EE031A20EE020AD2
:10DC200030EE410A44F6E431C2F2000181ED000A0F
:10DC300090ED0B0A90ED091A20EE010A90ED072AEB
:10DC400090ED0A1A90ED083A21EE031A20EE020A2E
:10DC500030EE410A44F6E831C2F2000181ED000ADB
:10DC600090ED0B0A90ED0C1A20EE010A44F6EC310F
:10DC7000C2F2000181ED000A90ED080A90ED072A3A
:10DC800090ED0B1A90ED0A3A21EE031A90ED093A45
:10DC900021EE031A20EE420A30EE410A44F6F0313A
:10DCA000C2F2000181ED000A90ED0C0A90ED071A16
:10DCB00020EE410A44F6F431C2F2000181ED000A7F
:10DCC0000D9944F6F832C2F20002116090ED0C0A90
:10DCD00090ED0A1A20EE010A44F6FC30C2F2000070
:10DCE00080ED000A139900200870FFE700208DF8EE
:10DCF0001F00FFE79DF81F0002281ADCFFE71298BB
:10DD00009DF81F1000EB810090ED000A139800EBC6
:10DD1000810090ED011A20EE010A08A800EB8100B5
:10DD200080ED000AFFE79DF81F0001308DF81F000D
:10DD3000E0E7029844F6DC31C2F2000191ED000AFE
:10DD400044F6E031C2F2000191ED001A90ED043A80
:10DD500090ED054A90ED062A21EE041A20EE030A02
:10DD600030EE011A44F6E431C2F2000191ED000AEE
:10DD700020EE020A30EE010A129981ED000A44F603
:10DD8000E831C2F2000191ED000A44F6EC31C2F232
:10DD9000000191ED001A90ED043A90ED054A90EDE6
:10DDA000062A21EE041A20EE030A30EE011A44F688
:10DDB000F031C2F2000191ED000A20EE020A30EECD
:10DDC000010A129981ED010A44F6F431C2F2000110
:10DDD00091ED000A44F6F831C2F2000191ED001A0B
:10DDE00090ED043A90ED054A90ED062A21EE041AD2
:10DDF00020EE030A30EE011A44F6FC30C2F20000B5
:10DE000090ED000A20EE020A30EE010A129880ED31
:10DE1000020A00208DF80F00FFE79DF80F0002288E
:10DE200014DCFFE711989DF80F2050F8220004A998
:10DE300041F82200FFE79DF80F0001308DF80F0038
:10DE4000EBE700BF6F12833AE12E6542029844F679
:10DE5000DC31C2F2000191ED000A44F6E031C2F279
:10DE6000000191ED001A90ED003A90ED014A90ED1D
:10DE7000022A21EE041A20EE030A30EE011A44F6BB
:10DE8000E431C2F2000191ED000A20EE020A30EE08
:10DE9000010A119981ED000A44F6E831C2F200014D
:10DEA00091ED000A44F6EC31C2F2000191ED001A46
:10DEB00090ED003A90ED014A90ED022A21EE041A0D
:10DEC00020EE030A30EE011A44F6F031C2F20001EE
:10DED00091ED000A20EE020A30EE010A119981ED5F
:10DEE000010A44F6F431C2F2000191ED000A44F651
:10DEF000F831C2F2000191ED001A90ED003A90ED78
:10DF0000014A90ED022A21EE041A20EE030A30EEB7
:10DF1000011A44F6FC30C2F2000090ED000A20EE37
:10DF2000020A30EE010A119880ED020A1398006986
:10DF300044F60841C2F2000108601398406944F6B3
:10DF40000041C2F2000108601398806944F6044160
:10DF5000C2F20001086014B080BD000080B584B03A
:10DF600003900398D0F8EC00006844F60C43C2F22A
:10DF7000000318600398D0F8EC00406844F61042A3
:10DF8000C2F2000210600398D0F8EC00806844F6FA
:10DF90001441C2F2000108600398D0F8EC00D0F8F8
:10DFA0000CC044F61840C2F20000C0F800C093ED67
:10DFB000000A92ED001A21EE011A20EE000A30EE5E
:10DFC000011A91ED000A20EE000A30EE011A90EDE0
:10DFD000000A20EE000A30EE010A0CF07FFA44F647
:10DFE0001C40C2F2000080ED000A00208DF80B00FA
:10DFF000FFE79DF80B0003281ADCFFE744F61C40FE
:10E00000C2F2000090ED001A0398D0F8EC009DF8E1
:10E010000B1000EB810090ED000A20EE010A80ED6C
:10E02000000AFFE79DF80B0001308DF80B00E0E7D8
:10E0300044F61041C2F2000191ED000A45F22800B9
:10E04000C2F20000019090ED6F1A20EE010AB6EEC8
:10E05000002A20EE020A039AD2F8002182ED040A77
:10E0600044F61442C2F2000292ED000A90ED6F1ADB
:10E0700020EE010A20EE020A039BD3F8003183ED63
:10E08000050A44F60C43C2F2000393ED000A90ED3A
:10E090006F1A20EE010ABEEE001A20EE010ADDF82A
:10E0A0000CC0DCF800C18CED0A0A44F6184CC2F230
:10E0B000000C9CED000A90ED6F3A20EE030A20EE72
:10E0C000020ADDF80CE0DEF800E18EED0B0A9CEDB3
:10E0D000000A90ED6F3A20EE030A20EE010ADDF807
:10E0E0000CC0DCF800C18CED100A93ED000A90ED35
:10E0F0006F3A20EE030A20EE010A039BD3F80031A9
:10E1000083ED110A92ED000A90ED6F3A20EE030ABA
:10E1100020EE020A039AD2F8002182ED160A91ED50
:10E12000000A90ED6F2A20EE020A20EE010A039900
:10E13000D1F8001181ED170A90ED741A0399D1F806
:10E14000F81091ED1C0A80EE010A81ED1C0A90ED99
:10E15000741A0398D0F8F80090ED230A80EE010AB3
:10E1600080ED230A0398D0F8F80090ED1C0A9FED8B
:10E17000151AB4EE410AF1EE10FA09DDFFE7039833
:10E18000D0F8F81044F20000C4F21C600867FFE702
:10E190000398D0F8F80090ED230A9FED0A1AB4EE28
:10E1A000410AF1EE10FA0ADDFFE70398D0F8F81003
:10E1B00044F20000C4F21C60C1F88C00FFE704B018
:10E1C00080BD00BF00401C4680B58AB08DED090AB5
:10E1D000CDED080A8DED071ACDED061A8DED052A55
:10E1E00045F22801C2F2000104910120087009984B
:10E1F000C1F8B0010898C1F8B4010798C1F8B80196
:10E200004CF67740C3F22B20C1F8CC01002081F8F6
:10E210003801C1F84401C1F84001C1F84C01C1F80E
:10E2200048019DED060AB7EE001AB4EE410AF1EE80
:10E2300010FA04DDFFE74FF07E500690FFE70699E5
:10E2400045F22800C2F200000290C0F8D0110599F2
:10E25000C0F890110430062100220092032301F03F
:10E2600055FA029901F5E07001F5E473012201927B
:10E2700011460BF0C9FA009A01990298D0F8ECC047
:10E280004FF07E53CCF80030D0F8EC305A60D0F824
:10E29000EC309A60D0F8EC30DA604EF20132C0F621
:10E2A0000002C0F8D0204DF65D72C0F60002C0F842
:10E2B000D4204EF24932C0F60002C0F8D8204EF603
:10E2C000D522C0F60002C0F8DC2080F82E1080F8BD
:10E2D0002F10D0F804014CF22871C0F601019022F1
:10E2E0000392F1F7C6FF0298039AD0F8FC0040F2BF
:10E2F0008C01C2F20001F1F7BCFF0AB080BD000042
:10E3000080B582B001900198D0F8F81040F28C00EE
:10E31000C2F200009022F1F7ACFF0198D0F81C1176
:10E3200044F66840C2F2000048220092F1F7A1FFD3
:10E33000009A0198D0F80C1144F62040C2F2000077
:10E34000F1F797FF02B080BD80B586B005900598C3
:10E35000D0F8EC0090ED000A30EE000A44F6B04030
:10E36000C2F20000019080ED000A0598D0F8EC00A0
:10E3700090ED010A30EE000A44F6B440C2F200000B
:10E38000029080ED000A0598D0F8EC0090ED020AAA
:10E3900030EE000A44F6B840C2F20000039080ED6F
:10E3A000000A0598D0F8EC0090ED030A30EE000A60
:10E3B00044F6BC40C2F20000049080ED000A059BC8
:10E3C000D3F80C0148F2A801C2F2000109881A7BB7
:10E3D0009B7B59435143F1F765FF019B029A0399D7
:10E3E000049891ED000AB1EE400ADDF814C0DCF8A3
:10E3F0000CC18CED000AD0F800C0DDF814E0DEF8A6
:10E400000CE1CEF804C093ED000AB1EE400ADDF84D
:10E4100014C0DCF80CC18CED020AD2F800C0DDF8A3
:10E4200014E0DEF80CE1CEF80CC0D2F800C0DDF844
:10E4300014E0DEF80CE1CEF818C0D3F800C0DDF827
:10E4400014E0DEF80CE1CEF81CC0D0F800C0DDF816
:10E4500014E0DEF80CE1CEF820C0D1F800C0DDF801
:10E4600014E0DEF80CE1CEF824C01B68DDF814C01F
:10E47000DCF80CC1CCF8303092ED000AB1EE400A65
:10E48000059AD2F80C2182ED0D0A91ED000AB1EE49
:10E49000400A0599D1F80C1181ED0E0A0068059922
:10E4A000D1F80C11C86306B080BD000080B592B0F1
:10E4B0000BA8099080ED060AC0ED050A80ED041A4C
:10E4C000C0ED031A80ED022AC0ED012A80ED003A6A
:10E4D00045F22800C2F20000007868B9FFE7B2EE0A
:10E4E000040ADFEDD60A9FEDD61AF7EE001A9FED6B
:10E4F000D52AFFF769FEFFE709990B9A45F2280034
:10E50000C2F200000890C0F8BC2191ED060A90ED1F
:10E51000581A30EE410A80ED5B0A91ED050A90ED44
:10E52000591A30EE410A80ED5C0A91ED040A90ED33
:10E530005A1A30EE410A80ED5D0A90ED5B0AB6EEA4
:10E54000001A20EE010A91ED002A20EE020A44F69C
:10E55000C442C2F20002079282ED000A90ED5C0A0A
:10E5600020EE010A91ED002A20EE020A44F6C8428C
:10E57000C2F20002069282ED000A90ED5D0A20EEE2
:10E58000010A91ED001A20EE010A44F6CC41C2F2D4
:10E590000001059181ED000AD0F804014CF22871C8
:10E5A000C0F601019022F1F764FE059B069A0798D8
:10E5B000089990ED000AB1EE400AD1F804C18CED43
:10E5C000010A92ED000AB1EE400AD1F804C18CEDC7
:10E5D000020A93ED000AB1EE400AD1F804C18CEDB5
:10E5E000030AD0F800C0D1F804E1CEF818C0D3F87F
:10E5F00000C0D1F804E1CEF820C092ED000AB1EEDF
:10E60000400AD1F804C18CED090AD2F800C0D1F853
:10E6100004E1CEF830C093ED000AB1EE400AD1F823
:10E6200004C18CED0D0AD0F800C0D1F804E1CEF899
:10E630003CC01B68D1F804C1CCF848301268D1F84E
:10E640000431DA6490ED000AB1EE400AD1F8040119
:10E6500080ED140AD1F84801D1F84C11084370B983
:10E66000FFE70E9845F22801C2F20001C1F87801D7
:10E670000D98C1F87C010C98C1F88001FFE7099959
:10E6800045F22800C2F20000049090ED5E0A90ED81
:10E69000641A90ED6F3A20EE010A33EE012A80EE03
:10E6A000020A91ED031A21EE031A81EE021A30EEEE
:10E6B000010A80ED5E0A90ED5F0A90ED641A90ED1C
:10E6C0006F3A20EE010A33EE012A80EE020A91ED44
:10E6D000021A21EE031A81EE021A30EE010A80EDD1
:10E6E0005F0A90ED600A90ED641A90ED6F3A20EEAB
:10E6F000010A33EE012A80EE020A91ED011A21EEA1
:10E70000031A81EE021A30EE010A80ED600A90EDE4
:10E710005E1A90ED5F2A90ED600A22EE022A21EE49
:10E72000011A31EE021A20EE000A30EE010A0BF057
:10E73000D5FE44F6C040C2F2000080ED000A002081
:10E740008DF82B00FFE79DF82B0002281EDCFFE769
:10E750009DF82B1045F22800C2F2000000EB810268
:10E7600092ED5E0A44F6C042C2F2000292ED001A37
:10E7700020EE010A806800EB810080ED000AFFE7CF
:10E780009DF82B0001308DF82B00DCE745F22800C6
:10E79000C2F20000039090ED5B1A90ED5C2A90EDC0
:10E7A0005D0A22EE022A21EE011A31EE021A20EE53
:10E7B000000A30EE010A0BF091FE0398B0EE401A09
:10E7C000B7EE000A80EE011A80ED651A44F6C041EA
:10E7D000C2F2000191ED001A80EE010A80ED660A96
:10E7E00090ED650A9FEDB41AB4EE410AF1EE10FA0D
:10E7F0002ADAFFE745F22800C2F2000090ED660A2F
:10E800009FEDAE1AB4EE410AF1EE10FA1CDDFFE7FF
:10E8100045F22800C2F2000090ED660A9FEDA81AAA
:10E82000B4EE410AF1EE10FA0EDAFFE745F22801E4
:10E83000C2F20001012081F839010DE06F12833A24
:10E840008096184B0000000045F22801C2F200013A
:10E85000002081F83901FFE745F22801C2F20001EA
:10E86000029191ED6C0A91ED6F1A20EE010A081DDC
:10E87000D1F8182182ED000A91ED6C0A91ED6F1A22
:10E8800020EE010AD1F8182182ED070A91ED6C0AF9
:10E8900091ED6F1A20EE010AD1F8182182ED0E0ACF
:10E8A00091ED6C0A91ED6F1A20EE010AD1F8182152
:10E8B00082ED150A91ED6D0A91ED6F1A20EE010AB5
:10E8C000D1F8182182ED1C0A91ED6D0A91ED6F1AB5
:10E8D00020EE010AD1F8182182ED230AD1F81C316B
:10E8E000D1F8B8211A60D1F81C31D1F8B8211A61D9
:10E8F000D1F81C21D1F8B811116201F031FB029856
:10E9000041680968C0F8501141684968C0F854115D
:10E9100041688968C0F858114168C968C0F85C113D
:10E9200041680969C0F8601141684969C0F864111B
:10E930000021C0F8681190ED541A90ED552A90ED21
:10E94000563A90ED570A22EE033A21EE000A30EED5
:10E95000030A30EE000A22EE022A21EE011A31EEFD
:10E96000021A31EE011ABFEE002A8DED002A71EE77
:10E97000020A0DF095F99DED002A02989FED511ABB
:10E980008DED011A20EE010A80ED6A0A90ED541A0D
:10E9900090ED550A90ED564A90ED573A24EE034A11
:10E9A00021EE000A30EE040A30EE000A23EE033AAC
:10E9B00021EE011A31EE031A31EE011A71EE020A4C
:10E9C0000DF06EF99DED011A029820EE010A80ED1E
:10E9D000690A90ED540A90ED551A90ED563A90ED73
:10E9E000572A20EE030A21EE021A30EE410A30EED9
:10E9F000000A0DF0BFF89DED011A029820EE010A01
:10EA000080ED680A90ED6A0A90ED761A30EE410AC0
:10EA10009FED2D1AB4EE410AF1EE10FA0ADDFFE780
:10EA200045F22801C2F20001B1F8D4010138A1F881
:10EA3000D4011CE045F22800C2F2000090ED6A0A01
:10EA400090ED761A30EE410A9FED201AB4EE410A9D
:10EA5000F1EE10FA0ADAFFE745F22801C2F20001EE
:10EA6000B1F8D4010130A1F8D401FFE7FFE745F286
:10EA70002801C2F20001B1F9D40100EE100AB8EE8B
:10EA8000C00A91ED6A1A9FED122A20EE020A30EEBA
:10EA9000010A81ED6B0AD1F8A801C1F8D801D1F8BB
:10EAA0004821D1F84C01013240F10000C1F8482161
:10EAB000C1F84C0112B080BD9A99993ECDCC144159
:10EAC000CDCC2441E12E654200003443000034C324
:10EAD0000000B44380B586B00590059901F1780037
:10EAE00080310BF047FA059981F8C8000599B1F813
:10EAF0007800A1F8A8000599B1F85A00A1F8AA0079
:10EB0000059A02F1780002F15801A8320BF076F96B
:10EB1000059981F8C8000599B1F8A800A1F8B000DE
:10EB20000599B1F88200A1F8B200059A02F1A80097
:10EB300002F18001B0320BF061F9059981F8C8004B
:10EB40000599B1F89000A1F8A0000599B1F89200DC
:10EB5000A1F8A200059A02F1B00002F19001A032E2
:10EB60000AF01EFE059981F8C800059901F1A00080
:10EB7000B0310AF05DFE059981F8C8000598D0F81B
:10EB8000EC00006844F6D043C2F200031860059818
:10EB9000D0F8EC00406844F6D442C2F200021060A3
:10EBA0000598D0F8EC00806844F6D841C2F2000124
:10EBB00008600598D0F8EC00D0F80CC044F6DC40B2
:10EBC000C2F20000C0F800C0DDF814E0BEF878C062
:10EBD000AEF8B8C0DDF814E04FF0010CAEF8BAC0E2
:10EBE00092ED000A90ED002A93ED001A91ED003AA3
:10EBF00021EE031A20EE020A30EE410A30EE000A3E
:10EC0000DDF814C0DCF82CC18CED000A93ED000A8D
:10EC100092ED002A91ED001A90ED003A21EE031AD0
:10EC200020EE020A30EE010A30EE000ADDF814C0D0
:10EC3000DCF82CC18CED010A93ED000A92ED001A6C
:10EC400021EE011A20EE000A30EE410A91ED001A81
:10EC500021EE011A30EE411A90ED000A20EE000A72
:10EC600030EE010A0598D0F82C0180ED020A002050
:10EC70008DF81300FFE79DF8130002281EDCFFE764
:10EC80000598D0F82C019DF8131000EB810090ED51
:10EC9000000AB0EEC00A0CF0E1FE9DF8131045F238
:10ECA0002800C2F2000000EB810080ED610AFFE75E
:10ECB0009DF8130001308DF81300DCE70599B1F8D9
:10ECC0004800A1F8C000059901200190A1F8C200F8
:10ECD000059A02F1480002F1B801C0320BF016F9B2
:10ECE00001460198059A82F8C810059AB2F8C0103A
:10ECF000A2F8A8100599A1F8AA00059A02F1B0009F
:10ED000002F1C001A8320BF079F801460198059A8A
:10ED100082F8C8100599A1F8B8000599B1F8C000AB
:10ED2000A1F8BA00059901F1C000B8310BF022F941
:10ED3000059981F8C800059901F1B800A83145F29C
:10ED40002802C2F20002029202F5E0720BF056F8BD
:10ED500001460298059A82F8C81090ED720A90ED6B
:10ED6000731AB6EE002A21EE021AB4EE410AF1EE51
:10ED700010FA08DAFFE745F22801C2F2000101208B
:10ED800081F83801FFE745F22800C2F2000090ED5B
:10ED9000720A90ED731AB4EE410AF1EE10FA64DDD6
:10EDA000FFE745F22800C2F2000090F83801002881
:10EDB0005BD0FFE745F22800C2F2000090F839016D
:10EDC00080B1FFE745F22801C2F20001D1F84021ED
:10EDD000D1F84401013240F10000C1F84021C1F8EE
:10EDE000440109E045F22801C2F200010020C1F807
:10EDF0004401C1F84001FFE745F22800C2F20000DB
:10EE0000D0F84011D0F84401333970F100000BD331
:10EE1000FFE745F22801C2F20001002081F8380125
:10EE2000059981F82C001FE0059BD3F8E800D3F882
:10EE3000EC1048F2A802C2F20002009212881B7B7A
:10EE40005A43F1F716FA009A059BD3F8F800D3F865
:10EE5000FC1012881B7B5A435A43F1F70AFA0599B2
:10EE6000012081F82C0063E142E045F22800C2F263
:10EE7000000090ED720A90ED731A9FEDAE2A21EE1C
:10EE8000021AB4EE410AF1EE10FA1BDDFFE745F27B
:10EE90002800C2F2000090F8380198B1FFE745F26F
:10EEA0002800C2F2000090ED720A90ED731A31EE64
:10EEB000400A9FEDA12A21EE021A80EE010A80EDA0
:10EEC000670A08E045F22801C2F200014FF07E50C7
:10EED000C1F89C01FFE745F22801C2F200010020C1
:10EEE000C1F84401C1F84001059981F82C00FFE701
:10EEF0000599B1F85800A1F8A8000599B1F8820069
:10EF0000A1F8AA00059A02F1580002F18001A83286
:10EF10000AF074FF059981F8C800059A02F1A8006B
:10EF200002F1B00198320AF069FF059981F8C80032
:10EF300000208DF81200FFE79DF81200059AB2F844
:10EF40009810B2F89A20514388421ADAFFE745F246
:10EF50002800C2F2000090ED671A0598D0F81C0155
:10EF60009DF8121000EB810090ED000A20EE010ADE
:10EF700080ED000AFFE79DF8120001308DF81200C5
:10EF8000DAE704208DF81100FFE79DF8110005284D
:10EF900035DCFFE700208DF81000FFE79DF810003A
:10EFA000022825DCFFE79DF8111045F22800C2F287
:10EFB000000000EB810090ED5D0A9FED621A80EE8B
:10EFC000011A0598D0F81C0101EB41019DF81020B1
:10EFD000114400EB810090ED000A20EE010A80ED63
:10EFE000000AFFE79DF8100001308DF81000D5E70A
:10EFF000FFE79DF8110001308DF81100C5E7059974
:10F00000B1F89800A1F8B80005990120A1F8BA005C
:10F01000059A02F1980002F1C001B8320AF0EEFE42
:10F02000059981F8C80045F22800C2F2000090F866
:10F03000380100286BD0FFE704208DF80F00FFE7B0
:10F040009DF80F00052861DCFFE70598D0F8BC00AB
:10F050009DF80F1000EB810090ED000A45F22800AA
:10F06000C2F2000090ED6F1A9FED342A21EE021AD1
:10F07000B4EE410AF1EE10FA14DDFFE745F2280084
:10F08000C2F2000090ED6F0A9FED2C1A20EE010AEB
:10F090000598D0F8BC009DF80F1000EB810080EDC2
:10F0A000000AFFE70598D0F8BC009DF80F1000EBB0
:10F0B000810090ED000A45F22800C2F2000090EDB8
:10F0C0006F1A9FED1F2A21EE021AB4EE410AF1EEEB
:10F0D00010FA14DAFFE745F22800C2F2000090EDC2
:10F0E0006F0A9FED171A20EE010A0598D0F8BC00B0
:10F0F0009DF80F1000EB810080ED000AFFE7FFE7AD
:10F100009DF80F0001308DF80F0099E7FFE7059893
:10F11000D0F8BC100020C860059A02F1380002F156
:10F12000B80130320AF03CFB059981F8C800FFE7CE
:10F1300006B080BDCDCCCC3D6666663F0AD7233C89
:10F140000AD723BCDA0FC93F80B582B040F2F01075
:10F15000C2F2000090ED000A40F2B840C2F2000096
:10F16000D0ED070A45F61400C2F20000019003F04A
:10F1700015F9019840309FED0A0ADFED0A0A01F007
:10F180009BFB019890ED100ABDEEC00A10EE100A2C
:10F1900047F6D431C2F200010968486302B080BD6D
:10F1A00000409C460000000080B584B044F6C031A9
:10F1B000C2F200014FF07E5048608860C8600020B5
:10F1C000029008614861886101200870B2EE040A6B
:10F1D000DFED190A9FED191AF7EE001A9FED182AB4
:10F1E0008DED012AFEF7F0FFDDED011A45F6140062
:10F1F000C2F200009FED130ADFED130A9FED132A00
:10F20000DFED132AB0EE611A03F0A0F847F6D43010
:10F21000C2F200000390FCF727F802990398FCF76C
:10F2200091FD44F6E041C2F2000144F29630C3F68B
:10F230000B40086404B080BD6F12833A8096184B6F
:10F240000000000000409C450000C8420000FA4554
:10F2500000409C4680B592B0FFF7A6FF44F6B0513F
:10F26000C2F2000101200870FFE744F6F450C2F238
:10F2700000000188013101800088642807DBFFE776
:10F2800044F66C51C2F2000100200870FFE744F61A
:10F29000F450C2F200000088C82807DBFFE744F6FC
:10F2A000F451C2F2000164200880FFE744F6F450F4
:10F2B000C2F200000088C72803D1FFE7F2F730FC54
:10F2C000FFE74FF2C350C4F21C10119000200A90C7
:10F2D00010900F9044F66850C2F20000F3F790F9D6
:10F2E00046F6D860C2F20000089080ED000A90ED6A
:10F2F000001A48F2AC00C2F2000090ED000A30EEB5
:10F30000010A80ED000AFFF71FFF40F2B840C2F289
:10F3100000000490F1F778FB0498016844F6E0439C
:10F32000C2F2000309931A4642F81C1F0792416873
:10F33000196281685962D0F80CC0194641F810CFA3
:10F340000691D0F810C0C3F814C04069986144F623
:10F35000C030C2F20000FEF799FB0799099891EDC1
:10F36000000AD0ED090A0CF09BFC09989FED931A56
:10F370008DED051A20EE410A80ED1A0A90ED080A7B
:10F38000D0ED090A0CF08CFC9DED051A069B079A3E
:10F390000898099920EE010A81ED1B0A93ED000AF5
:10F3A000D2ED001AD1ED050A91ED061A91ED082A69
:10F3B000D1ED092A90ED003AFFF778F8099A45F265
:10F3C000280CC2F2000CDCF85001DCF85411DCF817
:10F3D0005831DCF85CC1C2F80CC093605160106019
:10F3E00002F144014DF28020C0F60100F1F75AFD10
:10F3F000099A02F150014DF28C20C0F60100F1F79C
:10F4000051FD099A02F15C014DF29820C0F601000D
:10F41000F1F748FD099A0FA80CA9F3F721FA0A9809
:10F420008DF82F00FFE79DF82F00022830DCFFE762
:10F430009DF82F0044F6E041C2F200010CAA02EB55
:10F44000800292ED002A01EB800090ED070A90ED1A
:10F450000A1A30EE420A46F6D862C2F2000292ED73
:10F46000002A20EE020A91ED103A33EE022A80EED5
:10F47000020A21EE031A81EE021A30EE010A80ED33
:10F480000A0AFFE79DF82F0001308DF82F00CAE728
:10F4900044F6E042C2F20002039202F1280002F1B7
:10F4A0003401F1F7FFFC039945F22800C2F2000095
:10F4B000D0F8A8218A67D0F8A4214A67D0F8A02103
:10F4C0000A67D0F8AC01C1F8800045F2A430C2F25E
:10F4D00000000078012835D1FFE744F6E040C2F291
:10F4E000000090ED1E0A90ED1F1A30EE410A9FEDCC
:10F4F000341AB4EE410AF1EE10FA08DDFFE744F6E3
:10F50000B051C2F20001086A01380862FFE744F610
:10F51000E040C2F2000090ED1E0A90ED1F1A30EE9E
:10F52000410A9FED281AB4EE410AF1EE10FA08DA0A
:10F53000FFE744F6B051C2F20001086A01300862E8
:10F54000FFE7FFE744F6E041C2F200010191CA691A
:10F550000B6AD1F824C044F6B050C2F20000029009
:10F56000C0F834C00363C2620A694B69D1F818C09D
:10F57000C0F840C0C36382638A6F42604A6FC26052
:10F580000A6F826091ED060A9FED0C1A20EE010AC7
:10F5900080ED040A90ED080AB8EEC00A91ED1E1A3B
:10F5A0009FED092A20EE020A30EE010A80ED090AD9
:10F5B000886FC86701200BF023F856E6E02E6542FD
:10F5C00000003443000034C30000B44380B582B06F
:10F5D00001900020ADF8000001980078A52830D1F6
:10F5E000FFE7019805210BF06BFF012828D1FFE709
:10F5F000019840780930ADF802000198BDF802107A
:10F600000BF020FF01281AD1FFE701994879897989
:10F6100040EA0120ADF80000BDF8000040F20231E0
:10F6200088420AD1FFE70198C11D44F62C00C2F2BE
:10F6300000001E22F0F71DFE00E0FFE7FFE7FFE7F6
:10F640000EE001980078A92809D1FFE701984078D9
:10F65000532804D1FFE71520ADF80200FFE7FFE7CC
:10F660000198BDF80210405CA52807D0FFE701987B
:10F67000BDF80210405CA92807D1FFE70198BDF84A
:10F6800002100844FFF7A2FFFFE702B080BD0000B0
:10F6900083B0029001918DF8032000208DF80200C4
:10F6A0008DF80200FFE79DF802009DF803108842E4
:10F6B00029DAFFE70298000F092809D8FFE7029826
:10F6C000000F303001999DF8022001F8120009E086
:10F6D0000299372000EB117001999DF8022001F882
:10F6E0001200FFE702980001029001989DF80210B5
:10F6F00000EB410100204870FFE79DF80200013057
:10F700008DF80200CFE703B07047000080B58AB0E3
:10F7100009908DF823108DF822208DF8213048F2C1
:10F72000A801C2F2000106910420088048F2A60157
:10F73000C2F20001082008809DF82300099908738F
:10F740009DF82200099948739DF821000999887352
:10F750000999002008749DF821000BF0DFFA09993F
:10F760004861099840699DF82110F0F79BFD0698C3
:10F7700000889DF8211048430BF0D0FA0699099AA9
:10F7800090610998806909889DF821205143F0F71C
:10F7900089FD069800889DF8211048430BF0BEFAB9
:10F7A0000699099AD0610998C06909889DF82120B5
:10F7B0005143F0F777FD069800889DF823104843E1
:10F7C0000BF0ACFA0699099A10620998006A098848
:10F7D0009DF823205143F0F765FD9DF821000BF0C3
:10F7E0009DFA099948620998406A9DF82110F0F73E
:10F7F00059FD069800889DF8231048430BF08EFAB7
:10F800000699099A10600998006809889DF82320D4
:10F810005143F0F747FD069800889DF821104843B2
:10F820000BF07CFA0699099A50600998406809889B
:10F830009DF821205143F0F735FD069800889DF88A
:10F84000221048430BF06AFA0699099A90600998C9
:10F85000806809889DF822205143F0F723FD06981F
:10F8600000889DF8231048430BF058FA0699099A2E
:10F87000C2F8E8000998D0F8E80009889DF823202C
:10F880005143F0F70FFD099A02F13000117BD2F8D5
:10F89000E8300122079209F0B7FF069800889DF82A
:10F8A000231048430BF03AFA0699099AC2F8EC0083
:10F8B0000998D0F8EC0009889DF823205143F0F70F
:10F8C000F1FC079A099B03F13800197BD3F8EC305F
:10F8D00009F09AFF9DF8220010B3FFE748F2A80054
:10F8E000C2F20000059000889DF8221048430BF0FA
:10F8F00015FA0599099AC2F8F0000998D0F8F000B5
:10F9000009889DF822205143F0F7CCFC099A02F1B6
:10F910004000517BD2F8F030012209F075FFFFE77B
:10F9200048F2A800C2F20000049000889DF821105F
:10F9300048430BF0F3F90499099AC2F8F4000998C6
:10F94000D0F8F40009889DF821205143F0F7AAFC73
:10F95000099A02F14800917BD2F8F430012209F0B3
:10F9600053FF049800889DF82310484348430BF048
:10F97000D5F90499099AC2F8F8000998D0F8F80066
:10F9800009889DF8232051435143F0F78BFC0999D6
:10F9900001F150000A7BD1F8F830114609F034FF2C
:10F9A000049800889DF82310484348430BF0B6F9AB
:10F9B0000499099AC2F8FC000998D0F8FC0009885B
:10F9C0009DF8232051435143F0F76CFC099901F154
:10F9D00058000A7BD1F8FC30114609F015FF049855
:10F9E00000889DF82310484348430BF097F90146DF
:10F9F0000498099AC2F8001100889DF82310484322
:10FA000048430BF08BF90499099AC2F8040109984C
:10FA1000D0F8000109889DF8232051435143F0F7A5
:10FA200041FC04990998D0F8040109889DF8232025
:10FA300051435143F0F736FC099901F160000A7B0C
:10FA4000D1F80031114609F0DFFE099901F1680093
:10FA50000A7BD1F80431114609F0D6FE9DF8220048
:10FA600040B3FFE748F2A800C2F20000039000880C
:10FA70009DF8231048439DF8221048430BF04EF99F
:10FA80000399099AC2F808010998D0F80801098871
:10FA90009DF8232051439DF822205143F0F702FCAA
:10FAA000099B03F17000197B5A7BD3F8083109F0E8
:10FAB000ABFEFFE748F2A800C2F200000190008808
:10FAC0009DF8211048439DF8231048430BF026F978
:10FAD00001460198099AC2F80C1100889DF823107C
:10FAE00048439DF8211048430BF018F90199099AF1
:10FAF000C2F810010998D0F80C0109889DF821205E
:10FB000051439DF823205143F0F7CCFB019909980C
:10FB1000D0F8100109889DF8232051439DF8212039
:10FB20005143F0F7BFFB099B03F178001A7B997BE7
:10FB3000D3F80C3109F068FE099B03F18000197BB2
:10FB40009A7BD3F8103109F05FFE019800889DF888
:10FB50002310484348430BF0E1F80199099AC2F891
:10FB600014010998D0F8140109889DF82320514305
:10FB70005143F0F797FB099901F188000A7BD1F80E
:10FB80001431114609F040FE019800889DF82110BB
:10FB9000484348430BF0C2F80199099AC2F818018A
:10FBA0000998D0F8180109889DF821205143514344
:10FBB000F0F778FB099901F190008A7BD1F81831B0
:10FBC000114609F021FE019800889DF82310484352
:10FBD0009DF8211048430BF0A1F80199099AC2F849
:10FBE0001C010998D0F81C0109889DF82320514375
:10FBF0009DF821205143F0F755FB099B03F1980034
:10FC0000197B9A7BD3F81C3109F0FEFD019800881E
:10FC10000999097B484348430BF080F80146019855
:10FC2000099AC2F8201100880999097B4843484382
:10FC30000BF074F801460198099AC2F82411008863
:10FC40000999097B484348430BF068F8014601983D
:10FC5000099AC2F8281100880999097B48430BF0DA
:10FC60005DF801460198099AC2F82C11008809999B
:10FC7000097B48430BF052F80999C1F83001099902
:10FC800001F1A0000A7BD1F82031114609F0BCFD3A
:10FC9000099901F1A8000A7BD1F82431114609F035
:10FCA000B3FD099901F1B0000A7BD1F82831114662
:10FCB00009F0AAFD099A02F1B800117BD2F82C31A3
:10FCC0000122029209F0A0FD029A099B03F1C000F3
:10FCD000197BD3F8303109F097FD0999002081F89C
:10FCE0002800099981F82900099981F82A000999C1
:10FCF00081F82B00099981F82C000AB080BD000022
:10FD000080B582B001900198C07B20B1FFE70198D7
:10FD1000FDF708FD16E0019BD3F8F400596848F29E
:10FD2000A802C2F20002009212889B7B5A43F0F7AD
:10FD3000A0FA0099019A50680988927B5143F0F724
:10FD4000B1FAFFE7019BD3F8F000996848F2A802E6
:10FD5000C2F2000212885B7B5A43F0F78AFA02B0C3
:10FD600080BD000080B582B00190019890F82C0011
:10FD7000B0BBFFE70199B1F89800A1F8A80001997C
:10FD8000B1F87A00A1F8AA000199B1F8A800A1F889
:10FD9000B0000199B1F85A00A1F8B200019A02F13D
:10FDA000980002F17801A8320AF028F8019981F848
:10FDB000C800019A02F1A80002F15801B0320AF01D
:10FDC0001DF8019981F8C800019A02F1580002F16A
:10FDD000B00150320AF09AF8019981F8C800FFE7A3
:10FDE00002B080BD80B582B00190019890F82900E2
:10FDF000A8BBFFE7019901F1600068310AF0BAF889
:10FE0000019981F8C800019A02F1600002F15001E5
:10FE1000583209F0F3FF019981F8C8000199B1F84F
:10FE20005800A1F8A8000199B1F86A00A1F8AA0049
:10FE3000019A02F1580002F16801A83209F0DEFFD0
:10FE4000019981F8C800019A02F1A80002F1880125
:10FE5000583209F0A5FC019981F8C800FFE702B00B
:10FE600080BD000080B582B00190019890F82A0012
:10FE7000002872D1FFE7019901F1780080310AF082
:10FE800079F8019981F8C8000199B1F87800A1F8D2
:10FE9000A8000199B1F85A00A1F8AA00019A02F14C
:10FEA000780002F15801A83209F0A8FF019981F801
:10FEB000C8000199B1F8A800A1F8B0000199B1F803
:10FEC0008200A1F8B200019A02F1A80002F18001BB
:10FED000B03209F093FF019981F8C8000199B1F897
:10FEE0009000A1F8A0000199B1F89200A1F8A20039
:10FEF000019A02F1B00002F19001A03209F050FC29
:10FF0000019981F8C800019901F1A000B03109F010
:10FF10008FFC019981F8C8000199B1F85800A1F847
:10FF2000A8000199B1F88200A1F8AA00019A02F193
:10FF3000580002F18001A83209F060FF019981F8B0
:10FF4000C800019A02F1A80002F1B001983209F04C
:10FF500055FF019981F8C800FFE702B080BD00009D
:10FF600080B584B003900398FFF7CAFE0398D0F8D9
:10FF7000CC0028B1FFE70398D0F8CC108847FFE702
:10FF8000039800F0B5F80398D0F8D00028B1FFE747
:10FF90000398D0F8D0108847FFE70398FFF722FFB7
:10FFA0000398D0F8D40028B1FFE70398D0F8D41014
:10FFB0008847FFE70398007C20B9FFE70398C07BE0
:10FFC000F0B9FFE70398FFF74DFF0398D0F8D8008A
:10FFD00028B1FFE70398D0F8D8108847FFE70398C7
:10FFE00000F0D8F80398D0F8DC0028B1FFE70398B8
:10FFF000D0F8DC108847FFE70398FFF7B3FE1BE05B
:020000040801F1
:10000000039BD3F8E800D3F8EC1048F2A802C2F240
:100010000002019212881B7B5A43F0F72AF9019AD9
:10002000039BD3F8F800D3F8FC1012881B7B5A43CB
:100030005A43F0F71EF9FFE70398D0F8E00028B123
:10004000FFE70398D0F8E0108847FFE700208DF81D
:100050000B00FFE79DF80B000399097B88422CDA1F
:10006000FFE70398D0F8F8209DF80B10037B11FBF5
:10007000031302EB830292ED000A006A00EB810099
:1000800090ED001AB4EE410AF1EE10FA0EDAFFE735
:10009000039B186A9DF80B2050F82200D3F8F81043
:1000A0001B7B12FB032241F82200FFE7FFE79DF8CC
:1000B0000B0001308DF80B00CCE7039B1868D3F8D8
:1000C000E81048F2A802C2F2000212881B7B5A43D1
:1000D000F0F7CFF80398D0F8E40028B1FFE70398D1
:1000E000D0F8E4108847FFE70398006804B080BDAB
:1000F00080B582B00190019890F82800002846D180
:10010000FFE70198407B012834DBFFE70199087B7A
:10011000A1F8B800019901200090A1F8BA00019A55
:1001200002F1600002F13001B83209F067FE0146C9
:100130000098019A82F8C810019A117BA2F8C010A9
:100140000199A1F8C200019A02F1700002F1400188
:10015000C03209F053FE019981F8C800019A02F1FA
:10016000B80002F1C001383209F01AFB019981F898
:10017000C8000BE0019A02F1600002F13001383250
:1001800009F03CFE019981F8C800FFE7FFE702B0E3
:1001900080BD000080B582B00190019890F82B00DE
:1001A00000284BD1FFE70199B1F87800A1F8B80019
:1001B000019901200090A1F8BA00019A02F178009B
:1001C00002F13801B83209F019FE01460098019A8F
:1001D00082F8C810019AB2F84810A2F8C01001992C
:1001E000A1F8C200019A02F1480002F1B801C03240
:1001F00009F08CFE01460098019A82F8C810019A15
:10020000B2F89810A2F8B8100199A1F8BA00019AB2
:1002100002F1980002F1C001B83209F0EFFD019936
:1002200081F8C800019A02F1380002F1B8013032B9
:1002300009F0B6FA019981F8C800FFE702B080BD65
:1002400081B000208DF80300FFE79DF8030002282D
:100250001BDCFFE79DF80300020144F6FC50C2F2EC
:100260000000012181549DF8032000EB021251701F
:100270009DF8031000EB011100200873FFE79DF8C3
:10028000030001308DF80300DFE701B07047000084
:1002900080B582B00190FFF7D3FF00F061F9FFE76E
:1002A00000F006F800F0C0F90A200AF0A9F9F7E713
:1002B00080B584B040F60040C4F6000001901021E3
:1002C000F7F7F8F90146019844F6FC52C2F2000231
:1002D000029211704021F7F7EDF9029A0146019858
:1002E00011742021F7F7E6F9029981F82000002027
:1002F0008DF80F00FFE79DF80F00022800F3DD8066
:10030000FFE79DF80F00010144F6FC50C2F2000027
:10031000405CE0B9FFE79DF80F1044F6FC50C2F2D4
:10032000000000EB01104078012810D1FFE79DF894
:100330000F0044F6FC51C2F2000101EB0012002054
:1003400050609DF80F2001EB02118860FFE79DF8D7
:100350000F00010144F6FC50C2F20000405C00BBFB
:10036000FFE79DF80F1044F6FC50C2F2000000EBCE
:1003700001104078A8B9FFE79DF80F1044F6FC5033
:10038000C2F2000000EB01125168013151609DF88A
:100390000F1000EB011004306E21002200F0B4FABF
:1003A000FFE79DF80F00010144F6FC50C2F2000087
:1003B000405C01282ED1FFE79DF80F1044F6FC5059
:1003C000C2F2000000EB0110407818BBFFE79DF877
:1003D0000F1044F6FC50C2F2000000EB0110406820
:1003E00064280BDBFFE79DF80F1044F6FC50C2F2C7
:1003F000000000EB0111022008730AE09DF80F10C5
:1004000044F6FC50C2F2000000EB01110120087319
:10041000FFE7FFE79DF80F00010144F6FC50C2F230
:100420000000405C012836D1FFE79DF80F1044F62C
:10043000FC50C2F2000000EB0110407801282AD1E4
:10044000FFE79DF80F1044F6FC50C2F20000009048
:1004500000EB01129168013191609DF80F1000EBE3
:10046000011008306421002200F04EFA00989DF837
:100470000F1000EB0110806832280BDBFFE79DF8BE
:100480000F1044F6FC50C2F2000000EB01110020F6
:100490000873FFE7FFE79DF80F2044F6FC50C2F217
:1004A000000000EB02111201805C4870FFE79DF82C
:1004B0000F0001308DF80F001DE704B080BD000073
:1004C00080B582B044F63C60C2F200000090008823
:1004D00064221146FCF7B8FF00990888031D40F616
:1004E0006130C0F2B600A3FB00204FF4B47200FBF1
:1004F0001230088045F28820C2F20000007800EE39
:10050000100AB8EEC00A9FED151A8DED011A20EE03
:10051000010A012000F040F89DED011A44F6880020
:10052000C2F20000007800EE100AB8EEC00A20EE19
:10053000010A022000F030F89DED011A40F2F64069
:10054000C2F20000007800EE100AB8EEC00A20EEF9
:10055000010A032000F020F802B080BD0000803BBB
:1005600080B582B047F68830C2F2000001900421C5
:10057000FBF7E8FB01980821FBF7E4FB01980C214D
:10058000FBF7E0FB01990A68002090630A68D063DA
:100590000968086402B080BD83B08DF80B008DED52
:1005A000010A9DF80B0001460091012808D0FFE7E1
:1005B0000098022814D0FFE70098032820D02FE0ED
:1005C0009DED010A9FED171A20EE010A47F68830CB
:1005D000C2F200000068BCEEC00A80ED0E0A1FE007
:1005E0009DED010A9FED0F1A20EE010A47F68830B3
:1005F000C2F200000068BCEEC00A80ED0F0A0FE0F6
:100600009DED010A9FED071A20EE010A47F688309A
:10061000C2F200000068BCEEC00A80ED100AFFE7DD
:1006200003B0704700007A4480B5FFF749FF80BDF2
:1006300081B00090009988684FF6C072C5F6FF72CD
:100640001040886001B0704781B0009000988068C9
:1006500040F080504FF6C071C7F6FF710840009916
:10066000886001B07047000081B0009000988068F9
:1006700000F0E07001B0704783B0029001910298E1
:10068000019900EB8100603000900098006800F054
:10069000F84003B07047000081B000900098806877
:1006A000C0F3C00001B0704781B00090009880682E
:1006B000C0F3407001B0704781B00090009880682E
:1006C00000F0010001B0704781B000900098806890
:1006D00000F0010001B0704781B000900098806880
:1006E000C0F3007001B0704781B00090009880683E
:1006F000C0F3800001B0704781B00090009880681E
:10070000C0F3800001B0704784B003900291019261
:100710000398029901F4407100EB91103030009081
:1007200000980068029901F01F021F219140884340
:100730000199C1F38461914008430099086004B0B5
:100740007047000084B003900291019203980299CF
:1007500001F0007100EBD150143000900098006857
:100760000299C1F3045207219140884301999140B5
:1007700008430099086004B07047000083B00290FD
:10078000019100920298D0F8B00001996FF3DF4117
:100790008843009A02F018034FF6FF72C0F2070276
:1007A000DA40114008440299C1F8B00003B0704724
:1007B00082B0019000910198806820F47C1000992B
:1007C00008430199886002B07047000082B0019030
:1007D00000910198806820F0E07000990843019929
:1007E000886002B07047000085B0049003910292C7
:1007F00001930498039900EB810060300090009809
:1008000000684FF20001C0F2FF310140029800F091
:10081000F840019A1043084340F0004000990860F6
:1008200005B0704784B00390029101920398029939
:1008300000EB8100603000900098006820F00070AC
:10084000019908430099086004B0704784B0039090
:10085000029101920398029900EB810060300090B0
:100860000098006820F080700199084300990860A2
:1008700004B0704784B003900291019203980299EA
:1008800000EB8100603000900098006820F000408C
:10089000019908430099086004B0704782B0019044
:1008A00000910198406920F00040009908430199A7
:1008B000486102B07047000083B002908DED010ADC
:1008C000CDED000A029890ED000A9DED011AB4EEFC
:1008D000410AF1EE10FA04DDFFE701980299086081
:1008E0000FE0029890ED000A9DED001AB4EE410A67
:1008F000F1EE10FA04DAFFE7009802990860FFE7CA
:10090000FFE703B07047000083B0029001910092AE
:10091000029800680199884204DDFFE70198029976
:1009200008600AE0029800680099884204DAFFE74C
:10093000009802990860FFE7FFE703B070470000E6
:1009400080B58EB0002101910D910C910B910A910F
:10095000099108910791069105910491039147F23D
:10096000C410C2F20000029040F20042C5F2000240
:1009700002604FF4403242608160C16001614161B8
:1009800004228261017741770122026280F82410FB
:10099000C162016380F83810C16380F84010F4F739
:1009A00037FA18B1FFE7F2F74BFAFFE700200B9098
:1009B00047F2C410C2F200000BA9F3F733FC18B1E0
:1009C000FFE7F2F73DFAFFE71020C1F2C000039005
:1009D00006200490002005907F21069104210791B4
:1009E000089047F2C410C2F2000003A9F3F794FD87
:1009F00018B1FFE7F2F724FAFFE70EB080BD000060
:100A000080B547F23020C2F2000043F20001C4F288
:100A10000201016000210171417141618161012187
:100A20000162F4F7ADFC18B1FFE7F2F709FAFFE74E
:100A300080BD000080B58CB068463021EFF732FCF5
:100A400047F25420C2F2000041F20001C5F2000159
:100A50000160F4F7E5FE18B1FFE7F2F7F1F9FFE7FF
:100A60000220009000228DF804208DF805200292CB
:100A70000392049205900690079247F25420C2F226
:100A800000006946F4F700FD18B1FFE7F2F7D8F966
:100A9000FFE70CB080BD000080B58CB0FFE741F2ED
:100AA0004800C4F20200016841F0040101600068DE
:100AB00000F004000B900B98FFE7FFE741F24800BD
:100AC000C4F20200016841F001010160006800F019
:100AD00001000A900A98FFE7FFE741F24800C4F2DC
:100AE0000200016841F002010160006800F00200AC
:100AF00009900998FFE70B2001900421059100223D
:100B00000792F7F74BF80198F7F73EF80599079A1F
:100B10000C200290F7F742F80298F7F735F805999C
:100B2000079A0D200390F7F739F80398F7F72CF898
:100B30000599079A0E200490F7F730F80498F7F714
:100B400023F80599079A0F200690F7F727F80698DB
:100B5000F7F71AF8079A5E2008900521F7F71EF8B4
:100B60000898F7F711F80CB080BD000080B582B08E
:100B700047F22860C2F20000009046F20041C4F241
:100B8000000101600021019141608160C16001228A
:100B90000274417481741123436182610423C3612F
:100BA0000523036242628262C2620263416381631F
:100BB000C163F5F719FE18B1FFE7F2F741F9FFE756
:100BC00002B080BD80B582B047F28C60C2F20000F6
:100BD000009046F60001C4F200010160002101917D
:100BE00041608160C16001220274417481741123EB
:100BF000436182610423C36105230362426282620E
:100C0000C262026341638163C163F5F7EDFD18B110
:100C1000FFE7F2F715F9FFE702B080BD80B582B0BB
:100C200047F2F060C2F20000009046F60041C4F2C4
:100C3000000101600021019141608160C1600122D9
:100C40000274417481741123436182610423C3617E
:100C50000523036242628262C2620263416381636E
:100C6000C163F5F7C1FD18B1FFE7F2F7E9F8FFE757
:100C700002B080BD80B5B8B04CF2EC5CC0F6010C9F
:100C8000DCF80000DCF80410DCF80820DCF80C309C
:100C9000DCF810C0CDF8DCC0369335923491339037
:100CA00033A80021009109F0C5FC009946F6D462F2
:100CB000C2F2000210604CF2C45EC0F6010EDEF813
:100CC0000000DEF80420DEF80830DEF80CC0DEF8A4
:100CD00010E0CDF8C8E0CDF8C4C030932F922E902C
:100CE0002EA809F0A7FC009945F25C42C2F200026E
:100CF00010604CF29C5EC0F6010EDEF80000DEF8DB
:100D00000420DEF80830DEF80CC0DEF810E0CDF884
:100D1000B4E0CDF8B0C02B932A92299029A809F00D
:100D200089FC009944F66452C2F2000210604CF251
:100D3000885EC0F6010EDEF80000DEF80420DEF862
:100D40000830DEF80CC0DEF810E0CDF8A0E0CDF8F9
:100D50009CC026932592249024A809F06BFC00994E
:100D600044F69C02C2F2000210604CF24C5EC0F6E7
:100D7000010EDEF80000DEF80420DEF80830DEF8B0
:100D80000CC0DEF810E0CDF88CE0CDF888C02193DF
:100D900020921F901FA809F04DFC009940F24C5280
:100DA000C2F2000210604CF2605EC0F6010EDEF886
:100DB0000000DEF80420DEF80830DEF80CC0DEF8B3
:100DC00010E0CDF878E0CDF874C01C931B921A9017
:100DD0001AA809F02FFC009940F62802C2F200027E
:100DE00010604CF2B05EC0F6010EDEF80000DEF8D6
:100DF0000420DEF80830DEF80CC0DEF810E0CDF894
:100E000064E0CDF860C017931692159015A809F00C
:100E100011FC009944F62C62C2F2000210604CF200
:100E2000385EC0F6010EDEF80000DEF80420DEF8C1
:100E30000830DEF80CC0DEF810E0CDF850E0CDF858
:100E40004CC012931192109010A809F0F3FB009976
:100E500040F21452C2F2000210604CF2D85EC0F6AA
:100E6000010EDEF80000DEF80420DEF80830DEF8BF
:100E70000CC0DEF810E0CDF83CE0CDF838C00D93A2
:100E80000C920B900BA809F0D5FB009945F24C523F
:100E9000C2F2000210604CF2245EC0F6010EDEF8D1
:100EA0000000DEF80420DEF80830DEF80CC0DEF8C2
:100EB00010E0CDF828E0CDF824C008930792069002
:100EC00006A809F0B7FB009940F28042C2F2000286
:100ED00010604CF2745EC0F6010EDEF80000DEF821
:100EE0000420DEF80830DEF80CC0DEF810E0CDF8A3
:100EF00014E0CDF810C003930292019001A809F00C
:100F000099FB44F68401C2F20001086038B080BD4C
:100F100080B594B0002013901290119010900F9013
:100F2000FFE741F24C00C4F20200016841F01001F9
:100F30000160006800F010000E900E98FFE7FFE7D8
:100F400041F24C00C4F20200016841F0040101606A
:100F5000006800F004000D900D98FFE7FFE741F2F4
:100F60004C00C4F20200016841F0200101600068F9
:100F700000F020000C900C98FFE7FFE741F24C00D6
:100F8000C4F20200016841F001010160006800F054
:100F900001000B900B98FFE7FFE741F24C00C4F211
:100FA0000200016841F002010160006800F00200E7
:100FB0000A900A98FFE7FFE741F24C00C4F20200F2
:100FC000016841F008010160006800F00800099024
:100FD0000998FFE741F20000C4F6000002901821D2
:100FE000019101220692F6F77DFB069A40F6004039
:100FF000C4F6000007904FF480710391F6F772FB7E
:10100000019A029806990F92109111910221049170
:1010100012910FA90891F6F799F908994FF4C04079
:101020000F90002005901090119040F60000C4F63B
:101030000000F6F78BF9DDF80CC0049A069B0798C0
:101040000899CDF83CC0109311931292F6F77EF9EF
:10105000059B069A079808994FF0700CCDF83CC094
:1010600010931192F6F772F914B080BD80B582B07A
:1010700047F25470C2F20000019045F60001C4F23C
:101080000001016041F23621C4F262014160002199
:1010900081600122C260016141618161C1610162BF
:1010A000F6F7DAFB18B1FFE7F1F7CAFEFFE747F200
:1010B0005470C2F200000021F6F730FB18B1FFE7D0
:1010C000F1F7BEFEFFE747F25470C2F200000021C4
:1010D000F6F770FB18B1FFE7F1F7B2FEFFE702B0D9
:1010E00080BD000080B582B047F2A870C2F2000057
:1010F000019040F21431C4F201010160002141600D
:10110000602282600C22026101758161C162F6F782
:1011100065FD18B1FFE7F1F793FEFFE702B080BD70
:1011200080B582B047F6C020C2F20000019043F6BD
:101130000001C4F2000101604FF48271416000219E
:1011400081604FF4E062C260016141614FF400725E
:1011500082612022C2610162416281620722C26211
:10116000016308214163F9F7EDFA18B1FFE7F1F7E0
:1011700067FEFFE702B080BD80B582B047F624303D
:10118000C2F20000019043F60041C4F20101016087
:101190004FF482714160002181604FF4E062C260CF
:1011A00002220261012242614FF400728261202218
:1011B000C2610162416281620722C26201634163CE
:1011C000F9F7C0FA18B1FFE7F1F73AFEFFE702B00E
:1011D00080BD000080B59EB0002001901D901C9045
:1011E0001B901A90199018901790169015901490C3
:1011F000139012901190109003A83421EFF752F839
:10120000019947F6D430C2F20000029044F2000285
:10121000C4F201020260A9224260816044F61F62AA
:10122000C260016141618161F9F75EFF18B1FFE7BA
:10123000F1F706FEFFE74FF480501A9047F6D430DE
:10124000C2F200001AA9FAF711F918B1FFE7F1F795
:10125000F7FDFFE747F6D430C2F20000FAF716FDBB
:1012600018B1FFE7F1F7ECFDFFE7002017901990A8
:1012700047F6D430C2F2000017A9F9F777FE18B18B
:10128000FFE7F1F7DDFDFFE76020109000221192EB
:101290001292139214921592169247F6D430C2F21B
:1012A000000010A9FAF71AFC18B1FFE7F1F7C8FD22
:1012B000FFE70020039004900590069007904FF4FC
:1012C0000051089109900F9047F6D430C2F2000007
:1012D00003A9F9F79DFD18B1FFE7F1F7B1FDFFE7AD
:1012E00047F6D430C2F20000FAF742FB1EB080BDD0
:1012F00080B59EB0002001901D901C901B901A900C
:1013000019901890179016901590149013901290B1
:101310001190109003A83421EEF7C4FF019947F60D
:101320008830C2F20000029042F60042C4F201028C
:101330000260A922426081604FF47A72C26001614A
:1013400041618161F9F7D0FE18B1FFE7F1F778FD4F
:10135000FFE74FF480501A9047F68830C2F2000041
:101360001AA9FAF783F818B1FFE7F1F769FDFFE76B
:1013700047F68830C2F20000FAF788FC18B1FFE7A0
:10138000F1F75EFDFFE7002017901890199047F6DF
:101390008830C2F2000017A9F9F7E8FD18B1FFE79D
:1013A000F1F74EFDFFE76020109000201190022120
:1013B0001291139014901590169047F68830C2F24F
:1013C000000010A90422FAF789FB18B1FFE7F1F732
:1013D00037FDFFE747F68830C2F2000010A9082267
:1013E000FAF77CFB18B1FFE7F1F72AFDFFE747F6B4
:1013F0008830C2F2000010A90C22FAF76FFB18B176
:10140000FFE7F1F71DFDFFE7002000900390049037
:101410000590069007904FF40051089109900A90AA
:101420000B904FF000710C910D900E900F9047F6BD
:101430008830C2F2000003A9F9F7EAFC18B1FFE70F
:10144000F1F7FEFCFFE747F68830C2F20000FAF73A
:101450008FFA1EB080BD000080B590B000210191D0
:101460000F910E910D910C910B910A910991089198
:1014700007910691059104910391029147F66C4002
:10148000C2F2000040F20042C4F200020260A9224F
:101490004260816044F61F62C26001618161F9F7B8
:1014A00023FE18B1FFE7F1F7CBFCFFE74FF48050C4
:1014B0000C9047F66C40C2F200000CA9F9F7D6FF79
:1014C00018B1FFE7F1F7BCFCFFE747F66C40C2F24A
:1014D0000000FAF7DBFB18B1FFE7F1F7B1FCFFE71B
:1014E000002009900B9047F66C40C2F2000009A959
:1014F000F9F73CFD18B1FFE7F1F7A2FCFFE7602028
:101500000290002203920492069247F66C40C2F2C7
:10151000000002A9FAF7E2FA18B1FFE7F1F790FC30
:10152000FFE747F66C40C2F2000002A90422FAF776
:10153000D5FA18B1FFE7F1F783FCFFE747F66C40F7
:10154000C2F2000002A90822FAF7C8FA18B1FFE7B0
:10155000F1F776FCFFE747F66C40C2F2000002A903
:101560000C22FAF7BBFA18B1FFE7F1F769FCFFE7C5
:1015700047F66C40C2F20000FAF7FAF910B080BDED
:1015800080B590B0002101910F910E910D910C91B9
:101590000B910A9109910891079106910591049187
:1015A0000391029147F6B840C2F2000040F60042B3
:1015B000C4F200020260A9224260816040F2E73278
:1015C000C260016180218161F9F78EFD18B1FFE7EA
:1015D000F1F736FCFFE74FF480500C9047F6B84027
:1015E000C2F200000CA9F9F741FF18B1FFE7F1F7CB
:1015F00027FCFFE747F6B840C2F20000FAF746FBC7
:1016000018B1FFE7F1F71CFCFFE7002009900B90F1
:1016100047F6B840C2F2000009A9F9F7A7FC18B1D3
:10162000FFE7F1F70DFCFFE7602002900022039234
:1016300004920420069047F6B840C2F2000002A9C6
:10164000FAF74CFA18B1FFE7F1F7FAFBFFE747F6B4
:10165000B840C2F200000268916921F0080191616E
:10166000FAF786F910B080BD80B582B047F6C06049
:10167000C2F20000009044F60041C4F20001016093
:101680004FF461214160002101918160C1600161DD
:101690000C2242618161C161016241628162FBF79A
:1016A000BDFA18B1FFE7F1F7CBFBFFE747F6C060E3
:1016B000C2F200000021FAF7FBFE18B1FFE7F1F7D4
:1016C000BFFBFFE747F6C060C2F200000021FAF757
:1016D000A9FE18B1FFE7F1F7B3FBFFE747F6C060DB
:1016E000C2F20000FAF75AFD18B1FFE7F1F7A8FBC4
:1016F000FFE702B080BD000080B582B047F65470AD
:10170000C2F20000009045F20001C4F20001016045
:101710004FF461214160002101918160C16001614C
:101720000C2242618161C161016241628162FBF709
:1017300075FA18B1FFE7F1F783FBFFE747F654703E
:10174000C2F200000021FAF7B3FE18B1FFE7F1F78B
:1017500077FBFFE747F65470C2F200000021FAF76A
:1017600061FE18B1FFE7F1F76BFBFFE747F6547036
:10177000C2F20000FAF712FD18B1FFE7F1F760FBC3
:10178000FFE702B080BD000080B582B047F604508C
:10179000C2F20000019043F60001C4F201010160B1
:1017A00048F2A061C0F2010141604FF480518160B4
:1017B0000021C1604FF4806202610C2242618161AC
:1017C000C161016241628162FBF728FA18B1FFE74B
:1017D000F1F736FBFFE747F60450C2F200000021A4
:1017E000FAF766FE18B1FFE7F1F72AFBFFE747F6C5
:1017F0000450C2F200000021FAF714FE18B1FFE70E
:10180000F1F71EFBFFE747F60450C2F20000FAF7BB
:10181000C5FC18B1FFE7F1F713FBFFE702B080BD8D
:1018200080B582B047F69850C2F20000009044F2B2
:101830000041C4F20001016040F60011C0F23D0118
:101840004160002301938360C36003610C21416107
:101850008361C36103624362836219461A46F8F7E3
:1018600009FF18B1FFE7F1F7EBFAFFE747F69850E9
:10187000C2F200000021FAF71BFE18B1FFE7F1F7F2
:10188000DFFAFFE747F69850C2F200000021FAF7AE
:10189000C9FD18B1FFE7F1F7D3FAFFE747F6985013
:1018A000C2F20000FAF77AFC18B1FFE7F1F7C8FAC4
:1018B000FFE702B080BD000080B582B047F62C6023
:1018C000C2F20000009044F60001C4F20001016081
:1018D00040F60011C0F23D01416000230193836096
:1018E000C36003610C2141618361C3610362436290
:1018F000836219461A46F8F7BDFE18B1FFE7F1F703
:101900009FFAFFE747F62C60C2F200000021FAF7C9
:10191000CFFD18B1FFE7F1F793FAFFE747F62C6028
:10192000C2F200000021FAF77DFD18B1FFE7F1F7E0
:1019300087FAFFE747F62C60C2F20000FAF72EFCA8
:1019400018B1FFE7F1F77CFAFFE702B080BD0000B5
:1019500080B546F6F460C2F2000040F26001C2F2C7
:101960000001002205F0B4F918B1FFE7F1F768FAB9
:10197000FFE746F6F460C2F2000040F20021C2F236
:10198000000105F0A9FD18B1FFE7F1F759FAFFE7EB
:1019900046F6F460C2F2000040F22431C2F20001C7
:1019A00004F0EEFC18B1FFE7F1F74AFAFFE746F65C
:1019B000F460C2F2000005F0F3FE18B1FFE7F1F7A2
:1019C0003FFAFFE780BD0000FFE7FEE780B588B083
:1019D0008DED070ACDED060A05900598C030F0F7A9
:1019E0000FFE8DED040A9DED040A9FED401AB4EE42
:1019F000410AF1EE10FA03DDFFE700200490FFE753
:101A00009DED070ADFED3A0ACDED000A0AF046FB2C
:101A10009DED001A9FED372A20EE020A80EE010AA2
:101A2000BDEEC00A10EE100AADF80E00BDF90E00B2
:101A3000B0F1FF3F07DCFFE7BDF80E0000F5806066
:101A4000ADF80E00FFE70598D0F8BC00BDF90E1008
:101A500050F8210002909DED060AB5EE400AF1EE25
:101A600010FA12DDFFE7059890ED310AD0F8BC00BE
:101A7000BDF90E1000EB810000F5805090ED001ACA
:101A800020EE010A8DED010A1AE09DED060AB5EE81
:101A9000400AF1EE10FA12DAFFE7059890ED310AEC
:101AA000D0F8BC00BDF90E1000EB810000F58050AD
:101AB00090ED001A20EE410A8DED010AFFE7FFE7E5
:101AC0009DED010A059901F1C800D1ED330A91EDB0
:101AD000341ADDED041AEEF7FDFC9DED020A0598BF
:101AE00090ED321A30EE010A08B080BDCDCCCC3D6D
:101AF0000000B4430000804410B586B08C46864692
:101B000009980899CDF814E0ADF812C0ADF810208E
:101B1000ADF80E30ADF80C10ADF80A009DF81100CC
:101B20008DF80200BDF810008DF803009DF80F003D
:101B30008DF80400BDF80E008DF805009DF80D002D
:101B40008DF80600BDF80C008DF807009DF80B001D
:101B50008DF80800BDF80A008DF809000598BDF859
:101B600012100DF10202EFF711FF06B010BD0000D8
:101B700082B00190009101980178407840EA0120FC
:101B80000099088001988178C07840EA012000B26D
:101B900000EE100AB8EEC00A009880ED090A01981C
:101BA0000179407940EA012000B200EE100AB8EE57
:101BB000C00A009880ED0A0A01988079009981F89E
:101BC0002C000098B0F9001000EE101AB8EEC00A10
:101BD0009FED291A30EE010A9FED281A20EE010A26
:101BE0009FED271A20EE010A80ED020A0099B1F953
:101BF0000000B1F90210401AB0F5805F05DDFFE783
:101C000000994868013848600FE00099B1F9000078
:101C1000B1F90210401A10F5805F05DAFFE700996C
:101C2000486801304860FFE7FFE7009890ED010A3F
:101C3000B8EEC00AB0F9001001EE101AB8EEC11AE1
:101C40009FED102A21EE021A30EE010A9FED0E1AC6
:101C500020EE010A80ED040A009908884880009966
:101C60008868C86000990020C8850099012081F823
:101C7000300002B0704700BF000080C50000344350
:101C800000008039000000390000B443FFE7FEE7A0
:101C900088B0079006910592079800F0070004901D
:101CA0000498C0F10700052803D3FFE70420019042
:101CB00004E00498C0F107000190FFE70198039049
:101CC00004980430062803D8FFE70020009003E0C2
:101CD000049803380090FFE7009802900698039953
:101CE000012202FA01F101390840029B984005994E
:101CF0009A40013A1140084308B0704780B592B04D
:101D00001190FFE711980068B0F844000004002823
:101D100040F11983FFE711980068B0F84400ADF86E
:101D20003C00BDF83C0000F00F008DF837009DF836
:101D30003700002840F0FD80FFE7BDF83C00C006FA
:101D4000002842D4FFE7FFE711980068008848F6B2
:101D50000F710840ADF83400BDF8340040F4004085
:101D6000119909680880FFE71198103010901198B8
:101D70000068B0F8500010990A7800EBC200119A80
:101D800012681044B0F802046FF39F20C8611099E4
:101D90004869CA691044486111980021F6F7E2F8D1
:101DA0001198007B80B1FFE71098806960B9FFE768
:101DB0001198007B40F0800011990968A1F84C004F
:101DC000119900200873FFE7B2E0119800F5A870A0
:101DD0001090119800680088ADF83A00BDF83A00FC
:101DE000000500282ED5FFE711980068B0F85000D4
:101DF00010990A7800EBC200119A12681044B0F8EA
:101E000006046FF39F20C8611199086801F52671D7
:101E1000109BDA889B8B07F029FBFFE7119800687D
:101E2000008840F68F710840ADF83200BDF83200EE
:101E300040F08000119909680880FFE71198F7F7D2
:101E40000FFA74E0BDF83A00000400286ED5FFE7F1
:101E5000FFE711980068008840F68F710840ADF8E0
:101E60003000BDF8300040F080001199096808800A
:101E7000FFE711980068B0F8500010990A7800EB5D
:101E8000C200119A12681044B0F806046FF39F2044
:101E9000C8611098C069B0B1FFE71098406990B16F
:101EA000FFE711980068109B5969DA889B8B07F04F
:101EB000DDFA10994869CA691044486111980021F7
:101EC000F6F764F8FFE7119800680088ADF83A006B
:101ED000BDF83A000005002827D4FFE7BDF83A0016
:101EE00000F44050B0F5405F1FD0FFE7FFE71198C6
:101EF000006800884BF68F710840ADF82E00BDF8E1
:101F00002E0080F48050ADF82E00BDF82E0080F435
:101F10000050ADF82E00BDF82E0048F280010843B5
:101F2000119909680880FFE7FFE7FFE7FFE7FFE790
:101F300008E2119800689DF8371030F82100ADF8DC
:101F40003A00BDF83A000004002840F1DE80FFE7C7
:101F5000FFE7119800689DF8371030F8210040F62F
:101F60008F710840ADF82C00BDF82C0040F08000C7
:101F7000119909689DF8372021F82200FFE7119890
:101F80009DF8371001EB810100EBC10000F5A8704E
:101F900010901098007B00BBFFE711980068B0F824
:101FA00050001099097800EBC100119909680844A4
:101FB000B0F806046FF39F20ADF83E00BDF83E0078
:101FC00050B1FFE711980068109A5169D288BDF8A6
:101FD0003E3007F04BFAFFE773E01098C078022814
:101FE00009D1FFE711981099BDF83A20F6F79AF851
:101FF000ADF83E0064E0FFE7FFE711980068109934
:10200000097830F8210048F68F710840ADF82A00B1
:10201000BDF82A0048F2C001084311990968109AD6
:10202000127821F82200FFE7FFE711980068109965
:10203000097830F821004004002820D5FFE71198E6
:102040000068B0F850001099097800EBC1001199B0
:1020500009680844B0F802046FF39F20ADF83E0011
:10206000BDF83E0050B1FFE711980068109A516921
:102070001289BDF83E3007F0F9F9FFE71FE011982B
:102080000068B0F850001099097800EBC100119970
:1020900009680844B0F806046FF39F20ADF83E00CD
:1020A000BDF83E0050B1FFE711980068109A5169E1
:1020B0005289BDF83E3007F0D9F9FFE7FFE7FFE7A7
:1020C000FFE7BDF83E201099C8691044C861BDF80B
:1020D0003E2010994869104448611098806938B1D1
:1020E000FFE7BDF83E0010990969884206D2FFE774
:1020F000119810990978F5F749FF05E011980068E3
:10210000109906F0A3FCFFE7FFE7BDF83A000006D0
:10211000002840F11681FFE711989DF8371001EB78
:10212000810100EBC10010301090FFE711980068AA
:102130009DF8371030F8210048F60F710840ADF8CF
:102140002800BDF8280040F40040119909689DF866
:10215000372021F82200FFE71098C078012840F0CE
:10216000A180FFE71099002088611098007B00286B
:1021700000F09280FFE7BDF83A004006002846D5FF
:10218000FFE7FFE71098407808BBFFE7FFE71198EB
:102190000068099011980068B0F850100998084438
:1021A000099009981099097800EBC10000F20240EB
:1021B0000890FFE7089908886FF39F200880089926
:1021C000088840F400400880FFE7FFE71DE0109812
:1021D0004078012818D1FFE7FFE7119800680690C2
:1021E00011980068B0F850100698084406900698B8
:1021F0001099097800EBC10000F2024005900599A2
:1022000000200880FFE7FFE7FFE7FFE743E0FFE785
:102210001198006804901098407808BBFFE7FFE72A
:1022200011980068029011980068B0F85010029858
:102230000844029002981099097800EBC10000F25E
:1022400006400190FFE7019908886FF39F200880FE
:102250000199088840F400400880FFE7FFE718E094
:1022600010984078012813D1FFE711980068B0F862
:10227000501004980844049004981099097800EBD1
:10228000C10000F206400390039900200880FFE798
:10229000FFE7FFE7FFE7FFE7119810990978F5F7E7
:1022A00061FE4DE0BDF83A00C005002840D4FFE7CC
:1022B00011980068B0F850001099097800EBC1003F
:1022C000119909680844B0F802046FF39F20ADF833
:1022D000380010988069BDF83810884207D9FFE7A8
:1022E000BDF8382010998869801A886103E0109938
:1022F00000208861FFE71098806930B9FFE71198E6
:1023000010990978F5F72EFE11E0BDF838201099E4
:10231000486910444861BDF838201099C8691044D4
:10232000C86111980068109906F090FBFFE706E07D
:1023300011981099BDF83A20F5F7F0FFFFE7FFE795
:10234000FFE7FFE7DEE4002012B080BD87B0069013
:102350008DED050ACDED040A8DED031ACDED021ABF
:102360008DED012ACDED002A059806994860049864
:102370000699886003980699C860029806990861D2
:10238000019806994864009806998864069949F668
:102390009A10C3F61970086207B0704780B584B010
:1023A00003908DED020ACDED010A039890ED063AF7
:1023B00090ED080A9DED022AB7EE001A31EE401AA0
:1023C00021EE031A20EE020A30EE010A80ED050A22
:1023D00001980399C861039890ED050A90ED071ADA
:1023E00030EE410A80ED090A039890ED010A90ED64
:1023F000091A20EE010A80ED0C0A039890ED020AFA
:1024000090ED091A20EE010A8DED000AF0F7F8F8B8
:10241000B0EE401A9DED000A20EE010A039890EDFF
:102420000D1A9FED482A20EE020A30EE010A80EDD7
:102430000D0A039890ED030A90ED091A90ED0A2A0F
:1024400031EE421A20EE010A80ED0E0A039890ED5B
:10245000040A90ED051A20EE010A80ED0F0A039898
:1024600090ED0D0A90ED111AB4EE410AF1EE10FA5A
:102470000DDDFFE7039890ED110AB5EE400AF1EE8D
:1024800010FA04D0FFE70399486C4863FFE703980C
:1024900090ED0D0A90ED111AB1EE411AB4EE410A19
:1024A000F1EE10FA11DAFFE7039890ED110AB5EE9C
:1024B000400AF1EE10FA08D0FFE7039890ED110AF8
:1024C000B1EE400A80ED0D0AFFE7039890ED0C0A8B
:1024D00090ED0D3A90ED0E2A90ED0F1A30EE030AB2
:1024E00030EE020A30EE010A80ED100A039890EDFA
:1024F000100A90ED121AB4EE410AF1EE10FA04DD62
:10250000FFE70399886C0864FFE7039890ED100AD1
:1025100090ED121AB1EE411AB4EE410AF1EE10FA42
:1025200008DAFFE7039890ED120AB1EE400A80ED59
:10253000100AFFE70399486A88620399486988612D
:1025400004B080BD00007A440000000000000000DC
:10255000EFF30980BFF36F8F154B1A681EF0100F51
:1025600008BF20ED108A20E9F04F10602DE9090026
:102570004FF0500080F31188BFF34F8FBFF36F8F80
:1025800008F000FF4FF0000080F31188BDE809005B
:1025900019680868B0E8F04F1EF0100F08BFB0ECE3
:1025A000108A80F30988BFF36F8F704700BF00BFA8
:1025B000E87F002086B041F20C00C4F202000168FE
:1025C00001F0030104910068C1B2012000EB111079
:1025D000029004980090022815D0FFE70098032885
:1025E00012D1FFE7029941F60030C0F2B700B0FB0C
:1025F000F1F041F20C01C4F202010968C1F30621B5
:102600004843059011E0FFE7029942F20040C0F212
:10261000F400B0FBF1F041F20C01C4F202010968D0
:10262000C1F3062148430590FFE741F20C00C4F2D4
:102630000200006800F0C061022000EB116003900E
:1026400005980399B0FBF1F00190019806B070472E
:1026500080B582B045F21431C2F200010020019031
:102660000871086045F28C20C2F200008821EDF765
:1026700019FE019844F69001C2F20001C1F807006A
:102680004860086044F68C01C2F20001086045F21F
:10269000AD41C2F20001087388604860086045F2ED
:1026A0006E42C2F20002906150611061D060906091
:1026B0005060106045F28C42C2F20002906050609F
:1026C000106045F26042C2F200021071106045F2E3
:1026D0008A42C2F20002107045F29842C2F2000231
:1026E000908190605060106045F2A643C2F20003F2
:1026F000C3F80300186045F26643C2F20003586055
:10270000186044F63063C2F20003986058601860A5
:1027100044F62C03C2F20003988398615861186153
:10272000D860986058601860372010813C2048813C
:102730004FF47A70088102B080BD000080B545F288
:102740005D30C2F20000D0F8190000EE100A9FEDD3
:10275000D41AB4EE410AF1EE10FA40F37681FFE7A5
:1027600045F25D30C2F20000407F022800F06D812A
:10277000FFE745F25D30C2F20000D0F8110000EE34
:10278000100A9FEDC81AB4EE410AF1EE10FA18DDF6
:10279000FFE745F22030C2F20000D0F8110000EE51
:1027A000100A9FEDC01AB4EE410AF1EE10FA08DAF1
:1027B000FFE745F2A431C2F20001002081F86A006F
:1027C00028E045F25D30C2F20000D0F8110000EEC2
:1027D000100A9FEDB51AB4EE410AF1EE10FA18DABC
:1027E000FFE745F22030C2F20000D0F8110000EE01
:1027F000100A9FEDAD1AB4EE410AF1EE10FA08DDB1
:10280000FFE745F2A431C2F20001012081F86A001D
:10281000FFE7FFE745F25D30C2F20000D0F8150097
:1028200000EE100A9FED9F1AB4EE410AF1EE10FA85
:1028300011DDFFE745F22030C2F20000D0F81500AC
:1028400000EE100A9FED971AB4EE410AF1EE10FA6D
:1028500001DAFFE772E045F25D30C2F20000D0F825
:10286000150000EE100A9FED901AB4EE410AF1EE49
:1028700010FA62DAFFE745F22030C2F20000D0F829
:10288000150000EE100A9FED881AB4EE410AF1EE31
:1028900010FA52DDFFE745F2A430C2F2000090F8D2
:1028A0006A0040B9FFE745F2A431C2F200010120FD
:1028B00081F86A0010E045F2A430C2F2000090F8FE
:1028C0006A0040B1FFE745F2A431C2F200010020E6
:1028D00081F86A00FFE7FFE745F2A430C2F200008A
:1028E00090F86A00012810D1FFE745F2A430C2F247
:1028F0000000012180F86A1090ED060A9FED6B1A26
:1029000030EE010A80ED060A16E045F2A430C2F26C
:10291000000090F86A0070B9FFE744F6B050C2F2C8
:102920000000406A45F2A431C2F200018861002033
:1029300081F86A00FFE7FFE7FFE7FFE745F25D3058
:10294000C2F20000D0F8090000EE100A9FED551AFF
:10295000B4EE410AF1EE10FA11DDFFE745F2203046
:10296000C2F20000D0F8090000EE100A9FED4D1AE7
:10297000B4EE410AF1EE10FA01DAFFE721E045F288
:102980005D30C2F20000D0F8090000EE100A9FEDA1
:10299000461AB4EE410AF1EE10FA11DAFFE745F2F9
:1029A0002030C2F20000D0F8090000EE100A9FEDBE
:1029B0003E1AB4EE410AF1EE10FA01DDFFE7FFE73F
:1029C000FFE745F25D30C2F20000D0F80D0000EEE6
:1029D000100A9FED341AB4EE410AF1EE10FA11DD3F
:1029E000FFE745F22030C2F20000D0F80D0000EE03
:1029F000100A9FED2C1AB4EE410AF1EE10FA01DA3A
:102A0000FFE721E045F25D30C2F20000D0F80D0092
:102A100000EE100A9FED241AB4EE410AF1EE10FA0E
:102A200011DAFFE745F22030C2F20000D0F80D00C5
:102A300000EE100A9FED1C1AB4EE410AF1EE10FAF6
:102A400001DDFFE7FFE7FFE74EE145F25D30C2F24F
:102A50000000D0F8190000EE100A9FED151AB4EE30
:102A6000410AF1EE10FA80F23E81FFE745F25D3057
:102A7000C2F20000407F022800F03581FFE745F2F6
:102A80005D30C2F20000D0F8110000EE100A9FED98
:102A9000D41AB4EE410AF1EE10FA1CDD0AE000BFD0
:102AA0003333333FCDCC4C3FCDCC4CBF00009643AD
:102AB000333333BF45F22030C2F20000D0F81100AA
:102AC00000EE100A9FEDC61AB4EE410AF1EE10FABC
:102AD00001DAFFE721E045F25D30C2F20000D0F8F4
:102AE000110000EE100A9FEDBF1AB4EE410AF1EE9C
:102AF00010FA11DAFFE745F22030C2F20000D0F8F8
:102B0000110000EE100A9FEDB71AB4EE410AF1EE83
:102B100010FA01DDFFE7FFE7FFE745F25D30C2F2A3
:102B20000000D0F8150000EE100A9FEDAD1AB4EECB
:102B3000410AF1EE10FA11DDFFE745F22030C2F252
:102B40000000D0F8150000EE100A9FEDA51AB4EEB3
:102B5000410AF1EE10FA01DAFFE721E045F25D30BB
:102B6000C2F20000D0F8150000EE100A9FED9D1A89
:102B7000B4EE410AF1EE10FA11DAFFE745F2203027
:102B8000C2F20000D0F8150000EE100A9FED951A71
:102B9000B4EE410AF1EE10FA01DDFFE7FFE7FFE7CF
:102BA00045F25D30C2F20000D0F8090000EE100AD4
:102BB0009FED8B1AB4EE410AF1EE10FA11DDFFE73A
:102BC00045F22030C2F20000D0F8090000EE100AF1
:102BD0009FED831AB4EE410AF1EE10FA01DAFFE735
:102BE00021E045F25D30C2F20000D0F8090000EEAD
:102BF000100A9FED7C1AB4EE410AF1EE10FA11DAD8
:102C0000FFE745F22030C2F20000D0F8090000EEE4
:102C1000100A9FED741AB4EE410AF1EE10FA01DDCC
:102C2000FFE7FFE7FFE745F25D30C2F20000D0F8B2
:102C30000D0000EE100A9FED6A1AB4EE410AF1EEA3
:102C400010FA1BDDFFE745F22030C2F20000D0F899
:102C50000D0000EE100A9FED621AB4EE410AF1EE8B
:102C600010FA0BDAFFE745F2A431C2F200010320AB
:102C700081F840000420EEF7C9F933E045F25D30F9
:102C8000C2F20000D0F80D0000EE100A9FED551AB8
:102C9000B4EE410AF1EE10FA23DAFFE745F22030F4
:102CA000C2F20000D0F80D0000EE100A9FED4D1AA0
:102CB000B4EE410AF1EE10FA13DDFFE745F2A4315C
:102CC000C2F20001002081F8400044F6A000C2F2E8
:102CD000000082688A61C069C8610520EEF796F934
:102CE000FFE7FFE7FFE7FFE745F25D30C2F20000D4
:102CF000807F032808D1FFE745F2A431C2F200012A
:102D0000002081F8410010E045F25D30C2F2000081
:102D1000807F012808D1FFE745F2A431C2F200010B
:102D2000012081F84100FFE7FFE745F2A430C2F23D
:102D3000000090F84100002850D0FFE745F25D30D8
:102D4000C2F20000D0F8190000EE100A9FED261A1A
:102D5000B4EE410AF1EE10FA37DAFFE745F220301F
:102D6000C2F20000D0F8190000EE100A9FED1E1A02
:102D7000B4EE410AF1EE10FA27DDFFE745F2A43088
:102D8000C2F2000090F8400003280DD1FFE745F2A1
:102D9000A430C2F2000090F8400003280CD1FFE7F5
:102DA000EDF78EFC40B1FFE745F2A431C2F200011D
:102DB000022081F8410007E045F2A431C2F200018F
:102DC000012081F84100FFE707E045F2A431C2F29B
:102DD0000001012081F84100FFE7FFE780BD00BF4F
:102DE000CDCC4C3FCDCC4CBFCDCCCCBD80B582B092
:102DF00045F21C30C2F20000EFF702FC8DED010A33
:102E000045F2A430C2F20000007800284ED0FFE75F
:102E100045F25D30C2F20000D0F8190000EE100A51
:102E20009FED231AB4EE410AF1EE10FA3DDDFFE703
:102E300045F25D30C2F20000D0F8190000EE100A31
:102E40009FED1C1AB4EE410AF1EE10FA2DDAFFE7FD
:102E50009DED010A9FED181A20EE010A45F25D3141
:102E6000C2F20001D1F80D0002EE100A45F2A430C2
:102E7000C2F2000090ED071A20EE020A30EE010ABD
:102E800080ED070A9DED010A9FED0C1A20EE011A54
:102E9000D1F8091002EE101A90ED060A21EE021A7E
:102EA00030EE010A80ED060AFFE7FFE702B080BDC1
:102EB000333333BF3333333F00001643000096C330
:102EC00080B586B0059045F25D30C2F200004078D2
:102ED00060B9FFE745F22030C2F2000045F25D31F3
:102EE000C2F200013D22EDF7C4F9FFE70599087829
:102EF000497840EA01206FF3DF20A0F5806000EE02
:102F0000100AB8EEC00A9FEDF91A80EE010A10EE21
:102F1000101A45F25D30C2F200000190C0F80910AD
:102F2000059A51789278C90841EA42116FF3DF217E
:102F3000A1F5806100EE101AB8EEC00A80EE010A19
:102F400010EE101AC0F80D10059A9178D378127906
:102F5000890941EA830141EA82216FF3DF21A1F56A
:102F6000806100EE101AB8EEC00A80EE010A10EE81
:102F7000101AC0F81110059A11795279490841EADE
:102F8000C2116FF3DF21A1F5806100EE101AB8EED7
:102F9000C00A80EE010A10EE101AC0F8151005994B
:102FA000098AC1F5806100EE101AB8EEC00A80EE01
:102FB000010A10EE101AC0F819100599497989090B
:102FC000417705994979C1F301118177059A917982
:102FD000D27941EA0221ADF81210059A117A527A9B
:102FE00041EA0221ADF81010059A917AD27A41EAAD
:102FF0000221ADF80E10059A5178927841EA02212B
:103000006FF3DF2148F28602C2F2000202921180C1
:10301000059B9978DB78C90841EA43116FF3DF21FA
:103020005180059BD97893F804C05B79890941EAFE
:103030008C0141EA83216FF3DF219180059B59794F
:103040009B79490841EAC3116FF3DF21D180059BC9
:103050009979DB79090941EA03116FF3DF211181C5
:10306000059BD97993F808C05B7AC90941EA4C01FC
:1030700041EA43216FF3DF215181059B597A9B7A05
:10308000890841EA83116FF3DF219181059B997AC9
:10309000DB7A490941EAC301D181059B197B5B7B3E
:1030A00041EA03216FF3DF211182059B597B9B7B52
:1030B000C90841EA43116FF3DF215182059B997BD7
:1030C00093F80FC01B7C890941EA8C0141EA8321F6
:1030D0006FF3DF219182059B197C5B7C490841EAF3
:1030E000C3116FF3DF21D182059B597C9B7C0909B9
:1030F00041EA03116FF3DF211183059B997C93F85B
:1031000013C01B7DC90941EA4C0141EA43216FF319
:10311000DF215183059B197D5B7D890841EA83117D
:103120006FF3DF219183059B597D9B7D490941EA1E
:10313000C301D1830079002840F03282FFE7BDF956
:10314000120000EE100AB8EEC00A9FED691A20EED8
:10315000010A10EE101A45F25D30C2F20000009034
:10316000C0F81F10BDF9101000EE101AB8EEC00A1A
:1031700020EE010A10EE101AC0F82310BDF90E104F
:1031800000EE101AB8EEC00A20EE010A10EE101A76
:10319000C0F827100599097B80F82B100599497B09
:1031A00080F82C100599897B01F0010180F82D1021
:1031B0000599897BC1F3400180F82F100599897B1F
:1031C000C1F3800180F82E100599897BC1F3C001FD
:1031D00080F830100599897BC1F3001180F8331015
:1031E0000599897BC1F3401180F834100599897BDA
:1031F000C1F3801180F831100599897BC90980F8E5
:1032000032100599C97B01F0010180F8351005994C
:10321000C97BC1F3400180F836100599C97BC1F321
:10322000800180F837100599C97BC1F3C00180F88F
:1032300038100599C97BC1F3001180F83910059940
:10324000C97BC1F3401180F83A100599C97BC1F3DD
:10325000801180F83B100599C97BC90980F83C10A2
:10326000D0F8090000EE100A9FEDD11AB4EE410A21
:10327000F1EE10FA15DDFFE745F25D31C2F2000113
:10328000D1F8090000EE100A9FEDCA1A30EE010ACB
:103290009FEDC91A80EE010A10EE100AC1F809006C
:1032A00031E045F25D30C2F20000D0F8090000EED6
:1032B000100A9FEDC01AB4EE410AF1EE10FA19DAC5
:1032C000FFE745F25D31C2F20001D1F8090000EEDE
:1032D000100A9FEDB71A30EE010A9FEDB71A80EE83
:1032E000010A10EE100AC1F809000BE000002544A5
:1032F0000000003D45F25D31C2F200010020C1F83E
:103300000900FFE7FFE745F25D30C2F20000D0F8A8
:103310000D0000EE100A9FEDA61AB4EE410AF1EE80
:1033200010FA15DDFFE745F25D31C2F20001D1F878
:103330000D0000EE100A9FED9F1A30EE010A9FED7E
:103340009E1A80EE010A10EE100AC1F80D002DE061
:1033500045F25D30C2F20000D0F80D0000EE100A18
:103360009FED941AB4EE410AF1EE10FA15DAFFE778
:1033700045F25D31C2F20001D1F80D0000EE100AF5
:103380009FED8B1A30EE010A9FED8B1A80EE010A39
:1033900010EE100AC1F80D0007E045F25D31C2F2EF
:1033A00000010020C1F80D00FFE7FFE745F25D30A6
:1033B000C2F20000D0F8110000EE100A9FED7C1A56
:1033C000B4EE410AF1EE10FA15DDFFE745F25D318A
:1033D000C2F20001D1F8110000EE100A9FED751A3B
:1033E00030EE010A9FED741A80EE010A10EE100A09
:1033F000C1F811002DE045F25D30C2F20000D0F8B6
:10340000110000EE100A9FED6B1AB4EE410AF1EEC6
:1034100010FA15DAFFE745F25D31C2F20001D1F88A
:10342000110000EE100A9FED621A30EE010A9FEDC6
:10343000621A80EE010A10EE100AC1F8110007E0CE
:1034400045F25D31C2F200010020C1F81100FFE732
:10345000FFE745F25D30C2F20000D0F8150000EE43
:10346000100A9FED531AB4EE410AF1EE10FA15DD81
:10347000FFE745F25D31C2F20001D1F8150000EE20
:10348000100A9FED4C1A30EE010A9FED4B1A80EEA8
:10349000010A10EE100AC1F815002DE045F25D306A
:1034A000C2F20000D0F8150000EE100A9FED411A9C
:1034B000B4EE410AF1EE10FA15DAFFE745F25D319C
:1034C000C2F20001D1F8150000EE100A9FED381A83
:1034D00030EE010A9FED381A80EE010A10EE100A54
:1034E000C1F8150007E045F25D31C2F2000100208D
:1034F000C1F81500FFE7FFE745F25D30C2F20000BA
:10350000D0F8150000EE100A9FED291AB4EE410A1A
:10351000F1EE10FA15DDFFE745F25D31C2F2000170
:10352000D1F8150000EE100A9FED221A30EE010AC4
:103530009FED211A80EE010A10EE100AC1F8150065
:103540002DE045F25D30C2F20000D0F8150000EE2B
:10355000100A9FED181AB4EE410AF1EE10FA15DACE
:10356000FFE745F25D31C2F20001D1F8150000EE2F
:10357000100A9FED0F1A30EE010A9FED0F1A80EE30
:10358000010A10EE100AC1F8150007E045F25D319E
:10359000C2F200010020C1F81500FFE7FFE7FFE7D6
:1035A00045F25D31C2F200010120487006B080BDD5
:1035B000CDCCCC3DCDCCCCBD6666663F80B582B06F
:1035C000019045F25D31C2F2000101200870002037
:1035D00048800198FFF774FC02B080BD44F6B050FB
:1035E000C2F20000406A45F2A431C2F200018861D3
:1035F0000022CA61022081F86B0081F86A2044F63B
:103600004060C2F20000C0F8D420012081F84300DD
:1036100081F8412081F840204A600870704700001E
:1036200045F2A431C2F2000100200870C8600861B0
:10363000486181F8410081F8460081F843007047F5
:1036400080B58AB0099045F2A431C2F2000105911B
:10365000002006908861C86145F21040C2F2000067
:103660009FED8F0AB2EE041A9FED8E2AF3EE012A27
:10367000F0EE420AF0EE421AFEF768FE059906984F
:10368000012281F8432081F8410081F840000322A3
:1036900081F8422081F84600FEF7DAFFFFE745F2A5
:1036A000C440C2F20000EEF7ABFF45F2C840C2F2E0
:1036B000000080ED000A45F25D30C2F200000078A3
:1036C000A8B3FFE745F25D30C2F20000407F022858
:1036D00010D0FFE745F2A430C2F20000007848B9EC
:1036E000FFE7FFF77BFF45F2A431C2F200010220A1
:1036F00008721BE045F25D30C2F20000407F0228F4
:1037000009D0FFE745F2A431C2F20001022008729D
:103710000120087009E045F2A431C2F20001002046
:1037200008720870FFF77CFFFFE7FFE7FFE745F24D
:10373000A430C2F20000007A022819D1FFE7FFF797
:1037400055FB45F25D30C2F20000407801280ED1F1
:10375000FFE7FEF7F3FF45F25D31C2F20001002002
:10376000487045F22031C2F200014870FFE7FFE7E0
:1037700044F6B051C2F2000191ED020A44F64060F5
:10378000C2F20000D0F80C2101EE102A9FED462A6B
:1037900031EE021A30EE010A8DED080A91ED020AAF
:1037A000D0F80C0101EE100AB9EE0C2A31EE021A23
:1037B00030EE010A8DED070A9DED080A45F2C8407A
:1037C000C2F200000090D0ED001A45F2C040C2F2F3
:1037D00000000290B1EE041A8DED011AF0EE410ADC
:1037E000ECF778FE00989DED011A9DED070AD0EDEB
:1037F000001A45F2BC40C2F200000390F0EE410A0C
:10380000ECF768FE0299039891ED000AD0ED000AEA
:1038100045F2A430C2F2000004901C30FDF74CF8D1
:10382000EEF780FD049890F86900012808D1FFE7C1
:1038300045F2A431C2F200014FF07E504860FFE72C
:1038400045F2A430C2F20000007868B1FFE745F20B
:10385000A430C2F2000090ED010A9FED151A30EE7F
:10386000010A80ED010A0CE045F2A430C2F200002A
:1038700090ED010A9FED0D1A30EE010A80ED010A6C
:10388000FFE745F2A430C2F200000430B7EE000AB0
:10389000DFED040AFDF710F8012006F0B1FEFEE6A8
:1038A0009A99193E00000000000020426F1283BA6E
:1038B0006F12833A80B586B0049003910292049807
:1038C000039B02996A4611604FF4C051002200F038
:1038D0003DF848B1FFE70499086E40F02000086603
:1038E00003208DF817002CE00498039B02996A4688
:1038F00011608021002200F0CFF848B1FFE7049961
:10390000086E40F02000086603208DF8170018E0CC
:103910000498039B02996A4611604FF4C06100222B
:1039200000F014F848B1FFE70499086E40F0200059
:10393000086603208DF8170003E000208DF81700BB
:10394000FFE79DF8170006B080BD000080B58CB081
:10395000DDF838C00A9009910892079300208DF88D
:103960000B0007980190F3F7D3FE024601980E99D9
:10397000891A08440590F3F7CBFE04900A98006872
:103980000C300390059840F2FC11C2F20001096866
:1039900023225143090D48430690FFE70A98006827
:1039A000806809990840089988426DD0FFE7099816
:1039B000B0F5C06F0AD1FFE7089838B9FFE7039860
:1039C00000788DF80B009DF80B00FFE70798013099
:1039D000002858D0FFE7F3F79BFE0499401A059999
:1039E000884204D2FFE70598002842D1FFE70A98F1
:1039F0000168486820F0E00048600A984068B0F527
:103A0000827F13D1FFE70A988068B0F5004F06D097
:103A1000FFE70A988068B0F5806F07D1FFE70A9842
:103A20000168086820F040000860FFE70A98806A93
:103A3000B0F5005F0FD1FFE7FFE70A98016808685B
:103A400020F4005008600A980168086840F40050AB
:103A50000860FFE7FFE70A99012081F85D00FFE7B2
:103A60000A99002081F85C00FFE703208DF82F0001
:103A70000EE0069818B9FFE700200590FFE70698CA
:103A800001380690FFE789E700208DF82F00FFE757
:103A90009DF82F000CB080BD80B58AB0DDF830C035
:103AA000089007918DF81B20059305980190F3F776
:103AB0002FFE024601980C99891A08440390F3F7E7
:103AC00027FE0290039840F2FC11C2F2000109683F
:103AD000C1F3CB3148430490FFE708980068806841
:103AE00007990840401AB0FA80F040099DF81B1071
:103AF00088425ED0FFE705980130002858D0FFE7E4
:103B0000F3F706FE0299401A0399884204D2FFE7B0
:103B10000398002842D1FFE708980168486820F020
:103B2000E000486008984068B0F5827F13D1FFE755
:103B300008988068B0F5004F06D0FFE708988068C5
:103B4000B0F5806F07D1FFE708980168086820F09A
:103B500040000860FFE70898806AB0F5005F0FD169
:103B6000FFE7FFE708980168086820F40050086044
:103B700008980168086840F400500860FFE7FFE714
:103B80000899012081F85D00FFE70899002081F87D
:103B90005C00FFE703208DF827000EE0049818B9B9
:103BA000FFE700200390FFE7049801380490FFE747
:103BB00093E700208DF82700FFE79DF827000AB063
:103BC00080BD0000000000000000000000000000B8
:103BD000074B19680868B0E8F04F80F30988BFF315
:103BE0006F8F4FF0000080F31188704700BF00BF57
:103BF000E87F002084B0039003980090009800783C
:103C0000ADF8080000980130009000980078ADF8F9
:103C10000600BDF80610BDF8080040EA0120ADF826
:103C20000A00BDF80A0004B07047000081B08DEDB5
:103C3000000A45F25050C2F2000090ED100A44F61E
:103C40004060C2F20000D0F8B00101EE100A9FED12
:103C5000382A81EE021A30EE010AB0EEC00A9FED5A
:103C6000351AB4EE410AF1EE10FA5FDCFFE745F2D7
:103C70005050C2F200004078002857D1FFE745F2CB
:103C80005050C2F2000090ED020AB5EE400AF1EE8B
:103C900010FA4BD1FFE745F25050C2F2000090F805
:103CA000A802002842D1FFE745F25050C2F20000BE
:103CB00090ED010AB5EE400AF1EE10FA36DDFFE7AD
:103CC0009DED000A9FED1C1A20EE010AB2EE021AC9
:103CD00080EE011A45F25050C2F2000090ED100A39
:103CE00030EE010A80ED100A9DED001A90ED012AD8
:103CF00090ED020A81EE021A30EE010A80ED020A0E
:103D000046F6CC60C2F2000090ED000AB2EE041A52
:103D100030EE010A80ED000A40F20401C2F2000117
:103D2000D1F836000130C1F83600FFE701B0704726
:103D3000862CACC20000A0420000B44380B59AB00B
:103D4000199045F25050C2F20000189044309FED97
:103D5000E90A8DED130AF2EE040ACDED150ADFED46
:103D6000E61ACDED171A9FEDE52A8DED162ADFED47
:103D7000E42ACDED142AB0EE611AFEF7E7FA9DEDC4
:103D8000130ADDED142ADDED150A9DED162ADDED91
:103D9000171A18989030B0EE611AFEF7D7FA9DED19
:103DA000150A9DED161A9DED172A189800F5037057
:103DB000DFEDE52AF0EE420AF0EE421AFEF7C6FA0F
:103DC0009DED171A189800F516709FEDE00AF1EEB8
:103DD000040AF3EE0E1ADFEDDE2AB0EE622AFEF7D9
:103DE000B5FA18990020C4F2B8104860FFE745F210
:103DF0005050C2F2000012900C30EEF701FC129904
:103E000045F60400C2F2000080ED000A90ED001AB1
:103E100001F1080091ED020A30EE410A81ED020A3B
:103E20009FEDCC0ADFEDC70AFCF746FD129945F27B
:103E3000A430C2F2000090F841000870F9F73CFD90
:103E40001298007830BBFFE745F25050C2F20000F4
:103E500000210161416144F64061C2F20001D1F8E4
:103E6000A4C14BF68362C2F6A0725CFB02F31A1186
:103E700002EBD372562302FB13C2C1F8A421D1F87E
:103E8000B01100EE101A9FEDB41A80EE010A80ED19
:103E9000100A59E045F25050C2F2000000780128A3
:103EA00011D1FFE740F2F410C2F20000006845F2C1
:103EB0005051C2F20001086140F2F810C2F2000055
:103EC000006848613FE045F25050C2F200000078BF
:103ED000032819D1FFE740F2F410C2F2000090ED80
:103EE000000AB1EE400A45F25050C2F2000080EDE7
:103EF000040A40F2F811C2F2000191ED000AB1EE9D
:103F0000400A80ED050A1DE045F25050C2F2000063
:103F10000078022815D1FFE740F2F410C2F2000049
:103F2000006845F25051C2F20001086140F2F810F9
:103F3000C2F2000000684861B7EE000AFFF776FEA3
:103F4000FFE7FFE7FFE7FFE745F25050C2F200004E
:103F5000119090ED040A45F60401C2F200010B91A4
:103F6000D1ED001A1C300D90B3EE041A8DED0C1A31
:103F7000F0EE410AECF7AEFA0B999DED0C1A119890
:103F800090ED050AD1ED001A20300E90F0EE410AB6
:103F9000ECF7A0FA0D98119991ED040AF1EE400AA0
:103FA000FCF78AFC0E98119991ED050AF1EE400A92
:103FB000FCF782FC119890ED070A44F64061C2F2CA
:103FC00000010F91D1F85C1101EE101A9FED632AE8
:103FD0008DED102A61EE020A4430FEF7DFF90F99E9
:103FE0009DED102A119890ED080AB1EE400AD1F823
:103FF000901101EE101A61EE020A9030FEF7CEF930
:104000001198007840B9FFE745F25051C2F2000123
:104010000020C1F8A4022FE045F25050C2F2000087
:104020000A9090ED100A44F64061C2F20001089136
:10403000D1F8B01101EE101A9FED472A8DED092A33
:10404000C1EE020A00F50370FEF7A8F908999DED8C
:10405000092A0A9890ED930AD1F8C41101EE101ABA
:10406000C1EE020A00F51670FEF798F90A99D1F828
:104070009802C1F8A402FFE700F09AFEEFF7F0F90A
:1040800045F2A430C2F200000078D8B3FFE745F251
:104090005050C2F20000059090ED210A90ED341AC4
:1040A000BDEEC11A11EE102ABDEEC00A10EE103A94
:1040B0006946002007904860086047F22860C2F215
:1040C00000004FF400710691FDF716FD0598069962
:1040D000079B90EDA90ABDEEC00A10EE102A6846B3
:1040E0004260036047F2F060C2F200001A46FDF73A
:1040F00003FD23E000409C45000000000000484311
:1041000000204B466846002304934360036047F257
:104110002860C2F200004FF4007103911A46FDF7C7
:10412000EBFC0399049B68464360036047F2F06030
:10413000C2F200001A46FDF7DFFCFFE7012006F09F
:104140005FFA54E6000000000000FA4300009643C6
:1041500000007A460000C842862CAC422EE34D3B5C
:1041600045F29840C2F20000408900EE100AB8EE15
:10417000400A46F6CC60C2F2000080ED000A7047AB
:1041800080B582B00190FDF7E3FBFFE744F64060A5
:10419000C2F20000009000F582709FED070AEFF771
:1041A000F1FA0098D030B6EE000AEFF7EBFA0520EE
:1041B00006F026FAEAE700BF9A99993E80B582B0E8
:1041C0004FF0500080F31188BFF36F8FBFF34F8F14
:1041D000009007F097FA40B1FFE74EF60451CEF297
:1041E00000014FF080500860FFE700200190019827
:1041F00080F3118802B080BD80B500F001F880BD69
:1042000080B594B006A800903821ECF74BF8002058
:1042100005900490039002900190F5F76FF80098D4
:10422000212106914FF48031079101210C91022147
:104230000D9103220E920F92552210921191082295
:1042400012921391F5F73AFE18B1FFE7EEF7F8FD79
:10425000FFE70F20019003200290002003900490BC
:10426000059001A80421F5F7BFFB18B1FFE7EEF7B1
:10427000E7FDFFE714B080BD4EF68851CEF2000195
:10428000086840F4700008607047000080B547F689
:104290002040C2F20000F7F7EBF980BD83B0029036
:1042A0000191029800680090029842F60041C4F221
:1042B000010188422DD0FFE70298B0F1804F28D04D
:1042C000FFE7029840F20041C4F20001884220D08A
:1042D000FFE7029840F60001C4F20001884218D0BE
:1042E000FFE7029840F60041C4F20001884210D076
:1042F000FFE7029843F20041C4F20101884208D06E
:10430000FFE7029845F20001C4F2010188420AD198
:10431000FFE7009820F07000009001984168009835
:1043200008430090FFE7029842F60041C4F2010101
:10433000884245D0FFE70298B0F1804F40D0FFE7B8
:10434000029840F20041C4F20001884238D0FFE7F1
:10435000029840F60001C4F20001884230D0FFE725
:10436000029840F60041C4F20001884228D0FFE7DD
:10437000029843F20041C4F20101884220D0FFE7D5
:10438000029844F20001C4F20101884218D0FFE70C
:10439000029844F20041C4F20101884210D0FFE7C4
:1043A000029844F60001C4F20101884208D0FFE7F8
:1043B000029845F20001C4F2010188420AD1FFE7E8
:1043C000009820F4407000900198C168009808435C
:1043D0000090FFE7009820F08000019949690843A8
:1043E0000090009802990860019880680299C8625C
:1043F0000198006802998862029842F60041C4F26E
:104400000101884228D0FFE7029843F20041C4F23C
:104410000101884220D0FFE7029844F20001C4F273
:104420000101884218D0FFE7029844F20041C4F22B
:104430000101884210D0FFE7029844F60001C4F25F
:104440000101884208D0FFE7029845F20001C4F25A
:104450000101884205D1FFE70198006902990863CC
:10446000FFE702990120486102980069C00730B156
:10447000FFE70299086920F001000861FFE703B037
:104480007047000084B0039002910192029800F0FE
:104490001F01012088400090009A0399086A904308
:1044A00008620198029901F01F0100FA01F20399D4
:1044B000086A1043086204B07047000085B0049099
:1044C000039102920193049880680090009820F470
:1044D0007F40009003980299019A41EA022101432A
:1044E00000980843009000980499886005B07047D0
:1044F00083B00290019102988068009000984FF676
:104500008F71CFF6CF710840009001980099084351
:1045100040F00700009000980299886003B070474F
:1045200085B0049003910498006A01900499086A88
:1045300020F00100086204984068009004988069A7
:10454000029002984FF68F71CFF6FE7108400290EC
:10455000029820F003000290039801680298084333
:104560000290019820F00200019003988168019860
:1045700008430190049842F60041C4F201018842C8
:1045800028D0FFE7049843F20041C4F201018842B9
:1045900020D0FFE7049844F20001C4F201018842F0
:1045A00018D0FFE7049844F20041C4F201018842A8
:1045B00010D0FFE7049844F60001C4F201018842DC
:1045C00008D0FFE7049845F20001C4F201018842D7
:1045D0000ED1FFE7019820F0080001900398C16810
:1045E000019808430190019820F004000190FFE732
:1045F000049842F60041C4F20101884228D0FFE746
:10460000049843F20041C4F20101884220D0FFE740
:10461000049844F20001C4F20101884218D0FFE777
:10462000049844F20041C4F20101884210D0FFE72F
:10463000049844F60001C4F20101884208D0FFE763
:10464000049845F20001C4F20101884213D1FFE74A
:10465000009820F480700090009820F40070009082
:104660000398416900980843009003988169009875
:1046700008430090FFE70098049948600298049965
:104680008861039840680499486301980499086216
:1046900005B0704785B0049003910498006A0190BA
:1046A0000499086A20F0100008620498406800909D
:1046B000049880690290029848F6FF71CFF6FF6176
:1046C00008400290029820F440700290039801681C
:1046D000029840EA01200290019820F02000019009
:1046E00003988168019840EA01100190049842F60D
:1046F0000041C4F20101884231D0FFE7049843F23F
:104700000041C4F20101884229D0FFE7049844F235
:104710000001C4F20101884203D1FFE70020F0B993
:10472000FFE7049844F20041C4F20101884203D13A
:10473000FFE7002098B9FFE7049844F60001C4F2AF
:104740000101884203D1FFE7002040B9FFE7049848
:1047500045F20001C4F2010188420FD1FFE7019840
:1047600020F0800001900398C168019840EA011090
:104770000190019820F040000190FFE7049842F674
:104780000041C4F20101884228D0FFE7049843F2B7
:104790000041C4F20101884220D0FFE7049844F2AE
:1047A0000001C4F20101884218D0FFE7049844F2E6
:1047B0000041C4F20101884210D0FFE7049844F69A
:1047C0000001C4F20101884208D0FFE7049845F2D5
:1047D0000001C4F20101884215D1FFE7009820F4DE
:1047E00080600090009820F4006000900398416978
:1047F000009840EA8100009003988169009840EA9F
:1048000081000090FFE7009804994860029804999D
:104810008861039840680499886301980499086244
:1048200005B0704785B0049003910498006A019028
:104830000499086A20F48070086204984068009027
:104840000498C069029002984FF68F71CFF6FE71FE
:1048500008400290029820F003000290039801683B
:10486000029808430290019820F400700190039888
:104870008168019840EA01200190049842F60041C5
:10488000C4F20101884231D0FFE7049843F20041AD
:10489000C4F20101884229D0FFE7049844F20001E4
:1048A000C4F20101884203D1FFE70020F0B9FFE71D
:1048B000049844F20041C4F20101884203D1FFE7A9
:1048C000002098B9FFE7049844F60001C4F2010102
:1048D000884203D1FFE7002040B9FFE7049845F282
:1048E0000001C4F2010188420FD1FFE7019820F4D2
:1048F000006001900398C168019840EA012001908E
:10490000019820F480600190FFE7049842F600418E
:10491000C4F20101884228D0FFE7049843F2004125
:10492000C4F20101884220D0FFE7049844F200015C
:10493000C4F20101884218D0FFE7049844F2004114
:10494000C4F20101884210D0FFE7049844F6000148
:10495000C4F20101884208D0FFE7049845F2000143
:10496000C4F20101884215D1FFE7009820F480507D
:104970000090009820F4005000900398416900983E
:1049800040EA0110009003988169009840EA011004
:104990000090FFE700980499486002980499C86164
:1049A000039840680499C86301980499086205B0A7
:1049B0007047000085B0049003910498006A01904C
:1049C0000499086A20F480500862049840680090B6
:1049D0000498C0690290029848F6FF71CFF6FF6113
:1049E00008400290029820F44070029003980168F9
:1049F000029840EA01200290019820F400500190B2
:104A000003988168019840EA01300190049842F6C9
:104A10000041C4F20101884231D0FFE7049843F21B
:104A20000041C4F20101884229D0FFE7049844F212
:104A30000001C4F20101884203D1FFE70020F0B970
:104A4000FFE7049844F20041C4F20101884203D117
:104A5000FFE7002098B9FFE7049844F60001C4F28C
:104A60000101884203D1FFE7002040B9FFE7049825
:104A700045F20001C4F2010188420FD1FFE701981D
:104A800020F4004001900398C168019840EA013089
:104A90000190019820F480400190FFE7049842F6CD
:104AA0000041C4F20101884228D0FFE7049843F294
:104AB0000041C4F20101884220D0FFE7049844F28B
:104AC0000001C4F20101884218D0FFE7049844F2C3
:104AD0000041C4F20101884210D0FFE7049844F677
:104AE0000001C4F20101884208D0FFE7049845F2B2
:104AF0000001C4F20101884215D1FFE7009820F4BB
:104B000080400090009820F4004000900398416994
:104B1000009840EA8110009003988169009840EA6B
:104B200081100090FFE7009804994860029804996A
:104B3000C861039840680499086401980499086260
:104B400005B0704785B0049003910498006A019005
:104B50000499086A20F48030086204984068009044
:104B60000498006D029002984FF68F71CFF6FE7197
:104B70000840029003980168029808430290019847
:104B800020F40030019003988168019840EA0140C8
:104B90000190049842F60041C4F20101884228D0F5
:104BA000FFE7049843F20041C4F20101884220D09B
:104BB000FFE7049844F20001C4F20101884218D0D2
:104BC000FFE7049844F20041C4F20101884210D08A
:104BD000FFE7049844F60001C4F20101884208D0BE
:104BE000FFE7049845F20001C4F2010188420BD1AD
:104BF000FFE7009820F48030009003984169009806
:104C000040EA01200090FFE700980499486002986C
:104C10000499086503984068049988640198049988
:104C2000086205B07047000085B0049003910498B5
:104C3000006A01900499086A20F4801008620498C0
:104C4000406800900498006D0290029848F6FF7149
:104C5000CFF6FF610840029003980168029840EA8D
:104C600001200290019820F40010019003988168BF
:104C7000019840EA01500190049842F60041C4F2C4
:104C80000101884228D0FFE7049843F20041C4F2B2
:104C90000101884220D0FFE7049844F20001C4F2E9
:104CA0000101884218D0FFE7049844F20041C4F2A1
:104CB0000101884210D0FFE7049844F60001C4F2D5
:104CC0000101884208D0FFE7049845F20001C4F2D0
:104CD000010188420BD1FFE7009820F4802000906A
:104CE00003984169009840EA81200090FFE700980E
:104CF00004994860029804990865039840680499EB
:104D0000C86401980499086205B0704785B00490A2
:104D1000039102920498006A00900499086A20F0B6
:104D200001000862049880690190019820F0F00069
:104D300001900299019840EA01100190009820F03A
:104D40000A00009003990098084300900198049984
:104D5000886100980499086205B0704785B0049096
:104D6000039102920498006A00900499086A20F066
:104D700010000862049880690190019820F4704046
:104D800001900299019840EA01300190009820F0CA
:104D9000A00000900399009840EA0110009001984B
:104DA0000499886100980499086205B07047000072
:104DB00045F25050C2F2000090EDA90AB0EEC00AD0
:104DC0009FED4C1AB4EE410AF1EE10FA25DDFFE733
:104DD00044F64060C2F20000D0F8C40120F0004068
:104DE00000EE100A9FED441AB4EE410AF1EE10FAFB
:104DF00013DAFFE745F25050C2F2000090F8A80223
:104E000050B9FFE745F25051C2F20001B1F8AA02D1
:104E10000130A1F8AA02FFE707E045F25051C2F2C3
:104E200000010020A1F8AA02FFE745F25050C2F2AB
:104E30000000B0F8AA02B0F5967F0DDBFFE745F25F
:104E40005051C2F20001012081F8A8020020A1F80F
:104E5000AC02A1F8AA02FFE745F25050C2F20000EE
:104E600090F8A802002843D0FFE745F25050C2F264
:104E70000000B0F8AC0201281BD1FFE744F6406007
:104E8000C2F20000D0F8B00100EE100A9FED1B1A2C
:104E900080EE010A45F25050C2F2000080ED100A87
:104EA00090ED100A9FED161A30EE010A80ED100AFF
:104EB000FFE745F25050C2F20000B0F8AC02B0F586
:104EC000FA7F0ADAFFE745F25051C2F20001B1F869
:104ED000AC020130A1F8AC0209E045F25051C2F237
:104EE0000001002081F8A802A1F8AC02FFE7FFE76B
:104EF000704700BF00C05A460000C842862CAC4232
:104F0000000000C280B547F6C060C2F20000F7F7AB
:104F1000B9FB80BD80B547F65470C2F20000F7F7C8
:104F2000B1FB80BD82B001900198406E40B9FFE7AF
:104F300001990120A1F86A000199A1F8680032E006
:104F400008208DF803008DF8020001980068806841
:104F5000C0F342608DF80100019800688068400F3E
:104F60008DF800009DF802009DF800204CF2C073FF
:104F7000C0F60103995C48434CF2B871C0F60101D8
:104F80008A5CB0FBF2F0019AA2F86A009DF8030077
:104F90009DF801209B5C5843895CB0FBF1F00199BE
:104FA000A1F86800FFE702B07047000081B00090F0
:104FB000009890F82800000700280BD5FFE700981C
:104FC0000068406820F40040009A1168926B10431A
:104FD0004860FFE7009890F82800C00758B1FFE745
:104FE00000980068406820F40030009A1168D26A86
:104FF00010434860FFE7009890F8280080070028D9
:105000000BD5FFE700980068406820F48030009AD4
:105010001168126B10434860FFE7009890F8280071
:10502000400700280BD5FFE700980068406820F48F
:105030008020009A1168526B10434860FFE7009887
:1050400090F82800C00600280BD5FFE700980068FC
:10505000806820F48050009A1168D26B10438860F9
:10506000FFE7009890F82800800600280BD5FFE79E
:1050700000980068806820F40050009A1168126C53
:1050800010438860FFE7009890F828004006002849
:105090001CD5FFE700980068406820F48010009A53
:1050A0001168526C104348600098406CB0F5801F46
:1050B0000BD1FFE700980068406820F4C000009A18
:1050C0001168926C10434860FFE7FFE7009890F882
:1050D0002800000600280BD5FFE70098006840680C
:1050E00020F40020009A1168D26C10434860FFE75A
:1050F00001B0704780B588B0069006990020C1F8CD
:105100009000F2F705FB059006980068006800071C
:1051100000282FD5FFE70698059B6A466FF07E4171
:1051200011604FF40011002200F09AFD08B3FFE770
:10513000FFE7FFE70698006850E8000F20F08000C6
:105140000490FFE704990698026842E800100028DE
:10515000F0D1FFE7FFE706992020C1F88800FFE7BC
:105160000699002081F88400FFE703208DF81F00D6
:105170005FE0FFE70698006800684007002842D516
:10518000FFE70698059B6A466FF07E4111604FF479
:105190008001002200F064FDA0B3FFE7FFE7FFE716
:1051A0000698006850E8000F20F490700390FFE725
:1051B00003990698026842E800100028F0D1FFE742
:1051C000FFE7FFE7FFE70698006850E8020F20F0CE
:1051D00001000290FFE702990698026842E8021077
:1051E0000028F0D1FFE7FFE706992020C1F88C00E6
:1051F000FFE70699002081F88400FFE703208DF87F
:105200001F0016E0FFE706992020C1F888000699E4
:10521000C1F88C0006990020C86606990867FFE768
:105220000699002081F88400FFE700208DF81F0018
:10523000FFE79DF81F0008B080BD000080B582B078
:1052400001900198806A009000990020A1F85E000A
:105250000098F7F77BF902B080BD000080B584B0FC
:1052600003900398806A02900298D0F88800019019
:105270000298D0F88C0000900298006880680006C0
:1052800000280CD5FFE70198212808D1FFE70299F3
:105290000020A1F85600029800F02AF9FFE70298D2
:1052A00000688068400600280CD5FFE70098222897
:1052B00008D1FFE702990020A1F85E00029800F0F3
:1052C000A5F8FFE70299D1F8900040F01000C1F86E
:1052D00090000298F7F73AF904B080BD80B586B027
:1052E00005900598806A049005980068006880061B
:1052F00000285BD4FFE704990020A1F85E00FFE7D7
:10530000FFE70498006850E8000F20F480700390D5
:10531000FFE703990498026842E800100028F0D1E2
:10532000FFE7FFE7FFE7FFE70498006850E8020F98
:1053300020F001000290FFE702990498026842E819
:1053400002100028F0D1FFE7FFE7FFE7FFE704982E
:10535000006850E8020F20F040000190FFE701993B
:105360000498026842E802100028F0D1FFE7FFE746
:1053700004992020C1F88C000498C06E012814D133
:10538000FFE7FFE7FFE70498006850E8000F20F010
:1053900010000090FFE700990498026842E80010AE
:1053A0000028F0D1FFE7FFE7FFE7FFE704990020BF
:1053B00008670498C06E012806D1FFE70498B0F88A
:1053C0005C10F6F781FF03E00498F8F731F8FFE787
:1053D00006B080BD80B582B001900198806A0090CF
:1053E0000099012008670098C06E012807D1FFE7E7
:1053F0000098B0F85C104908F6F766FF03E00098E3
:10540000F8F71AF8FFE702B080BD000084B00390FF
:10541000FFE7FFE70398006850E8000F20F4907062
:105420000290FFE702990398026842E80010002802
:10543000F0D1FFE7FFE7FFE7FFE70398006850E8D8
:10544000020F4FF6FE71CEF6FF7108400190FFE7A4
:1054500001990398026842E802100028EDD1FFE7A5
:10546000FFE70398C06E012814D1FFE7FFE7FFE7CD
:105470000398006850E8000F20F010000090FFE74C
:1054800000990398026842E800100028F0D1FFE775
:10549000FFE7FFE703992020C1F88C000399002063
:1054A000C8660399486704B07047000080B582B0B1
:1054B0000190FFE7FFE70198006850E8000F20F037
:1054C00040000090FFE700990198026842E8001050
:1054D0000028F0D1FFE7FFE701992020C1F88800FC
:1054E0000199002088670198F7F7AAFF02B080BDF4
:1054F00083B00290FFE7FFE70298006850E8000FD2
:1055000020F0C0000190FFE701990298026842E88C
:1055100000100028F0D1FFE7FFE7FFE7FFE7029860
:10552000006850E8020F20F400000090FFE70099A7
:105530000298026842E802100028F0D1FFE7FFE776
:1055400002992020C1F8880003B0704780B592B05E
:10555000119000208DF837001198006848F2000182
:10556000C4F20001884201D1FFE700E0FFE7119992
:1055700088680B694A69C969184310430843109049
:1055800011980068006846F6F311CCF6FF710840E8
:1055900010990843119909680860119800684068DB
:1055A00020F44050119A1168D26810434860119855
:1055B000806910901198006848F20001C4F200015F
:1055C000884206D0FFE71198016A109808431090AE
:1055D000FFE71198006880684FF2FF41C1F2FF11A8
:1055E000084010990843119909688860119800686B
:1055F000C06A20F00F00119A1168526A1043C86205
:10560000FFE71198006843F60001C4F201018842E7
:1056100025D1FFE741F28800C4F20200006800F0E3
:10562000030001460A91032814D80A99DFE801F023
:10563000020A060E01208DF83D000FE002208DF8D1
:105640003D000BE004208DF83D0007E008208DF8B8
:105650003D0003E010208DF83D00FFE715E11198B3
:10566000006844F20041C4F2000188422AD1FFE7F9
:1056700041F28800C4F20200006800F00C0001460C
:1056800009910C2819D80999DFE801F007171717B5
:105690000F1717170B171717130000208DF83D0071
:1056A0000FE002208DF83D000BE004208DF83D0056
:1056B00007E008208DF83D0003E010208DF83D0044
:1056C000FFE7E1E01198006844F60001C4F2000130
:1056D00088422CD1FFE741F28800C4F20200006842
:1056E00000F030000146089160B1FFE708981028EB
:1056F00010D0FFE70898202808D0FFE70898302846
:105700000CD00FE000208DF83D000FE002208DF856
:105710003D000BE004208DF83D0007E008208DF8E7
:105720003D0003E010208DF83D00FFE7ABE011984D
:10573000006844F60041C4F2000188422CD1FFE722
:1057400041F28800C4F20200006800F0C000014687
:10575000079160B1FFE70798402810D0FFE707984E
:10576000802808D0FFE70798C0280CD00FE0002061
:105770008DF83D000FE002208DF83D000BE0042085
:105780008DF83D0007E008208DF83D0003E0102073
:105790008DF83D00FFE775E01198006845F20001C3
:1057A000C4F2000188422FD1FFE741F28800C4F221
:1057B0000200006800F440700146069178B1FFE7EE
:1057C0000698B0F5807F12D0FFE70698B0F5007F0D
:1057D00009D0FFE70698B0F5407F0CD00FE000201D
:1057E0008DF83D000FE002208DF83D000BE0042015
:1057F0008DF83D0007E008208DF83D0003E0102003
:105800008DF83D00FFE73CE01198006848F2000188
:10581000C4F2000188422FD1FFE741F28800C4F2B0
:105820000200006800F440600146059178B1FFE78E
:105830000598B0F5806F12D0FFE70598B0F5006FBE
:1058400009D0FFE70598B0F5406F0CD00FE00020BD
:105850008DF83D000FE002208DF83D000BE00420A4
:105860008DF83D0007E008208DF83D0003E0102092
:105870008DF83D00FFE703E010208DF83D00FFE7C5
:10588000FFE7FFE7FFE7FFE7FFE7FFE711980068A3
:1058900048F20001C4F20001884240F07E80FFE738
:1058A0009DF83D0001460491082819D80499DFE8C5
:1058B00001F0051709170F1717171300F4F758FA17
:1058C0000B9013E042F20040C0F2F4000B900DE0A8
:1058D000F4F776FA0B9009E04FF400400B9005E0E6
:1058E00000200B9001208DF83700FFE70B9800286F
:1058F00052D0FFE70B9811994A6A4CF2C871C0F672
:10590000010131F81210B0FBF1F00C900C981199D4
:10591000496801EB4101884207D3FFE70C981199D0
:105920004968B0EB013F04D9FFE701208DF837004B
:1059300031E00B9811994A6802924A6A4CF2C87198
:10594000C0F6010131F81220002303931946EAF74B
:105950005FFC029A039B090241EA1061000210EB0E
:10596000520041F10001EAF753FC0E900E98B0F599
:10597000407F0BD3FFE70E990020B0EB115F05D1FC
:10598000FFE70E9811990968C86003E001208DF8BF
:105990003700FFE7FFE7FFE7B9E01198C069B0F50E
:1059A000004F61D1FFE79DF83D00014601910828B5
:1059B0001DD80199DFE801F005090D1B131B1B1B06
:1059C0001700F4F7D5F90B9017E0F4F7E5F90B9011
:1059D00013E042F20040C0F2F4000B900DE0F4F747
:1059E000EFF90B9009E04FF400400B9005E0002028
:1059F0000B9001208DF83700FFE70B9898B3FFE775
:105A00000B98119A5168536A4CF2C872C0F60102A1
:105A100032F81320B0FBF2F0400000EB5100B0FB75
:105A2000F1F00E900E98102818D3FFE7BDF83A0059
:105A3000A0B9FFE70E9820F00F00ADF83E000E98D9
:105A400000F00E01BDF83E0040EA5100ADF83E0006
:105A5000BDF83E0011990968C86003E001208DF887
:105A60003700FFE7FFE751E09DF83D000146009158
:105A700008281DD80099DFE801F005090D1B131B4C
:105A80001B1B1700F4F774F90B9017E0F4F784F977
:105A90000B9013E042F20040C0F2F4000B900DE0D6
:105AA000F4F78EF90B9009E04FF400400B9005E0FD
:105AB00000200B9001208DF83700FFE70B9820B3F2
:105AC000FFE70B98119A5168536A4CF2C872C0F6FE
:105AD000010232F81320B0FBF2F000EB5100B0FBF2
:105AE000F1F00E900E9810280AD3FFE7BDF83A00A7
:105AF00030B9FFE7BDF8380011990968C86003E0C4
:105B000001208DF83700FFE7FFE7FFE7FFE7119976
:105B10000120A1F86A001199A1F8680011990020EC
:105B20004867119988679DF8370012B080BD000062
:105B300080B588B006900591ADF8122005980699B9
:105B40008865BDF812000699A1F85C00069900204E
:105B5000C1F8900006992220C1F88C000698D0F870
:105B60008000B0B3FFE70698D0F8801045F2DD2042
:105B7000C0F60100C8620698D0F8801045F2D53012
:105B8000C0F6010008630698D0F8801045F25D2049
:105B9000C0F6010048630698D0F8801000208863A2
:105BA00006980168826DD0F880002431BDF812306B
:105BB000F0F714F960B1FFE706991020C1F89000E2
:105BC00006992020C1F88C0001208DF81F0042E0CA
:105BD000FFE706980069A0B1FFE7FFE7FFE7069837
:105BE000006850E8000F40F480700390FFE70399CD
:105BF0000698026842E800100028F0D1FFE7FFE7AE
:105C0000FFE7FFE7FFE70698006850E8020F40F063
:105C100001000290FFE702990698026842E802102C
:105C20000028F0D1FFE7FFE7FFE7FFE706980068ED
:105C300050E8020F40F040000190FFE701990698FC
:105C4000026842E802100028F0D1FFE7FFE70020D9
:105C50008DF81F00FFE79DF81F0008B080BD000011
:105C600080B586B0DDF820C0049003918DF80B203C
:105C70000193FFE704980068C06903990840401A3F
:105C8000B0FA80F040099DF80B10884266D1FFE71A
:105C900008980130002860D0FFE7F1F739FD01993D
:105CA000401A0899884203D8FFE7089820B9FFE70F
:105CB00003208DF8170055E004980068006840073D
:105CC000002849D5FFE70398802845D0FFE70398CF
:105CD000402841D0FFE704980068C06900F008013F
:105CE0000120B0EBD10F16D1FFE70498016808201E
:105CF000009008620498FFF789FB00980499C1F8A6
:105D00009000FFE70499002081F88400FFE701205C
:105D10008DF8170026E004980068C06900F400615F
:105D20000120B0EBD12F16D1FFE7049801684FF4A2
:105D3000006008620498FFF769FB04992020C1F80D
:105D40009000FFE70499002081F88400FFE703201A
:105D50008DF8170006E0FFE7FFE78BE700208DF8DE
:105D60001700FFE79DF8170006B080BD80B547F625
:105D70000450C2F20000F6F785FC80BD80B547F6FE
:105D80009850C2F20000F6F77DFC80BD80B547F662
:105D90002C60C2F20000F6F775FC80BD80B582B0C1
:105DA00047F62C60C2F2000045F20821C2F2000161
:105DB00040220192F6F730FA019A47F69850C2F263
:105DC000000045F24821C2F20001F6F725FA47F635
:105DD000C060C2F2000045F66401C2F200014FF457
:105DE00080720092F6F718FA009A47F65470C2F2E1
:105DF000000045F66411C2F20001F6F70DFA019AAF
:105E000047F60450C2F2000045F2CC41C2F2000154
:105E1000F6F702FA47F26850C2F20000016808681B
:105E200020F00400086047F2A840C2F200000168B8
:105E3000086820F00400086047F2E830C2F2000071
:105E40000168086820F00400086047F26820C2F288
:105E500000000168086820F00400086047F228305C
:105E6000C2F200000168086820F00400086002B077
:105E700080BD000080B582B08DF8070000919DF8CC
:105E8000070060B9FFE7009A4DF24700C0F6010035
:105E900045F66821C2F2000100F0A4FE0BE0009A72
:105EA0004DF24700C0F6010045F66821C2F200013C
:105EB00000F098FEFFE745F66820C2F2000002B04D
:105EC00080BD000080B586B004908DF80F10049856
:105ED000D0F8C40201900498D0F8BC0220B9FFE7C2
:105EE00003208DF817004BE00498D0F8BC02029014
:105EF00004989DF80F1001EB810100EB810080698F
:105F000010B3FFE704989DF80F1001EB810100EB3F
:105F100081008269019800EBC100016AB2FBF1F0D7
:105F200000FB112080B9FFE704989DF80F1001EBEA
:105F3000810100EB81000023836104989DF80F101C
:105F40001A4601F075FA17E002990020C1F8140210
:105F50000498D0F8C002006968B1FFE70498D0F84F
:105F6000C00203690299D1F8080201F504719DF895
:105F70000F209847FFE7FFE700208DF81700FFE7A5
:105F80009DF8170006B080BD80B584B002908DF8F2
:105F900007100298D0F8BC0200900298D0F8BC021A
:105FA00020B9FFE703208DF80F0015E002989DF857
:105FB000071001F021F80099C1F80C020298D0F8FE
:105FC000C002C2680099D1F8040201F5037190473C
:105FD00000208DF80F00FFE79DF80F0004B080BD92
:105FE00080B584B003908DF80B100398812100F0E8
:105FF000C3FE03990020019008870398012100F057
:10600000BBFE01980399A1F878010398822100F062
:10601000B3FE01980399A1F84C000399A1F84E0032
:106020000398D0F8BC0278B1FFE70398D0F8C0021B
:10603000406880470398D0F8BC0201F0F5FD039951
:106040000020C1F8BC02FFE7002004B080BD0000C2
:1060500082B08DF80700009100991220088040F26C
:10606000C020C2F2000002B07047000080B584B0CA
:1060700002900298D0F8BC020190019820B9FFE785
:1060800003208DF80F001DE00298D0F8C002A8B1DF
:10609000FFE7019890F80002FF280FD0FFE7029871
:1060A000D0F8C0028368019991F8000291F80122AA
:1060B00098470199FF2081F80002FFE700208DF842
:1060C0000F00FFE79DF80F0004B080BD81B0009085
:1060D00000990A20088040F2D420C2F2000001B0EA
:1060E0007047000081B0009000994320088040F282
:1060F0003820C2F2000001B07047000081B000906B
:1061000000994320088040F27C20C2F2000001B0D8
:106110007047000081B0009000994320088040F251
:10612000E020C2F2000001B07047000080B58AB0E4
:1061300008908DF81F104FF4077001F079FD06905C
:10614000069840B9FFE708990020C1F8BC02022078
:106150008DF827006DE006980899C1F8BC020898F0
:10616000007CD8B9FFE708988121022203924FF4FE
:106170000073049300F0CEFF039A049B089801215A
:1061800005910187089800F0C5FF05980899A1F8C6
:10619000780108991020A1F84E0019E00898812193
:1061A000022200924023019300F0B4FF009A019B69
:1061B0000898012102910187089800F0ABFF02982E
:1061C0000899A1F8780108991020A1F84E00FFE77E
:1061D000089882210322082300F09CFF08990120DF
:1061E000A1F84C000898D0F8C002006880470699D2
:1061F0000020C1F814020699C1F818020898007C22
:1062000050B9FFE708980699D1F8042201214FF40C
:10621000007300F0A5FF08E008980699D1F8042261
:106220000121402300F09CFFFFE700208DF82700AC
:10623000FFE79DF827000AB080BD000080B582B05E
:106240008DF8070000919DF8070060B9FFE7009AFC
:106250004DF23900C0F6010045F66821C2F2000196
:1062600000F0C0FC0BE0009A4DF23900C0F60100CE
:1062700045F66821C2F2000100F0B4FCFFE745F6E4
:106280006820C2F2000002B080BD000082B08DF82C
:106290000700009100990420088040F23830C2F2D3
:1062A000000002B07047000080B584B08DF80F0088
:1062B0000291029A4DF25200C0F6010045F66821A3
:1062C000C2F20001019100F08DFC019804B080BD84
:1062D00080B582B08DF8070000919DF8070060B985
:1062E000FFE7009A4DF26500C0F6010045F668210F
:1062F000C2F2000100F076FC0BE0009A4DF265005E
:10630000C0F6010045F66821C2F2000100F06AFC07
:10631000FFE745F66820C2F2000002B080BD000031
:1063200080B584B002900298D0F8BC020190029827
:10633000D0F8BC0220B9FFE703208DF80F001AE067
:106340000298007C50B9FFE702980199D1F8042225
:1063500001214FF4007300F003FF08E00298019957
:10636000D1F804220121402300F0FAFEFFE70020CB
:106370008DF80F00FFE79DF80F0004B080BD00000E
:1063800083B001900091009820B9FFE703208DF8B9
:106390000B0007E000980199C1F8C00200208DF8B9
:1063A0000B00FFE79DF80B0003B0704780B582B08B
:1063B0008DF80700009100991A200880EDF7B4F9D4
:1063C00040F23C30C2F2000002B080BD84B00290C6
:1063D00001910298D0F8BC020090009820B9FFE724
:1063E00003208DF80F0007E001980099C1F804021E
:1063F00000208DF80F00FFE79DF80F0004B07047F4
:1064000085B00390029101920398D0F8BC020090ED
:10641000009820B9FFE703208DF813000BE00298E5
:106420000099C1F8080201980099C1F810020020F3
:106430008DF81300FFE79DF8130005B070470000CA
:1064400080B58AB0089007910898D0F8BC020690F1
:1064500000208DF81500ADF812008DF81100069897
:1064600020B9FFE703208DF82700B3E007980078F4
:1064700000F060000146039100284AD0FFE703982E
:10648000202840F09A80FFE70798C088B8B3FFE75C
:1064900007980078000600281FD5FFE70898D0F875
:1064A000C0028368079A50780699D288984707985F
:1064B000C088082803D3FFE70720029003E007986D
:1064C000C0880290FFE70298ADF816000898069978
:1064D000BDF8162000F04CF910E0079840780699B6
:1064E00081F8000207988079069981F801020898DE
:1064F0000699079AD28800F00DF9FFE708E008989E
:10650000D0F8C00283680799487800229847FFE7CF
:106510005BE007984078014601910B2844D8019927
:10652000DFE801F0064142424242424242421C320E
:10653000089890F89C02032807D1FFE708980DF10E
:106540001201022200F014F907E00898079900F000
:10655000D3F803208DF81100FFE72DE0089890F89C
:106560009C02032807D1FFE708980DF115010122CD
:1065700000F0FEF807E00898079900F0BDF8032046
:106580008DF81100FFE717E0089890F89C020328A7
:1065900008D0FFE70898079900F0AEF803208DF8BF
:1065A0001100FFE708E007E00898079900F0A4F859
:1065B00003208DF81100FFE707E00898079900F025
:1065C0009BF803208DF81100FFE79DF811008DF86E
:1065D0002700FFE79DF827000AB080BD80B584B092
:1065E00002900298D0F8BC02019001208DF80300BF
:1065F0000298D0F8BC0220B9FFE703208DF80F0005
:106600001FE00198D0F81402B0B9FFE7019901200A
:10661000C1F814020198D0F810020299C8620298D9
:106620000199D1F80822D1F81032812100F000FF41
:1066300000208DF80300FFE79DF803008DF80F00A0
:10664000FFE79DF80F0004B080BD000080B582B068
:1066500001908DF803100198D0F8B80240B1FFE71F
:106660000198D0F8B8124A689DF803109047FFE7E8
:10667000002002B080BD000080B582B00190009182
:10668000019890F89C02013802280ED8FFE7009884
:106690004088012808D1FFE701990020C1F8A40231
:1066A000019800F07FF8FFE704E00198009900F0FE
:1066B00023F8FFE702B080BD80B584B0039002915B
:1066C00001920398029A019B0021009100F048FD7D
:1066D000009804B080BD000080B584B003900291A2
:1066E00001920398029A019B0021009100F0A0FE04
:1066F000009804B080BD000080B582B00190009188
:106700000198802100F04CFE0198002100F048FE25
:1067100002B080BD80B584B00390029101920399CC
:106720000320C1F8940201980399C1F85801019817
:106730000399C1F85C010398029A019B0021009122
:1067400000F00EFD009804B080BD000080B582B05E
:10675000019001990520C1F894020198002300934B
:1067600019461A4600F0FCFC009802B080BD0000FB
:1067700080B584B003900291019203990220C1F880
:10678000940201980399886101980399C86103985C
:10679000029A019B0021009100F04AFE009804B08B
:1067A00080BD000080B582B0019001990420C1F83D
:1067B000940201980023009319461A4600F038FE0F
:1067C000009802B080BD000080B584B003900291B3
:1067D0000298C088012805D0FFE703980299FFF7C7
:1067E0008BFF21E0039890F89C12481E019102282B
:1067F00004D3FFE7019803280AD00FE00399002093
:106800008860039800F108010122FFF7B1FF0AE058
:106810000398011D0122FFF7ABFF04E003980299E2
:10682000FFF76AFFFFE7FFE704B080BD80B588B0DF
:10683000079006910020ADF8160004908DF80F0027
:106840000698C0780138014602910E2800F2418175
:106850000299DFE811F02A00340051003E013E01A8
:106860000B0123013E013E013E013E013E013E017E
:106870003E010F000798D0F8B402C06950B1FFE79D
:106880000798D0F8B412CA69007C0DF11601904740
:10689000049009E007980699FFF72EFF9DF80F0076
:1068A00001308DF80F00FFE71DE10798D0F8B41212
:1068B0000A68007C0DF116019047049013E10798D7
:1068C000007C60B9FFE70798D0F8B802816A0DF143
:1068D0001600884704900499022048700BE007983E
:1068E000D0F8B802C16A0DF11600884704900499E7
:1068F00002204870FFE7F6E0069880780146019193
:10690000052800F2A8800199DFE801F0031E395440
:106910006F8A0798D0F8B402406850B1FFE7079833
:10692000D0F8B4124A68007C0DF11601904704902B
:1069300009E007980699FFF7DFFE9DF80F00013088
:106940008DF80F00FFE790E00798D0F8B402806858
:1069500050B1FFE70798D0F8B4128A68007C0DF1B7
:1069600016019047049009E007980699FFF7C4FEC6
:106970009DF80F0001308DF80F00FFE775E00798D4
:10698000D0F8B402C06850B1FFE70798D0F8B4124D
:10699000CA68007C0DF116019047049009E0079841
:1069A0000699FFF7A9FE9DF80F0001308DF80F0042
:1069B000FFE75AE00798D0F8B402006950B1FFE74A
:1069C0000798D0F8B4120A69007C0DF116019047BF
:1069D000049009E007980699FFF78EFE9DF80F00D6
:1069E00001308DF80F00FFE73FE00798D0F8B402C0
:1069F000406950B1FFE70798D0F8B4124A69007CAB
:106A00000DF116019047049009E007980699FFF7E9
:106A100073FE9DF80F0001308DF80F00FFE724E0B2
:106A20000798D0F8B402806950B1FFE70798D0F812
:106A3000B4128A69007C0DF116019047049009E0B8
:106A400007980699FFF758FE9DF80F0001308DF862
:106A50000F00FFE709E007980699FFF74DFE9DF844
:106A60000F0001308DF80F00FFE73CE00798007C35
:106A700048B9FFE70798D0F8B802416B0DF116004E
:106A80008847049009E007980699FFF735FE9DF8BE
:106A90000F0001308DF80F00FFE724E00798007C1D
:106AA00060B9FFE70798D0F8B802016B0DF1160046
:106AB0008847049004990720487009E007980699D0
:106AC000FFF71AFE9DF80F0001308DF80F00FFE769
:106AD00009E007980699FFF70FFE9DF80F000130B7
:106AE0008DF80F00FFE79DF80F0008B1FFE72AE0DF
:106AF0000698C08818B3FFE7BDF81600C8B1FFE7D5
:106B0000BDF816000699C988884204DAFFE7BDF887
:106B10001600009003E00698C0880090FFE70098F8
:106B2000ADF8160007980499BDF81620FFF720FE6F
:106B300004E007980699FFF7DFFDFFE703E00798F9
:106B4000FFF730FEFFE708B080BD000083B0029081
:106B500000208DF8070002980090FFE70098007869
:106B600048B1FFE79DF8070001308DF80700009855
:106B700001300090F2E79DF8070003B07047000075
:106B800080B582B001900091019890F89C02013884
:106B900002281FD8FFE70098C088022805D0FFE729
:106BA00001980099FFF7A8FD19E001990120C8603C
:106BB0000198D0F8A40230B1FFE70199C86840F00D
:106BC0000200C860FFE7019800F10C010222FFF704
:106BD000CFFD04E001980099FFF78EFDFFE702B0BA
:106BE00080BD000080B586B005900491039200201E
:106BF0008DF80B00059808B9FFE73DE00598019076
:106C00000198FFF7A3FF0146022000EB4100039922
:106C100008800398007804999DF80B2088549DF80B
:106C20000B0001308DF80B0004999DF80B20032018
:106C300088549DF80B0001308DF80B00FFE7019898
:106C40000078C8B1FFE70198007804999DF80B20FF
:106C500088540198013001909DF80B0001308DF8A7
:106C60000B0004999DF80B20002088549DF80B0020
:106C700001308DF80B00E2E706B080BD82B08DF8E0
:106C8000070000208DF806009DF8070001460091DE
:106C9000032814D80099DFE801F002060A0E00204C
:106CA0008DF806000FE003208DF806000BE00120B0
:106CB0008DF8060007E003208DF8060003E00320AE
:106CC0008DF80600FFE79DF8060002B0704700004F
:106CD00080B584B0029001918DF80320029820B90C
:106CE000FFE703208DF80F0023E002990020C1F890
:106CF000B8020299C1F8C0020299C1F8CC02019809
:106D000028B1FFE701980299C1F8B402FFE70299A0
:106D1000012081F89C029DF80300029908700298F6
:106D200000F078F98DF802009DF802008DF80F0050
:106D3000FFE79DF80F0004B080BD000080B582B071
:106D400001908DF8031000208DF802008DF80100ED
:106D50000198D0F8C4029DF80310F1F77FF98DF87F
:106D600002009DF80200FFF789FF8DF801009DF8F1
:106D7000010002B080BD000080B582B001908DF8A6
:106D8000031000208DF802008DF801000198D0F862
:106D9000C4029DF80310F1F70DF98DF802009DF87B
:106DA0000200FFF76BFF8DF801009DF8010002B0B3
:106DB00080BD000080B588B006908DF81710049251
:106DC0009DF81700002872D1FFE706981430039051
:106DD0000698D0F89402022859D1FFE703998868F1
:106DE000C968884212D9FFE703998868CA68801A7F
:106DF000886006980499039A9268FFF76DFC0698DC
:106E0000002319461A4600F0ABF93FE00398816869
:106E1000C06888421ED1FFE703994868C968884264
:106E200018D3FFE7039840680699D1F89812884272
:106E300010D2FFE70698002201921146FFF74CFCA2
:106E4000019B0698C0F89832069819461A4600F039
:106E500087F91AE0069890F89C0203280DD1FFE705
:106E60000698D0F8B802C06830B1FFE70698D0F8AD
:106E7000B812C9688847FFE7FFE70698802100F04D
:106E80008FFA0698FFF762FCFFE7FFE700E0FFE7F5
:106E9000069890F8A002012808D1FFE7069800F0B4
:106EA00047FB0699002081F8A002FFE720E0069842
:106EB00090F89C0203281AD1FFE70698D0F8B80290
:106EC000406998B1FFE70698D0F8B8124A699DF872
:106ED000171090478DF80B009DF80B0028B1FFE7C5
:106EE0009DF80B008DF81F0006E0FFE7FFE7FFE7C6
:106EF00000208DF81F00FFE79DF81F0008B080BD3F
:106F000080B58AB008908DF81F1006929DF81F007A
:106F1000002847D1FFE7089800F5AA700590089867
:106F2000D0F8940203283BD1FFE705998868C96827
:106F300088421DD9FFE705998868CA68801A886069
:106F4000089802900698039005998868C968884255
:106F500004D2FFE705988068019003E00598C068B7
:106F60000190FFE703990298019AFFF7A5FB16E04D
:106F7000089890F89C0203280DD1FFE70898D0F8F4
:106F8000B802006930B1FFE70898D0F8B812096973
:106F90008847FFE7FFE70898FFF704FCFFE700E0FA
:106FA000FFE720E0089890F89C0203281AD1FFE739
:106FB0000898D0F8B802806998B1FFE70898D0F82F
:106FC000B8128A699DF81F1090478DF813009DF83C
:106FD000130028B1FFE79DF813008DF8270006E0A5
:106FE000FFE7FFE7FFE700208DF82700FFE79DF8A8
:106FF00027000AB080BD000080B582B001908DF8F6
:1070000003100198D0F8C4029DF80310F1F77EFD3B
:1070100002B080BD80B584B00390039947F2E4705C
:10702000C2F200000290C0F8D8120399C1F8C4025D
:1070300045F60041C4F200010160082101710221FE
:107040004171C1710021017241728172C172F1F707
:1070500097FF18B1FFE7EBF7F3FEFFE70398D0F8CF
:10706000C4020022019218231146F0F73DFF019A55
:107070000398D0F8C40280215823F0F735FF019A15
:107080000398D0F8C4028121C023F0F72DFF019AA4
:107090000398D0F8C40201214FF48873F0F724FF5D
:1070A000019A0398D0F8C40282214FF48073F0F75C
:1070B0001BFF019804B080BD84B002908DF80710CA
:1070C0000298D0F8C40200909DF80700000600283E
:1070D0000DD5FFE700989DF8071001F07F0101EB47
:1070E000810100EBC100807C8DF80F000DE000985D
:1070F0009DF8071001F07F0101EB810100EBC10059
:1071000090F852018DF80F00FFE79DF80F0004B0D2
:107110007047000080B584B003908DF80B108DF897
:107120000A20ADF8083000208DF807008DF8060021
:107130000398D0F8C4029DF80B10BDF808209DF804
:107140000A30F1F7F5FC8DF807009DF80700FFF70E
:1071500095FD8DF806009DF8060004B080BD000086
:1071600080B586B005908DF813100392029300202D
:107170008DF807008DF806000598D0F8C4029DF838
:107180001310039A029BF1F743FD8DF807009DF859
:107190000700FFF773FD8DF806009DF8060006B0A6
:1071A00080BD000080B586B004900499012081F86C
:1071B0009C0204990020C1F8940204994860049943
:1071C000C1F8A4020498D0F8B80220B9FFE7032060
:1071D0008DF8170032E00498D0F8BC0270B1FFE7D8
:1071E0000498D0F8B802406838B1FFE70498D0F8A6
:1071F000B8124A6801799047FFE7FFE70498002238
:107200000392402302931146FFF784FF029B039AE7
:10721000049901200190A1F864010498C0F860313C
:1072200004988021FFF776FF019A02990398049B46
:107230009A84049A11628DF81700FFE79DF81700F1
:1072400006B080BD81B00090009890F89C020428A0
:1072500007D1FFE7009890F89D02009981F89C0201
:10726000FFE7002001B0704780B582B00090009821
:10727000D0F8B80220B9FFE703208DF8070016E028
:10728000009890F89C0203280DD1FFE70098D0F8F1
:10729000B802C06930B1FFE70098D0F8B812C969E8
:1072A0008847FFE7FFE700208DF80700FFE79DF81C
:1072B000070002B080BD000082B001908DF803107D
:1072C0009DF8030001990874002002B07047000087
:1072D00080B582B001908DF8031000208DF8020077
:1072E0008DF801000198D0F8C4029DF80310F1F761
:1072F00089FF8DF802009DF80200FFF7BFFC8DF8B2
:1073000001009DF8010002B080BD000080B584B08E
:1073100003900291039800F2AA20029900F0AAF8C3
:1073200003990120C1F894020399B1F8B002C1F8A1
:107330009802039890F8AA0200F01F0001460091FD
:1073400040B1FFE7009801280CD0FFE70098022821
:1073500010D017E0039800F2AA2100F029FA8DF866
:10736000070019E0039800F2AA2100F00FFC8DF845
:10737000070011E0039800F2AA2100F07BFA8DF8D3
:10738000070009E0039890F8AA1201F0800100F0CC
:1073900007F88DF80700FFE79DF8070004B080BDEF
:1073A00080B582B001908DF8031000208DF80200A6
:1073B0008DF801000198D0F8C4029DF80310F1F790
:1073C00055FC8DF802009DF80200FFF757FC8DF880
:1073D00001009DF8010002B080BD000080B582B0C0
:1073E000019000208DF803008DF802000198D0F87C
:1073F000C402F1F741FF8DF803009DF80300FFF789
:107400003DFC8DF802009DF8020002B080BD000036
:1074100081B00090009890F89C02009981F89D023C
:107420000099042081F89C02002001B07047000000
:1074300080B586B005908DF813100392029300205A
:107440008DF807008DF806000598D0F8C4029DF865
:107450001310039A029BF1F76BFC8DF807009DF85F
:107460000700FFF70BFC8DF806009DF8060006B03C
:1074700080BD000080B584B0039002910298019015
:1074800001980078039908700198013001900198E3
:107490000078039948700198013001900198FCF739
:1074A000A9FB0399488001980130019001980130AF
:1074B00001900198FCF79EFB0399888001980130A8
:1074C00001900198013001900198FCF793FB03991A
:1074D000C88004B080BD000080B584B002900191E6
:1074E0000020ADF80200019820B9FFE703208DF8D5
:1074F0000F0018E001980299C1F8B8020298D0F87C
:10750000B802C06A58B1FFE70298D0F8B802C16A61
:107510000DF1020088470299C1F8CC02FFE7002074
:107520008DF80F00FFE79DF80F0004B080BD00004C
:1075300081B00090002001B07047000080B584B099
:107540000390029102988088B8BBFFE70298C08838
:1075500098BBFFE7029840887F282ED8FFE7029863
:10756000807800F07F008DF80700039890F89C0267
:10757000032805D1FFE703980299FFF7BDF81BE048
:107580009DF80700039981F89E0203989DF8071063
:10759000FFF79EFE0398FFF705F99DF8070028B155
:1075A000FFE70399022081F89C0204E0039901207F
:1075B00081F89C02FFE7FFE704E003980299FFF7D8
:1075C0009BF8FFE704B080BD80B582B001908DF8D4
:1075D000031003208DF802000198D0F8B80250B1D2
:1075E000FFE70198D0F8B8120A689DF80310904799
:1075F0008DF80200FFE79DF8020002B080BD000098
:1076000080B586B00490039100208DF80B0003989C
:10761000817845F66420C2F20000017000780228EB
:1076200008D3FFE704980399FFF766F803208DF865
:1076300017009CE0049890F89C02014601910228F2
:1076400004D0FFE7019803282BD07BE045F66420A7
:10765000C2F200000078F8B1FFE745F66421C2F2FB
:1076600000010878049A506004980978FFF7ACFF8D
:107670008DF80B009DF80B0028B1FFE704980399E3
:10768000FFF73AF807E00498FFF78CF80499032015
:1076900081F89C02FFE703E00498FFF783F8FFE717
:1076A00060E045F66420C2F20000007898B9FFE778
:1076B0000499022081F89C0245F66421C2F200017F
:1076C0000878049A506004980978FEF7BFFF049880
:1076D000FFF768F835E045F66420C2F20000007854
:1076E00004994968884227D0FFE704980179FEF79A
:1076F000ADFF45F66421C2F200010878049A50609B
:1077000004980978FFF760FF8DF80B009DF80B00D7
:1077100068B1FFE704980399FEF7EEFF049801793A
:10772000FEF794FF0499022081F89C0203E004987C
:10773000FFF738F8FFE703E00498FFF733F8FFE7B7
:10774000FFE70FE004980399FEF7D6FF049845F68B
:107750006421C2F200010978FEF778FF03208DF85A
:107760000B00FFE79DF80B008DF81700FFE79DF871
:10777000170006B080BD000080B582B00190009176
:1077800000984088012808D1FFE701990120C1F83D
:10779000A4020198FFF706F8FFE702B080BD0000E1
:1077A00080B582B001900198FFF718FE02B080BD4D
:1077B00080B586B00590049100208DF80F000498E4
:1077C000007800F060000146029188B1FFE702985E
:1077D000202804D0FFE70298402842D1FFE705980F
:1077E000D0F8B8128A68049990478DF80F003DE0F0
:1077F000049840780146019109282CD80199DFE8C6
:1078000001F01B252A202A0A052A160F059804993B
:10781000FFF70CF824E005980499FFF78FFE1FE0AE
:1078200005980499FFF7ECFE8DF80F0018E0059815
:107830000499FEF7C9FF13E005980499FFF7A0F932
:107840000EE005980499FFF797FF09E00598049961
:10785000FEF712FF04E005980499FEF74DFFFFE7DD
:1078600004E005980499FEF747FFFFE79DF80F0035
:1078700006B080BD80B58CB00B900A9100208DF8C9
:1078800022000A9880888DF823000A98007800F07A
:1078900060000146079190B1FFE70798202805D0C6
:1078A000FFE70798402840F06881FFE70B98D0F881
:1078B000B8128A680A9990478DF8220062E10A9806
:1078C000407801460691002800F09880FFE706986E
:1078D00001284CD0FFE70698032840F04881FFE7D5
:1078E0000B9890F89C0201460591022804D0FFE70E
:1078F0000598032819D034E09DF8230078B1FFE7FC
:107900009DF8230080280AD0FFE70B989DF82310EC
:10791000FFF746FD0B988021FFF742FD04E00B982E
:107920000A99FEF7E9FEFFE720E00A984088A0B92F
:10793000FFE79DF8230078B1FFE79DF8230080283A
:107940000AD0FFE70A98C08830B9FFE70B989DF886
:107950002310FFF725FDFFE7FFE70B98FEF722FF57
:1079600004E00B980A99FEF7C7FEFFE704E10B98C5
:1079700090F89C0201460491022804D0FFE7049885
:10798000032819D034E09DF8230078B1FFE79DF873
:10799000230080280AD0FFE70B989DF82310FFF7FB
:1079A000FFFC0B988021FFF7FBFC04E00B980A9981
:1079B000FEF7A2FEFFE720E00A984088B8B9FFE78B
:1079C0009DF82300400630B1FFE70B989DF8231087
:1079D000FFF7B4F9FFE70B98FEF7E4FE0B98D0F839
:1079E000B8128A680A9990478DF82200FFE704E0F0
:1079F0000B980A99FEF780FEFFE7BDE00B9890F820
:107A00009C0201460391022804D0FFE70398032853
:107A100038D0A6E09DF8230050B1FFE79DF8230081
:107A2000802805D0FFE70B980A99FEF765FE9DE0D8
:107A30009DF82300000600280CD5FFE70B989DF861
:107A4000231001F07F0101EB810100EB8100143074
:107A500002900CE00B989DF8231001F07F0101EBE0
:107A6000810100EB810000F5AA700290FFE7029807
:107A700009900999002008600B9809990222FEF7E5
:107A800077FE73E09DF823000006002812D5FFE77B
:107A90000B989DF8231001F00F0101EB810100EB21
:107AA0008100808C28B9FFE70B980A99FEF724FE25
:107AB0005CE012E00B989DF8231001F00F0101EB40
:107AC000810100EB8100B0F8640128B9FFE70B9851
:107AD0000A99FEF711FE49E0FFE79DF82300000632
:107AE00000280CD5FFE70B989DF8231001F07F01CB
:107AF00001EB810100EB8100143001900CE00B9848
:107B00009DF8231001F07F0101EB810100EB810062
:107B100000F5AA700190FFE7019809909DF82300F5
:107B200028B1FFE79DF82300802804D1FFE70999D9
:107B3000002008600FE00B989DF82310FFF7BCFAB7
:107B400020B1FFE709990120086003E009990020AE
:107B50000860FFE7FFE70B9809990222FEF708FE8D
:107B600004E00B980A99FEF7C7FDFFE704E00B98C5
:107B70000A99FEF7C1FDFFE704E00B980A99FEF7AA
:107B8000BBFDFFE79DF822000CB080BD80B584B03E
:107B90000390029100208DF807000298007800F011
:107BA00060000146009140B1FFE70098202804D012
:107BB000FFE7009840282DD1FFE7039890F89C023A
:107BC0000138022820D8FFE702980079012815D84B
:107BD000FFE70398D0F8B8128A68029990478DF8A9
:107BE00007000298C08840B9FFE79DF8070020B958
:107BF000FFE70398FEF7D6FDFFE704E0039802993C
:107C0000FEF77AFDFFE704E003980299FEF774FDA2
:107C1000FFE704E003980299FEF76EFDFFE79DF889
:107C2000070004B080BD000081B0009001B0704733
:107C300081B0009045F66840C2F2000001B0704784
:107C4000A6B02590249100208DF88F0025982499C6
:107C5000097830F8210048F68F110840ADF88C0003
:107C60002498C0780146009103281AD80099DFE8CB
:107C700001F00211090ABDF88C0040F40070ADF863
:107C80008C0012E011E0BDF88C0040F4C060ADF84B
:107C90008C000AE0BDF88C0040F48060ADF88C00E8
:107CA00003E001208DF88F00FFE7BDF88C0048F25B
:107CB000800108432599249A127821F82200FFE7D1
:107CC00025982499097830F8210048F68F710840EA
:107CD000249909780843ADF88A00BDF88A0048F273
:107CE000800108432599249A127821F82200FFE7A1
:107CF0002498007B002840F05981FFE724984078C1
:107D0000002878D0FFE7FFE7259820902598B0F865
:107D1000501020980844209020982499097800EB6E
:107D2000C10000F5806021902498C08820F00100F7
:107D300021990880FFE7FFE725982499097830F812
:107D40002100ADF87E00BDF87E004006002817D562
:107D5000FFE7FFE725982499097830F8210048F6D5
:107D60008F710840ADF87C00BDF87C0048F2C0017E
:107D700008432599249A127821F82200FFE7FFE7AB
:107D8000FFE72498C07801281DD0FFE7FFE725987A
:107D90002499097830F8210048F6BF710840ADF801
:107DA0007A00BDF87A0080F02000ADF87A00BDF8C6
:107DB0007A0048F2800108432599249A127821F824
:107DC0002200FFE716E0FFE725982499097830F8AC
:107DD000210048F6BF710840ADF87800BDF8780082
:107DE00048F2800108432599249A127821F822004C
:107DF000FFE7FFE7D9E0FFE725981C902598B0F84A
:107E000050101C9808441C901C982499097800EB89
:107E1000C10000F204401D902498C08820F00100A9
:107E20001D990880FFE7FFE725981B902598B0F87B
:107E300050101B9808441B901B982499097800EB5C
:107E4000C10000F206401A90FFE71A9908886FF304
:107E50009F2008802498006930B9FFE71A990888A4
:107E600040F40040088033E0249800693E2816D88A
:107E7000FFE7FFE724980069400819902498007CE8
:107E8000C00720B1FFE7199801301990FFE7199A50
:107E90001A99088840EA82200880FFE717E0FFE788
:107EA00024980069400919902498007CC00620B9E4
:107EB000FFE7199801381990FFE7199A1A9908886D
:107EC00040EA822040F400400880FFE7FFE7FFE738
:107ED000FFE7FFE7FFE725982499097830F82100AC
:107EE000ADF86200BDF862004004002817D5FFE736
:107EF000FFE725982499097830F8210048F68F711A
:107F00000840ADF86000BDF860004CF28001084305
:107F10002599249A127821F82200FFE7FFE7FFE76E
:107F20002498007818BBFFE7FFE725982499097883
:107F300030F821004BF68F710840ADF85E00BDF8B7
:107F40005E0080F48050ADF85E00BDF85E0080F405
:107F50000050ADF85E00BDF85E0048F280010843B5
:107F60002599249A127821F82200FFE71CE0FFE708
:107F700025982499097830F821004BF68F71084034
:107F8000ADF85C00BDF85C0080F40050ADF85C001A
:107F9000BDF85C0048F2800108432599249A1278C4
:107FA00021F82200FFE7FFE7FFE788E22498C07886
:107FB000022817D1FFE7FFE725982499097830F8C0
:107FC000210048F68F710840ADF85A00BDF85A00FC
:107FD00048F2801108432599249A127821F822004A
:107FE000FFE716E0FFE725982499097830F821008B
:107FF00048F68F610840ADF85800BDF8580048F2C7
:10800000800108432599249A127821F82200FFE77D
:10801000FFE7FFE7FFE7FFE7259814902598B0F802
:10802000501014980844149014982499097800EB7F
:10803000C10000F5806015902498008920F00100AF
:1080400015990880FFE7FFE7FFE7FFE72598129003
:108050002598B0F85010129808441290129824995C
:10806000097800EBC10000F2044013902498408985
:1080700020F0010013990880FFE7FFE7FFE724984D
:108080004078002840F07E81FFE7FFE7259824999B
:10809000097830F82100ADF84600BDF846004004EC
:1080A000002817D5FFE7FFE725982499097830F8CD
:1080B000210048F68F710840ADF84400BDF8440037
:1080C0004CF2800108432599249A127821F8220065
:1080D000FFE7FFE7FFE7FFE725982499097830F8E5
:1080E0002100ADF84200BDF842004006002817D537
:1080F000FFE7FFE725982499097830F8210048F632
:108100008F710840ADF84000BDF8400048F2C00152
:1081100008432599249A127821F82200FFE7FFE707
:10812000FFE7FFE7FFE724984078002858D1FFE7F2
:10813000FFE725980F902598B0F850100F98084445
:108140000F900F982499097800EBC10000F20240CB
:108150000E90FFE70E9908886FF39F2008802498FF
:10816000006930B9FFE70E99088840F400400880A4
:1081700033E0249800693E2816D8FFE7FFE72498EB
:10818000006940080D902498007CC00720B1FFE7EB
:108190000D9801300D90FFE70D9A0E99088840EA7E
:1081A00082200880FFE717E0FFE724980069400974
:1081B0000D902498007CC00620B9FFE70D98013887
:1081C0000D90FFE70D9A0E99088840EA822040F44E
:1081D00000400880FFE7FFE7FFE7FFE7FFE71CE05D
:1081E00024984078012817D1FFE7FFE725980C90E5
:1081F0002598B0F850100C9808440C900C982499CD
:10820000097800EBC10000F202400B90249800694D
:108210000B990880FFE7FFE7FFE7FFE7FFE72598F7
:108220000A9024984078002858D1FFE7FFE7259866
:1082300008902598B0F850100898084408900898BD
:108240002499097800EBC10000F206400790FFE78F
:10825000079908886FF39F2008802498006930B937
:10826000FFE70799088840F40040088033E024982D
:1082700000693E2816D8FFE7FFE724980069400808
:1082800006902498007CC00720B1FFE706980130D3
:108290000690FFE7069A0799088840EA822008803E
:1082A000FFE717E0FFE7249800694009069024984B
:1082B000007CC00620B9FFE7069801380690FFE76A
:1082C000069A0799088840EA822040F40040088016
:1082D000FFE7FFE7FFE7FFE7FFE718E024984078B4
:1082E000012813D1FFE72598B0F850100A980844E8
:1082F0000A900A982499097800EBC10000F2064020
:1083000009902498006909990880FFE7FFE7FFE7D3
:10831000FFE7FFE725982499097830F821004BF60C
:108320008F710840ADF81600BDF8160080F480503B
:10833000ADF81600BDF8160080F40050ADF8160038
:10834000BDF8160048F2800108432599249A127856
:1083500021F82200FFE7FFE725982499097830F8F3
:10836000210048F6BF710840ADF81400BDF81400B4
:1083700048F2800108432599249A127821F82200B6
:10838000FFE79BE0FFE725982499097830F8210062
:10839000ADF81200BDF812004004002817D5FFE721
:1083A000FFE725982499097830F8210048F68F7165
:1083B0000840ADF81000BDF810004CF280010843F1
:1083C0002599249A127821F82200FFE7FFE7FFE7BA
:1083D000FFE725982499097830F82100ADF80E00C0
:1083E000BDF80E004006002817D5FFE7FFE72598E7
:1083F0002499097830F8210048F68F710840ADF8CB
:108400000C00BDF80C0048F2C00108432599249ADD
:10841000127821F82200FFE7FFE7FFE72498C078F1
:1084200001281DD0FFE7FFE725982499097830F847
:10843000210048F6BF710840ADF80A00BDF80A00F7
:1084400080F02000ADF80A00BDF80A0048F2800173
:1084500008432599249A127821F82200FFE716E0B4
:10846000FFE725982499097830F8210048F6BF7174
:108470000840ADF80800BDF8080048F28001084344
:108480002599249A127821F82200FFE7FFE7FFE7F9
:1084900025982499097830F821004BF68F7108400F
:1084A000ADF80600BDF8060048F2800108432599A2
:1084B000249A127821F82200FFE7FFE7FFE79DF8F2
:1084C0008F0026B0704700008CB00B900A910A987C
:1084D000007B002840F08080FFE70A984078E8B3EE
:1084E000FFE7FFE70B980A99097830F82100ADF80B
:1084F0002600BDF826004006002817D5FFE7FFE755
:108500000B980A99097830F8210048F68F710840D5
:10851000ADF82400BDF8240048F2C00108430B99CF
:108520000A9A127821F82200FFE7FFE7FFE7FFE74A
:108530000B980A99097830F8210048F6BF71084075
:10854000ADF82200BDF8220048F2800108430B99E3
:108550000A9A127821F82200FFE73CE0FFE70B9827
:108560000A99097830F82100ADF82000BDF8200004
:108570004004002817D5FFE7FFE70B980A99097810
:1085800030F8210048F68F710840ADF81E00BDF8A4
:108590001E004CF2800108430B990A9A127821F8C8
:1085A0002200FFE7FFE7FFE7FFE70B980A9909784A
:1085B00030F821004BF68F710840ADF81C00BDF873
:1085C0001C0048F2800108430B990A9A127821F89E
:1085D0002200FFE7FFE724E10A984078002840F0F6
:1085E0009080FFE7FFE70B980A99097830F821009F
:1085F000ADF81A00BDF81A004004002817D5FFE7AF
:10860000FFE70B980A99097830F8210048F68F7136
:108610000840ADF81800BDF818004CF2800108437E
:108620000B990A9A127821F82200FFE7FFE7FFE78B
:10863000FFE70B980A99097830F82100ADF8160089
:10864000BDF816004006002817D5FFE7FFE70B9896
:108650000A99097830F8210048F68F710840ADF882
:108660001400BDF8140048F2C00108430B990A9A9F
:10867000127821F82200FFE7FFE7FFE7FFE70B98FA
:108680000A99097830F8210048F68F710840ADF852
:108690001200BDF8120048F2C00108430B990A9A73
:1086A000127821F82200FFE7FFE70B980A99097872
:1086B00030F821004BF68F710840ADF81000BDF87E
:1086C000100048F2800108430B990A9A127821F8A9
:1086D0002200FFE7FFE70B980A99097830F821009C
:1086E00048F6BF710840ADF80E00BDF80E0048F224
:1086F000800108430B990A9A127821F82200FFE7BB
:108700008EE0FFE70B980A99097830F82100ADF860
:108710000C00BDF80C004004002817D5FFE7FFE768
:108720000B980A99097830F8210048F68F710840B3
:10873000ADF80A00BDF80A004CF2800108430B991D
:108740000A9A127821F82200FFE7FFE7FFE7FFE728
:108750000B980A99097830F82100ADF80800BDF8A7
:1087600008004006002817D5FFE7FFE70B980A9995
:10877000097830F8210048F68F710840ADF80600FE
:10878000BDF8060048F2C00108430B990A9A127816
:1087900021F82200FFE7FFE7FFE7FFE70B980A99C0
:1087A000097830F8210048F68F710840ADF80400D0
:1087B000BDF804004CF2800108430B990A9A127824
:1087C00021F82200FFE7FFE70B980A99097830F8B3
:1087D000210048F6BF710840ADF80200BDF8020064
:1087E00048F2800108430B990A9A127821F8220076
:1087F000FFE7FFE70B980A99097830F821004BF65C
:108800008F710840ADF80000BDF8000048F280010B
:1088100008430B990A9A127821F82200FFE7FFE734
:10882000FFE700200CB0704781B000900099B1F8CC
:10883000580040F40040A1F85800002001B07047F3
:1088400083B002920191009000990120A1F84000AC
:1088500000990020A1F840000099A1F84400009977
:10886000A1F8500003B0704782B001904BF68070C1
:108870000090009A0199B1F840009043A1F840009F
:10888000002002B07047000085B004900391039867
:108890004078002849D0FFE7FFE70498039909785A
:1088A00030F82100ADF80A00BDF80A0040060028A3
:1088B00017D5FFE7FFE704980399097830F82100FE
:1088C00048F68F710840ADF80800BDF8080048F27E
:1088D000C00108430499039A127821F82200FFE7A7
:1088E000FFE7FFE70398C07801281DD0FFE7FFE707
:1088F00004980399097830F8210048F6BF710840C0
:10890000ADF80600BDF8060080F02000ADF80600C6
:10891000BDF8060048F2800108430499039A1278D2
:1089200021F82200FFE7FFE748E0FFE704980399FA
:10893000097830F82100ADF80400BDF804004004C7
:10894000002817D5FFE7FFE704980399097830F866
:10895000210048F68F710840ADF80200BDF8020012
:108960004CF2800108430499039A127821F82200FE
:10897000FFE7FFE7FFE7FFE704980399097830F87E
:1089800021004BF68F710840ADF80000BDF80000E3
:1089900080F48050ADF80000BDF8000080F4005075
:1089A000ADF80000BDF8000048F2800108430499CA
:1089B000039A127821F82200FFE7FFE7002005B0B4
:1089C0007047000083B00290019101984078E8B1AF
:1089D000FFE7FFE702980199097830F8210048F68F
:1089E000BF710840ADF80200BDF8020080F0100031
:1089F000ADF80200BDF8020048F280010843029978
:108A0000019A127821F82200FFE71CE0FFE70298A4
:108A10000199097830F821004BF68F710840ADF8C4
:108A20000000BDF8000080F48050ADF80000BDF8F3
:108A3000000048F2800108430299019A127821F857
:108A40002200FFE7FFE7002003B0704780B5ACB01D
:108A50002A90299129984078012840F01B84FFE74B
:108A6000299801698069884204D9FFE7299800693B
:108A7000289003E0299880692890FFE72998007BD7
:108A8000F0B9FFE72A98299A5169D288BDF8A03039
:108A900000F062FDFFE72A9826902A98B0F850105F
:108AA00026980844269026982999097800EBC10059
:108AB00000F202402590289825990880FFE7C6E338
:108AC0002998C078022840F0A982FFE72998016917
:108AD000006A884240F26582FFE7FFE72A982999F9
:108AE000097830F8210048F68F710840ADF89200FF
:108AF000BDF8920048F2801108432A99299A127809
:108B000021F82200FFE7289A2999086A801A08624A
:108B10002A982999097830F821004006002840F168
:108B20002081FFE7FFE72A982390299840780028C2
:108B300054D1FFE7FFE72A9821902A98B0F8501007
:108B400021980844219021982999097800EBC100C7
:108B500000F206402090FFE7209908886FF39F20DD
:108B60000880289830B9FFE72099088840F4004031
:108B7000088030E028983E2815D8FFE7FFE72898BE
:108B800040081F909DF8A000C00720B1FFE71F9884
:108B900001301F90FFE71F9A2099088840EA822041
:108BA0000880FFE716E0FFE7289840091F909DF82E
:108BB000A000C00620B9FFE71F9801381F90FFE70B
:108BC0001F9A2099088840EA822040F400400880DB
:108BD000FFE7FFE7FFE7FFE7FFE717E029984078A7
:108BE000012812D1FFE72A98B0F8501023980844C2
:108BF000239023982999097800EBC10000F20640E0
:108C00002290289822990880FFE7FFE7FFE729983C
:108C10004089ADF89E002A9829994969BDF89E209F
:108C2000BDF8A03000F098FC289A299948691044B2
:108C3000486129980169006A884206D9FFE7289AA5
:108C40002999086A801A086206E02998006A289023
:108C5000299900200862FFE7FFE72998407800285B
:108C600054D1FFE7FFE72A981E902A98B0F85010D9
:108C70001E9808441E901E982999097800EBC1009F
:108C800000F202401D90FFE71D9908886FF39F20B6
:108C90000880289830B9FFE71D99088840F4004003
:108CA000088030E028983E2815D8FFE7FFE728988D
:108CB00040081C909DF8A000C00720B1FFE71C9859
:108CC00001301C90FFE71C9A1D99088840EA822019
:108CD0000880FFE716E0FFE7289840091C909DF800
:108CE000A000C00620B9FFE71C9801381C90FFE7E0
:108CF0001C9A1D99088840EA822040F400400880B0
:108D0000FFE7FFE7FFE7FFE7FFE71BE02998407871
:108D1000012816D1FFE7FFE72A981B902A98B0F8A0
:108D200050101B9808441B901B982999097800EB58
:108D3000C10000F202401A9028981A990880FFE7B3
:108D4000FFE7FFE7FFE729980089ADF89E002A9822
:108D500029994969BDF89E20BDF8A03000F0FCFBC0
:108D60001EE1FFE729984078002854D1FFE7FFE78C
:108D70002A9819902A98B0F8501019980844199018
:108D800019982999097800EBC10000F20240189067
:108D9000FFE7189908886FF39F200880289830B95A
:108DA000FFE71899088840F40040088030E02898D0
:108DB0003E2815D8FFE7FFE72898400817909DF850
:108DC000A000C00720B1FFE7179801301790FFE718
:108DD000179A1899088840EA82200880FFE716E071
:108DE000FFE72898400917909DF8A000C00620B919
:108DF000FFE7179801381790FFE7179A1899088826
:108E000040EA822040F400400880FFE7FFE7FFE7E8
:108E1000FFE7FFE71BE029984078012816D1FFE71C
:108E2000FFE72A9816902A98B0F850101698084430
:108E3000169016982999097800EBC10000F20240BB
:108E40001590289815990880FFE7FFE7FFE7FFE7EF
:108E500029980089ADF89E002A9829994969BDF89A
:108E60009E20BDF8A03000F077FB289A2999486928
:108E70001044486129980169006A884206D9FFE7D1
:108E8000289A2999086A801A086206E02998006AD7
:108E90002890299900200862FFE7FFE72A9814909C
:108EA00029984078002854D1FFE7FFE72A981290CC
:108EB0002A98B0F8501012980844129012982999E4
:108EC000097800EBC10000F206401190FFE711990C
:108ED00008886FF39F200880289830B9FFE7119920
:108EE000088840F40040088030E028983E2815D8D3
:108EF000FFE7FFE72898400810909DF8A000C00702
:108F000020B1FFE7109801301090FFE7109A1199F7
:108F1000088840EA82200880FFE716E0FFE72898EB
:108F2000400910909DF8A000C00620B9FFE71098F6
:108F300001381090FFE7109A1199088840EA8220C2
:108F400040F400400880FFE7FFE7FFE7FFE7FFE7A7
:108F500017E029984078012812D1FFE72A98B0F845
:108F6000501014980844149014982999097800EB2B
:108F7000C10000F206401390289813990880FFE77B
:108F8000FFE7FFE729984089ADF89E002A982999C4
:108F90004969BDF89E20BDF8A03000F0DDFAFFE77A
:108FA0003BE02998006A2890FFE72A9829990978D8
:108FB00030F8210048F68F610840ADF83E00BDF85A
:108FC0003E0048F2800108432A99299A127821F834
:108FD0002200FFE7FFE72A980E902A98B0F8501079
:108FE0000E9808440E900E982999097800EBC1005C
:108FF00000F202400D9028980D990880FFE729980B
:109000000089ADF89E002A9829994969BDF89E20EB
:10901000BDF8A03000F0A0FAFFE717E1289A2999DF
:10902000086A801A08622A982999097830F821007C
:109030004006002840F18480FFE7FFE72A980C9063
:1090400029984078002854D1FFE7FFE72A980A9032
:109050002A98B0F850100A9808440A900A9829995A
:10906000097800EBC10000F206400990FFE709997A
:1090700008886FF39F200880289830B9FFE7099986
:10908000088840F40040088030E028983E2815D831
:10909000FFE7FFE72898400808909DF8A000C00768
:1090A00020B1FFE7089801300890FFE7089A099976
:1090B000088840EA82200880FFE716E0FFE728984A
:1090C000400908909DF8A000C00620B9FFE7089865
:1090D00001380890FFE7089A0999088840EA822039
:1090E00040F400400880FFE7FFE7FFE7FFE7FFE706
:1090F00017E029984078012812D1FFE72A98B0F8A4
:1091000050100C9808440C900C982999097800EBA1
:10911000C10000F206400B9028980B990880FFE7E9
:10912000FFE7FFE729984089ADF89E002A98299922
:109130004969BDF89E20BDF8A03000F00DFA84E02A
:10914000FFE729984078002854D1FFE7FFE72A98E5
:1091500007902A98B0F8501007980844079007988D
:109160002999097800EBC10000F202400690FFE760
:10917000069908886FF39F200880289830B9FFE788
:109180000699088840F40040088030E028983E287E
:1091900015D8FFE7FFE72898400805909DF8A00044
:1091A000C00720B1FFE7059801300590FFE7059A59
:1091B0000699088840EA82200880FFE716E0FFE76A
:1091C0002898400905909DF8A000C00620B9FFE747
:1091D000059801380590FFE7059A0699088840EA46
:1091E000822040F400400880FFE7FFE7FFE7FFE749
:1091F000FFE71BE029984078012816D1FFE7FFE739
:109200002A9804902A98B0F85010049808440490C2
:1092100004982999097800EBC10000F202400390FC
:10922000289803990880FFE7FFE7FFE7FFE7299801
:109230000089ADF89E002A9829994969BDF89E20B9
:10924000BDF8A03000F088F9FFE7FFE7FFE7FFE790
:109250002A982999097830F8210048F6BF7108400A
:10926000ADF80A00BDF80A0080F01000ADF80A0061
:10927000BDF80A0080F02000ADF80A00BDF80A0031
:1092800048F2800108432A99299A127821F822008D
:10929000FFE7C0E02998007B002847D1FFE7299825
:1092A0008069D8B9FFE72998C078B8B9FFE7FFE728
:1092B0002A982999097830F8210048F68F710840DA
:1092C000ADF80800BDF8080048F2801108432A995B
:1092D000299A127821F82200FFE716E0FFE72A9882
:1092E0002999097830F8210048F68F610840ADF8D7
:1092F0000600BDF8060048F2800108432A99299A21
:10930000127821F82200FFE7FFE7299801698069B8
:10931000884206D9FFE729990A698869801A886115
:1093200003E0299900208861FFE751E02998C0787F
:1093300002283ED1FFE72998C069C8B3FFE72A9801
:109340002999097830F82100ADF89C00BDF89C00FF
:109350004004002806D5FFE7BDF89C004006002821
:109360000CD4FFE7BDF89C00400400281FD4FFE7A1
:10937000BDF89C004006002819D4FFE7FFE7FFE78F
:109380002A982999097830F8210048F68F71084009
:10939000ADF80400BDF8040048F2C00108432A9962
:1093A000299A127821F82200FFE7FFE7FFE7FFE79D
:1093B0000DE02998C078012804D1FFE72999002001
:1093C000886103E001208DF8AF0028E0FFE7FFE7A8
:1093D000FFE72A982999097830F821004BF68F7118
:1093E0000840ADF80200BDF8020080F48050ADF8EE
:1093F0000200BDF8020080F40050ADF80200BDF894
:10940000020048F2800108432A99299A127821F82B
:109410002200FFE7FFE700208DF8AF00FFE79DF88F
:10942000AF002CB080BD000082B0019001990020F7
:10943000A1F844004BF6807100910099019AA2F8BE
:10944000401002B07047000080B547F2E470C2F2ED
:109450000000EFF7A1FC80BD82B001900198B0F848
:1094600044000090009802B07047000089B0089056
:109470000791ADF81A20ADF81830BDF81800400873
:10948000059008980490079800900498BDF81A1069
:10949000084400F58060019005980390FFE7039869
:1094A000C0B1FFE701980088029001980230019056
:1094B0000298009908700098013000900298000A04
:1094C00000990870009801300090FFE70398013878
:1094D0000390E4E79DF81800C00738B1FFE7019852
:1094E00000880290029800990870FFE709B0704761
:1094F00080B582B0019000910199009A45F688608C
:10950000C2F20000E6F7B5FE45F6C861C2F20001FE
:109510000868013008600198E7F798F802B080BD4C
:1095200080B582B001908DF8031001989DF803106A
:10953000E8F7C6FA02B080BD82B001908DF8031042
:109540009DF8030028B9FFE701998020A1F84C009D
:10955000FFE7002002B0704789B008900791ADF88E
:109560001A20ADF81830BDF81800013040080590F9
:1095700008980490079800900498BDF81A100844C1
:1095800000F58060019005980390FFE70398F0B123
:10959000FFE700980078ADF80A0000984178BDF820
:1095A0000A0040EA0120ADF80A00BDF80A0001995E
:1095B00008800198023001900098013000900098D6
:1095C00001300090FFE7039801380390DEE709B00F
:1095D00070470000FFE7FEE781B08DF803009DF9BA
:1095E000030000280ED4FFE79DF9031001F01F02CD
:1095F000012090404A094EF20011CEF2000141F8DC
:109600002200FFE701B070474EF60C50CEF200008A
:109610000068C0F30220704782B08DF80700009107
:109620009DF9070000280AD4FFE7009800019DF982
:1096300007104EF20042CEF2000288540BE0009870
:1096400000019DF8071001F00F014EF61452CEF202
:1096500000028854FFE702B07047000083B0029018
:10966000029800F0070000904EF60C51CEF2000177
:109670000868019001984FF6FF0210400190019890
:10968000009A40EA02200022C0F2FA5210430190F0
:109690000198086003B0704789B08DED080A9DED10
:1096A000080A9FED3C1A20EE010AB5EE001A30EED2
:1096B000010A8DED050A9DED050ABDEEC00A8DED8E
:1096C000010A9DED050AB5EE400AF1EE10FA04DA42
:1096D000FFE7019801380190FFE79DED050A9DED38
:1096E000011AB8EEC11A30EE410A8DED050A9DED62
:1096F000050A9FED291A20EE010A8DED000A9DED65
:10970000000ABDEEC00A10EE100AADF81200BDF856
:109710001200B0F5007F0CDBFFE70020ADF812006F
:109720009DED000A9FED1D1A30EE010A8DED000A35
:10973000FFE79DED000ABDF8120001EE100AB8EE39
:10974000411A30EE410A8DED060ABDF812104CF2B6
:10975000E070C0F6010050F821100391BDF812101E
:1097600000EB8100406802909DED061AB7EE000AFA
:1097700030EE410A9DED032A9DED023A21EE031AD7
:1097800020EE020A30EE010A8DED070A9DED070A70
:1097900009B0704783F9223E00000044000000C475
:1097A00089B008900791069208984068059007983C
:1097B0004068049006984068039008990888498892
:1097C0004843029002980190FFE70198A8B1FFE793
:1097D0000598011D059190ED000A0498011D049162
:1097E00090ED001A30EE010A0398011D039180EDFF
:1097F000000A019801380190E7E700208DF8030086
:109800009DF9030009B0704783B00290ADF80610CF
:10981000ADF804200093BDF8060002990880BDF859
:1098200004000299488000980299486003B070478C
:10983000BBB0399038913998406837903898406873
:1098400036903998008834903998408833900020B9
:10985000329031902B903698359034982C90FFE7C9
:109860002C9858B3FFE734982C99401A2A90FFE7B8
:109870002A9848B1FFE73599081D35900020086007
:109880002A9801382A90F3E73599081D35904FF052
:109890007E5008602C9801382A90FFE72A9848B13A
:1098A000FFE73599081D3590002008602A98013897
:1098B0002A90F3E72C9801382C90D1E700202990CA
:1098C000FFE729983399884280F05582FFE700200E
:1098D0002B9029982F90399948684988299A01FB3B
:1098E000022100EB8100359035980068329029986C
:1098F0003090299801302D90FFE72D9834998842B7
:1099000025D2FFE73999486849882D9A299B01FBA0
:10991000023100EB810035903598006831909DED63
:10992000310AB0EEC00A9DED321AB0EEC11AB4EEA3
:10993000410AF1EE10FA05DDFFE72D9830903198DD
:109940003290FFE7FFE72D9801302D90D5E79DED90
:10995000320AB5EE400AF1EE10FA76D0FFE7309801
:109960002999884271D0FFE7399840682590399845
:109970004068249039984088239023982999401A68
:1099800022902F982399299A00FB0121259800EB1A
:109990008100259030982399299A00FB0121249871
:1099A00000EB8100249000202790FFE72798229960
:1099B000884213DAFFE7259800682690249800680B
:1099C00025990A1D25920860269824990A1D24923B
:1099D0000860FFE7279801302790E7E7389840684C
:1099E0001F90389840681E90389840881D901D98A8
:1099F0001C902F981D9941431F9800EB81001F90E8
:109A000030981D9941431E9800EB81001E90002064
:109A10002190FFE721981C99884213DAFFE71F98ED
:109A2000006820901E9800681F990A1D1F92086008
:109A300020981E990A1D1E920860FFE721980130A8
:109A40002190E7E701202B90FFE72B9801280CD00D
:109A5000FFE79DED320AB5EE400AF1EE10FA04D1AF
:109A6000FFE7FB208DF8EB00C4E19DED321AB7EE65
:109A7000000A80EE010A8DED320A399840681A908A
:109A800039984088199019982999401A18902F9858
:109A90001999299A00FB01211A9800EB81001A906C
:109AA00000201B90FFE71B981899884210DAFFE707
:109AB0009DED321A1A98011D1A9190ED000A20EEC0
:109AC000010A80ED000AFFE71B9801301B90EAE7CE
:109AD00038984068169038984088159015981490DA
:109AE0002F9815994143169800EB8100169000209D
:109AF0001790FFE717981499884210DAFFE79DED59
:109B0000321A1698011D169190ED000A20EE010AF6
:109B100080ED000AFFE7179801301790EAE7002070
:109B20002D90FFE72D982F99884280F08B80FFE7DA
:109B30003999486849882D9A299B01FB023100EB2D
:109B400081003590359800683290399840681290BD
:109B50003998406811903998408810901098299948
:109B6000401A0F9012982D99109A514300EB8100E2
:109B7000299900EB8100129011982F99109A514366
:109B800000EB8100299900EB8100119000201390D7
:109B9000FFE713980F99884217DAFFE79DED321A15
:109BA0001198011D119190ED002A1298011D12913A
:109BB00090ED000A21EE021A30EE410A80ED000A13
:109BC000FFE7139801301390E3E7389840680D9051
:109BD000389840680C90389840880B900B980A9001
:109BE0000D982D990B9A514300EB81000D900C9824
:109BF0002F990B9A514300EB81000C9000200E909E
:109C0000FFE70E980A99884217DAFFE79DED321AAE
:109C10000C98011D0C9190ED002A0D98011D0D91DD
:109C200090ED000A21EE021A30EE410A80ED000AA2
:109C3000FFE70E9801300E90E3E7FFE72D98013023
:109C40002D906FE72F9801302D90FFE72D983499D4
:109C5000884280F08B80FFE73999486849882D9ABF
:109C6000299B01FB023100EB81003590359800689B
:109C70003290399840680890399840680790399830
:109C80004088069006982999401A059008982D99C1
:109C9000069A514300EB8100299900EB810008905E
:109CA00007982F99069A514300EB8100299900EB00
:109CB0008100079000200990FFE7099805998842E4
:109CC00017DAFFE79DED321A0798011D079190ED15
:109CD000002A0898011D089190ED000A21EE021A51
:109CE00030EE410A80ED000AFFE709980130099043
:109CF000E3E73898406803903898406802903898B5
:109D0000408801900198009003982D99019A514341
:109D100000EB8100039002982F99019A514300EBC8
:109D20008100029000200490FFE704980099884287
:109D300017DAFFE79DED321A0298011D029190EDAE
:109D4000002A0398011D039190ED000A21EE021AEA
:109D500030EE410A80ED000AFFE7049801300490DC
:109D6000E3E7FFE72D9801302D906FE7FFE7299893
:109D700001302990A5E500208DF8A3002B9801283B
:109D800033D0FFE79DED320AB5EE400AF1EE10FA4E
:109D90002BD1FFE739984068379000202E90FFE7DD
:109DA0002E983499339A5143884212D2FFE737985C
:109DB0002E9900EB810090ED000AB5EE400AF1EE1D
:109DC00010FA01D0FFE704E0FFE72E9801302E9053
:109DD000E6E72E983499339A5143884204D1FFE73D
:109DE000FB208DF8A300FFE7FFE79DF8A3008DF8A7
:109DF000EB00FFE79DF9EB003BB0704792B008AB7A
:109E00000093119010910F92119840680E90109845
:109E100040680D90119840680C90109840680B9025
:109E20000F9840680A9011980088ADF81E001098AD
:109E30004088ADF81C0011984088ADF81A00002049
:109E40000490BDF81E000390FFE70A98049900EB08
:109E500081000990BDF81C000590109840680D9095
:109E6000FFE7002008900C980E90BDF81A000290B1
:109E7000FFE70298D8B1FFE700980E990A1D0E92ED
:109E800091ED000A0D9991ED002A90ED001A20EE57
:109E9000020A30EE010A80ED000ABDF81C100D9890
:109EA00000EB81000D90029801380290E1E70898DC
:109EB00009990A1D099208600598013805900B98C8
:109EC000BDF81C10059A891A00EB81000D90FFE780
:109ED00005980028C5D1FFE70498BDF81C10084478
:109EE00004900C98BDF81A1000EB81000C900398B8
:109EF00001380390FFE703980028A6D1FFE7002070
:109F00008DF807009DF9070012B0704789B00890DE
:109F10000791069208984068059007984068049059
:109F20000698406803900899088849884843029039
:109F300002980190FFE70198A8B1FFE70598011D7D
:109F4000059190ED000A0498011D049190ED001A0E
:109F500030EE410A0398011D039180ED000A01983B
:109F600001380190E7E700208DF803009DF9030018
:109F700009B070478AB00990089109984068079025
:109F800008984068069009980088ADF81200099872
:109F90004088ADF81000BDF812000290002001903A
:109FA000FFE70698019900EB81000590BDF81000CD
:109FB0000390FFE7039880B1FFE70798011D079121
:109FC000006805990860BDF81210059800EB810043
:109FD0000590039801380390ECE701980130019057
:109FE000029801380290FFE702980028D9D1FFE7D4
:109FF00000208DF803009DF903000AB070470000AF
:10A0000089B08DED080A9DED080A9FED3A1A20EE01
:10A01000010A8DED050A9DED050ABDEEC00A8DED24
:10A02000010A9DED050AB5EE400AF1EE10FA04DAD8
:10A03000FFE7019801380190FFE79DED050A9DEDCE
:10A04000011AB8EEC11A30EE410A8DED050A9DEDF8
:10A05000050A9FED291A20EE010A8DED000A9DEDFB
:10A06000000ABDEEC00A10EE100AADF81200BDF8ED
:10A070001200B0F5007F0CDBFFE70020ADF8120006
:10A080009DED000A9FED1D1A30EE010A8DED000ACC
:10A09000FFE79DED000ABDF8120001EE100AB8EED0
:10A0A000411A30EE410A8DED060ABDF812104CF24D
:10A0B000E070C0F6010050F821100391BDF81210B5
:10A0C00000EB8100406802909DED061AB7EE000A91
:10A0D00030EE410A9DED032A9DED023A21EE031A6E
:10A0E00020EE020A30EE010A8DED070A9DED070A07
:10A0F00009B0704783F9223E00000044000000C40C
:10A1000080B58AB0E6F762FC80200590E6F7A2FEF3
:10A1100055200690E6F79EFE0698E6F79BFE48F26D
:10A120008401C2F2000108910870E6F745FC0120A5
:10A130000790EBF7D1FEE6F749FC0598E6F78AFEB3
:10A140000698E6F787FE0698E6F784FE08990870F9
:10A15000E6F732FC0798EBF7BFFEE6F737FC7E2008
:10A16000B621E6F78FFEE6F727FC5020EBF7B4FEAA
:10A17000E6F72CFC0598E6F76DFE0698E6F76AFE12
:10A180000698E6F767FE08990870E6F715FC079849
:10A19000EBF7A2FEE6F71AFC0598E6F75BFE0698D9
:10A1A000E6F758FE0698E6F755FE08990870E6F7B8
:10A1B00003FC0798EBF790FE089800781E2804D05F
:10A1C000FFE7FF208DF8270074E040F2D001C2F2D3
:10A1D000010100200870FFE740F2D000C2F2010048
:10A1E0000078052862DCFFE7E6F7F0FB40F2D000DC
:10A1F000C2F201000390007800EB400240F25C40A4
:10A20000C2F2000004908118805C4978E6F73AFEBB
:10A21000E6F7D2FB01200190EBF75EFEE6F7D6FBF6
:10A2200003990498097801EB4101405C40F08000FB
:10A23000E6F710FE55200090E6F70CFE0098E6F7D2
:10A2400009FE48F28401C2F2000102910870E6F7AB
:10A25000B3FB0198EBF740FE0298039A049900784B
:10A26000127802EB420211444978884215D0FFE788
:10A2700040F2D000C2F20100007800EB400140F251
:10A280005C40C2F200000844827846F6DC61C2F20B
:10A290000001087810430870FFE7FFE740F2D001A3
:10A2A000C2F2010108780130087095E700208DF8AE
:10A2B0002700FFE79DF827000AB080BD80B588B071
:10A2C000E6F798FB48F28401C2F2000106910020F3
:10A2D0000490E6F7ADFDE6F783FB01200590EBF770
:10A2E000FBFDE6F787FB04980699E6F7A1FDE6F784
:10A2F00077FB0598EBF7F0FDE6F77CFB1420B62121
:10A30000E6F7C0FDE6F76CFB5020EBF7E5FDE6F75E
:10A3100071FB04980699E6F78BFDE6F761FB05985B
:10A32000EBF7DAFDE6F766FB04980699E6F780FDA1
:10A33000E6F756FB0598EBF7CFFD069800780F2857
:10A3400004D0FFE7FF208DF81F006DE040F2D00140
:10A35000C2F2010100200870FFE740F2D000C2F213
:10A360000100007805285BDCFFE7E6F743FB40F2DD
:10A37000D000C2F201000290007800EB400240F2EF
:10A380006E40C2F2000003908118805C4978E6F7C5
:10A3900079FDE6F725FB01200090EBF79DFDE6F740
:10A3A00029FB02990398097801EB4101405C48F2CE
:10A3B0008401C2F200010191E6F73AFDE6F710FBD5
:10A3C0000098EBF789FD0198029A039900781278BA
:10A3D00002EB420211444978884218D0FFE740F26C
:10A3E000D000C2F20100017801390170007800EB61
:10A3F000400140F25C40C2F200000844827846F618
:10A40000DC61C2F20001087810430870FFE7FFE743
:10A4100040F2D001C2F201010878013008709CE7D7
:10A4200000208DF81F00FFE79DF81F0008B080BDD9
:10A4300084B002900191ADF80220029828B9FFE79C
:10A440004FF6FF70ADF80E0021E0FFE70198411EC6
:10A450000191B8B1FFE70298411C029100788DF894
:10A460000100BDF802109DF801004840C2B24DF253
:10A470008000C0F6010030F8120080EA1120ADF82B
:10A480000200E3E7BDF80200ADF80E00FFE7BDF8FB
:10A490000E0004B07047000083B0029001918DF867
:10A4A0000320FFE70198411E019198B1FFE79DF855
:10A4B000030002994A1C0292097848408DF8020074
:10A4C0009DF802104CF21860C0F60100405C8DF857
:10A4D0000300E7E79DF8030003B0704784B08DEDFB
:10A4E000030A9DED030AB6EE001A20EE010A8DED77
:10A4F000020A0398019001980090009945F6862081
:10A50000C5F63770A0EB61000090009801909DEDBA
:10A51000010A9DED021A21EE001A21EE002AB7EE83
:10A52000081A31EE421A20EE010A8DED010A9DED66
:10A53000010A04B07047000080B582B0002001908D
:10A54000EDF776FAF9F75CFEF6F7E2FCF6F7A4FA17
:10A55000F6F70CFBF6F736FBF6F760FBF7F784F837
:10A56000F7F7CAF8F7F710F9F7F75AF9F7F7A4F978
:10A57000F6F7E6F9F6F75EFAF6F778FDF6F7B2FDCC
:10A58000F6F7CEFDF6F7F8FDF6F7B2FEF6F764FF44
:10A59000F6F7F6FFF6F71EFEF6F732FAE6F726FDB7
:10A5A000AA20E8F799F8FFE747F62430C2F2000046
:10A5B0000121E6F775FB08B1FFE7F5E7E7F7C4F916
:10A5C000FBF7ECFB0120E6F721FDF6F753FB00F06B
:10A5D0002BF8FFE7FEE7000082B0ADF80600002090
:10A5E0000090BDF90600842807D0FFE7BDF90600FA
:10A5F0000099084403300090FFE7009802B07047CC
:10A6000080B584B0039003980290029818B1FFE7D8
:10A610000298019002E001200190FFE7019800F00C
:10A6200021FE002004B080BD80B500F053FE002064
:10A6300080BD000010B58AB00890079108980168A5
:10A64000029141680591018A039107990491B0F93B
:10A650000800FFF7C1FF0299039A049B84460598FE
:10A66000EE4606ACCEF80440CEF800C000F0FEFF87
:10A67000012803D0FFE70020099002E00698099026
:10A68000FFE709980AB010BD80B584B0039002912D
:10A6900040F26810C2F201000068009047F6E870CE
:10A6A000C2F200000068043000F05EFC88B9FFE7E9
:10A6B00047F6E870C2F200000068C16A012000FAA3
:10A6C00001F240F2CC01C2F2010108689043086037
:10A6D00000E0FFE70398013080B9FFE7029868B116
:10A6E000FFE747F6E870C2F200000068011D40F283
:10A6F0004010C2F2010000F0B1FC3DE00098039967
:10A7000008440190019847F6E871C2F20001096817
:10A7100048600198009988420ED2FFE747F6F4702E
:10A72000C2F20000006847F6E871C2F20001096851
:10A73000043100F05DFC1EE047F6EC70C2F2000050
:10A74000006847F6E871C2F200010968043100F0C0
:10A750004FFC019840F20C11C2F2010109688842D5
:10A7600007D2FFE7019840F20C11C2F20101086024
:10A7700000E0FFE7FFE7FFE704B080BD80B582B0EF
:10A78000019000F093FC40F2BC01C2F201010868A4
:10A790000130086047F6E870C2F20000006898B91E
:10A7A000FFE7019847F6E871C2F20001086040F245
:10A7B000BC00C2F201000068012803D1FFE700F0ED
:10A7C000A3F900E0FFE71CE040F23410C2F2010000
:10A7D0000068A0B9FFE747F6E870C2F20000006821
:10A7E000C06A0199C96A884207D8FFE7019847F60D
:10A7F000E871C2F20001086000E0FFE700E0FFE757
:10A80000FFE740F2C801C2F20101086801300860A8
:10A810000198C16A012000FA01F240F2CC01C2F2B3
:10A8200001010868104308600199C86A00EB8002C2
:10A8300047F6F870C2F2000000EB8200043100F02D
:10A840000DFC00F05FFC40F23410C2F20100006821
:10A85000C8B1FFE747F6E870C2F200000068C06ABE
:10A860000199C96A88420CD2FFE74EF60451CEF234
:10A8700000014FF080500860BFF34F8FBFF36F8F20
:10A8800000E0FFE700E0FFE702B080BD80B582B0E6
:10A89000FFE740F2C000C2F20100006808B3FFE722
:10A8A00000F004FC40F25410C2F20100C068C0681D
:10A8B00001900198043000F057FB40F2BC01C2F255
:10A8C000010108680138086040F2C001C2F20101CC
:10A8D00008680138086000F015FC019800F004F8E1
:10A8E000D7E702B080BD000080B582B0019001982A
:10A8F000006B00F02DFC019800F02AFC02B080BD36
:10A9000084B04FF40040009048F2B000C2F2000062
:10A9100001909DF80400400788B1FFE701980730D7
:10A920000190019820F007000190019A48F2B001CF
:10A93000C2F200010098891A08440090FFE70198CC
:10A940000290029940F23810C2F201000160002129
:10A9500041600298009A10440190019808380190D3
:10A96000019820F007000190019A47F6F070C2F2BA
:10A970000000026002685160026811600299039150
:10A980000199039A891A5160006803990860039835
:10A99000406840F20811C2F2010108600398406863
:10A9A00040F20011C2F20101086040F2D401C2F28B
:10A9B00001014FF00040086004B0704780B582B0DC
:10A9C0000190FFE7FFF762FF47F6F870C2F2000060
:10A9D000006802280CD3FFE74EF60451CEF20001C6
:10A9E0004FF080500860BFF34F8FBFF36F8F00E0D0
:10A9F000FFE7E7E780B588B0DDF834C0DDF830C0A8
:10AA0000DDF82CC0DDF828C0069005910492039370
:10AA10000C98006B049900EB8100043802900298B6
:10AA200020F0070002909DF80800400758B1FFE7AA
:10AA30004FF0500080F31188BFF36F8FBFF34F8F3B
:10AA40000790FFE7FEE70598F8B1FFE700200190C7
:10AA5000FFE701980F2813D8FFE70598019A805C5B
:10AA60000C99114481F8340005980199405C08B9AB
:10AA7000FFE705E0FFE7FFE7019801300190E8E715
:10AA80000C99002081F8430004E00C99002081F823
:10AA90003400FFE70A98072803D3FFE706200A904F
:10AAA00000E0FFE70A980C99C8620A980C9948647C
:10AAB0000C990020009088640C98043000F090FA03
:10AAC0000C98183000F08CFA00980C9909610A99DA
:10AAD000C1F107010C9A91610C9949620C99C86403
:10AAE0000C9981F8500002980699039A00F00CFA2C
:10AAF0000C9908600B9820B1FFE70C980B9908603F
:10AB000000E0FFE708B080BD80B584B0002003906E
:10AB1000FFE70398062810D8FFE7039800EB8001B1
:10AB200047F6F870C2F2000000EB810000F040FA36
:10AB3000FFE7039801300390EBE740F2D800C2F240
:10AB40000100019000F034FA40F2EC00C2F2010082
:10AB5000029000F02DFA40F22010C2F2010000F045
:10AB600027FA40F25410C2F2010000F021FA40F23C
:10AB70004010C2F2010000F01BFA0199029847F65A
:10AB8000EC72C2F20002116047F6F471C2F20001E9
:10AB9000086004B080BD000083B0029040F238101D
:10ABA000C2F201000190FFE7019800680299884213
:10ABB00005D2FFE7FFE7019800680190F4E70198EC
:10ABC000009000980199496808440299884209D187
:10ABD000FFE702984268019948681044486001986C
:10ABE000029000E0FFE702980090009802994968FF
:10ABF000084401990968884220D1FFE7019800685C
:10AC000047F6F071C2F20001096888420DD0FFE7F3
:10AC100001980068426802994868104448600198A9
:10AC2000006800680299086007E047F6F070C2F219
:10AC30000000006802990860FFE704E001980068DE
:10AC400002990860FFE701980299884204D0FFE763
:10AC500002980199086000E0FFE703B07047000028
:10AC600008480068006880F308884FF0000080F30F
:10AC7000148862B661B6BFF34F8FBFF36F8F00DFEA
:10AC800000BF000008ED00E081B047F6EC70C2F2B2
:10AC900000000068006840B9FFE740F20C11C2F202
:10ACA00001014FF0FF3008600FE047F6EC70C2F290
:10ACB00000000068C068C06800900098406840F2DA
:10ACC0000C11C2F201010860FFE701B070470000FB
:10ACD00083B00020009040F25840C2F200000068AB
:10ACE000013058B1FFE74FF0500080F31188BFF3F7
:10ACF0006F8FBFF34F8F0290FFE7FEE74FF05000DA
:10AD000080F31188BFF36F8FBFF34F8F0190FFE780
:10AD1000009808B9FFE7FBE703B0704780B58AB039
:10AD200006900020029000F025FB47F6F070C2F27A
:10AD30000000006818B9FFE7FFF7E2FD00E0FFE759
:10AD4000069840F2D401C2F201010968084240F0BD
:10AD5000C580FFE7069800B3FFE706980830069025
:10AD60009DF818004007B0B1FFE7069820F00700F3
:10AD7000083006909DF81800400758B1FFE74FF0E3
:10AD8000500080F31188BFF36F8FBFF34F8F09908E
:10AD9000FFE7FEE700E0FFE700E0FFE70698002896
:10ADA00000F09A80FFE7069840F20011C2F201011C
:10ADB0000968884200F29080FFE740F23810C2F242
:10ADC0000100049000680590FFE705984168069A25
:10ADD00000209142019007D2FFE705980068002803
:10ADE00018BF01200190FFE70198C00730B1FFE7CD
:10ADF00005980490059800680590E6E7059847F6E1
:10AE0000F071C2F200010968884263D0FFE704983C
:10AE10000068083002900598006804990860059859
:10AE200040680699401A112821D3FFE70598069932
:10AE3000084403909DF80C00400758B1FFE74FF01D
:10AE4000500080F31188BFF36F8FBFF34F8F0890CE
:10AE5000FFE7FEE7059840680699401A03994860A5
:10AE60000698059948600398FFF796FE00E0FFE713
:10AE70000598426840F20010C2F201000168891A88
:10AE80000160006840F20811C2F2010109688842BD
:10AE90000BD2FFE740F20010C2F20100006840F25E
:10AEA0000811C2F20101086000E0FFE740F2D4009F
:10AEB000C2F201000268059948681043486005998C
:10AEC0000020086040F21411C2F20101086801304C
:10AED000086000E0FFE700E0FFE700E0FFE700F0C8
:10AEE000EDFC9DF80800400758B1FFE74FF0500017
:10AEF00080F31188BFF36F8FBFF34F8F0790FFE789
:10AF0000FEE702980AB080BD83B0029001910092E2
:10AF100002980438029002994FF0807008600298FD
:10AF200004380290019820F001000299086002980C
:10AF30000438029002994AF6D140C0F60100086038
:10AF40000298143802900098029908600298043818
:10AF5000029002996FF00200086002982038029077
:10AF6000029803B07047000082B001900198006918
:10AF700000900198416880688860019948688968F4
:10AF80004860009840680199884205D1FFE7019820
:10AF900080680099486000E0FFE70199002008619F
:10AFA00000990868013808600098006802B070478E
:10AFB00081B00090009901F10800486000994FF0BD
:10AFC000FF308860009901F10800C860009901F124
:10AFD0000800086100990020086001B07047000077
:10AFE00081B0009000990020086101B07047000016
:10AFF00084B003900291029800680090009801309C
:10B0000020B9FFE703980069019010E00398083029
:10B010000190FFE70198406800680099884205D8D0
:10B02000FFE7FFE7019840680190F3E7FFE7019829
:10B0300040680299486002984168886001980299C6
:10B040008860029801994860039802990861039901
:10B0500008680130086004B07047000083B00290B7
:10B06000019102984068009000980199486000980A
:10B070008068019988600198009989684860019802
:10B080000099886002980199086102990868013066
:10B09000086003B070470000DFF80C00016841F45D
:10B0A000700101607047000088ED00E082B04FF051
:10B0B000500080F31188BFF36F8FBFF34F8F019063
:10B0C00040F25840C2F2000001680131016000689E
:10B0D000012814D1FFE74EF60450CEF200000068BC
:10B0E000000658B1FFE74FF0500080F31188BFF31E
:10B0F0006F8FBFF34F8F0090FFE7FEE7FFE702B0CF
:10B100007047000082B040F25840C2F20000006870
:10B1100058B9FFE74FF0500080F31188BFF36F8FED
:10B12000BFF34F8F0090FFE7FEE740F25840C2F2B6
:10B130000000016801390160006830B9FFE70020B4
:10B140000190019880F31188FFE702B0704700007A
:10B1500080B586B0039003980290039800285CD0D5
:10B16000FFE7029808380290029801900198406821
:10B1700040F2D401C2F20101096808420BD1FFE795
:10B180004FF0500080F31188BFF36F8FBFF34F8FE4
:10B190000590FFE7FEE70198006858B1FFE74FF020
:10B1A000500080F31188BFF36F8FBFF34F8F04906F
:10B1B000FFE7FEE70198406840F2D401C2F20101C6
:10B1C0000968084227D0FFE70198006808BBFFE73D
:10B1D00040F2D400C2F2010002680199486890432D
:10B1E000486000F0C7F80198426840F20011C2F2CE
:10B1F00001010868104408600198FFF7CDFC40F297
:10B200001811C2F2010108680130086000F056FB15
:10B2100000E0FFE700E0FFE7FFE706B080BD0000C9
:10B220004EF21001CEF20001002008604EF218022A
:10B23000CEF20002106040F2FC10C2F20000006882
:10B2400044F6D352C1F26202A0FB02024FF0FF307B
:10B2500000EB92104EF21402CEF2000210600720B2
:10B260000860704780B584B0029000200190029879
:10B27000E0B1FFE740F2C400C2F20100006858B13B
:10B28000FFE74FF0500080F31188BFF36F8FBFF3DB
:10B290004F8F0390FFE7FEE700F06CF80298002163
:10B2A000FFF7F2F900F00AFB019000E0FFE70198D8
:10B2B00060B9FFE74EF60451CEF200014FF0805026
:10B2C0000860BFF34F8FBFF36F8F00E0FFE704B05C
:10B2D00080BD000080B586B040F20411C2F20101C9
:10B2E00068464160002303604AF6BD10C0F60100C5
:10B2F0004DF27B01C0F60101802200F0B7F9039006
:10B300000398012823D1FFE74FF0500080F3118804
:10B31000BFF36F8FBFF34F8F059040F20C11C2F255
:10B3200001014FF0FF30086040F23411C2F2010118
:10B330000120086040F26811C2F20101002008609B
:10B3400000F0E8F808B1FFE700E0FFE70FE003983E
:10B35000013058B9FFE74FF0500080F31188BFF378
:10B360006F8FBFF34F8F0490FFE7FEE7FFE706B054
:10B3700080BD000040F2C401C2F201010868013042
:10B380000860704785B040F2C400C2F20100006856
:10B3900038B1FFE740F26C11C2F2010101200860F0
:10B3A0004DE040F26C11C2F201010020086040F251
:10B3B000CC00C2F20100006804900498B0FA80F05A
:10B3C0008DF80F009DF80F00C0F11F00019001984B
:10B3D00000EB800147F6F870C2F2000050F821003F
:10B3E00058B9FFE74FF0500080F31188BFF36F8F1B
:10B3F000BFF34F8F0290FFE7FEE7019800EB80015B
:10B4000047F6F870C2F2000000EB8100009000994E
:10B41000486840684860009948680831884205D10A
:10B42000FFE70099486840684860FFE70098406877
:10B43000C06847F6E871C2F200010860FFE705B096
:10B440007047000080B586B0049003910020ADF8ED
:10B450000A00049820B1FFE70398022803D8FFE709
:10B460000020059029E004980399023940F28002F7
:10B47000C2F200021288FEF7DBFFADF80A009DF869
:10B480000A10049A0398104410F8022C00209142EC
:10B4900001900DD1FFE79DF80B00049A0399114428
:10B4A00011F8011C401AB0FA80F040090190FFE742
:10B4B000019800F001000590FFE7059806B080BDF7
:10B4C00080B584B00290019100208DF803000298AD
:10B4D00020B1FFE70198022803D8FFE7002003907E
:10B4E00014E0029801990139FF22FEF7D5FF8DF88B
:10B4F00003009DF80300029A0199114411F8011C00
:10B50000401AB0FA80F040090390FFE7039804B0B6
:10B5100080BD000080B588B04EF60050CEF200002D
:10B5200000684CF27121C4F20F1188420BD1FFE781
:10B530004FF0500080F31188BFF36F8FBFF34F8F30
:10B540000790FFE7FEE74EF60050CEF200000068DD
:10B550004CF27021C4F20F1188420BD1FFE74FF07B
:10B56000500080F31188BFF36F8FBFF34F8F0690A9
:10B57000FFE7FEE74EF20040CEF2000003900178B4
:10B580000491FF21017000788DF80B009DF80B00ED
:10B5900000F0500040F2B001C2F20101087040F228
:10B5A000B401C2F2010107200860FFE79DF80B001B
:10B5B000000600280DD5FFE740F2B401C2F20101F8
:10B5C0000868013808609DF80B0040008DF80B00FA
:10B5D000ECE740F2B400C2F20100006803280BD08F
:10B5E000FFE74FF0500080F31188BFF36F8FBFF378
:10B5F0004F8F0590FFE7FEE740F2B401C2F2010170
:10B60000086800020860086800F4E06008600498B8
:10B610004EF20041CEF2000108704EF62051CEF2FB
:10B620000001086840F470000860086840F070404D
:10B630000860FFF7F5FD40F25841C2F2000100201A
:10B6400001900860FFF728FD4EF63471CEF200013C
:10B65000086840F040400860FFF702FBFFF792FEE9
:10B66000FFF736FB019808B080BD000070B58CB0C4
:10B67000DDF844C0DDF840C00B900A91ADF82620FB
:10B680000893BDF826008000FFF748FB0590059859
:10B6900080B1FFE75420FFF741FB0790079820B1E6
:10B6A000FFE705980799086303E00598FFF750FD49
:10B6B000FFE702E000200790FFE70798D8B1FFE717
:10B6C0000B980A99BDF82620089BDDF840C0119C14
:10B6D000079DEE460026CEF80C60CEF80850CEF856
:10B6E0000440CEF800C0FFF785F90798FFF746F849
:10B6F0000120069003E04FF0FF300690FFE7069828
:10B700000CB070BD80B586B00020029040F2C4003D
:10B71000C2F201000068002840F0C580FFE740F257
:10B720006811C2F2010108680130019001980860B7
:10B73000019858BBFFE747F6EC70C2F200000068C2
:10B74000006858B1FFE74FF0500080F31188BFF355
:10B750006F8FBFF34F8F0590FFE7FEE747F6EC7260
:10B76000C2F200021068009047F6F471C2F20001C4
:10B77000086810600098086040F21011C2F20101E0
:10B78000086801300860FFF77FFA00E0FFE70198E2
:10B7900040F20C11C2F201010968884262D3FFE74E
:10B7A000FFE747F6EC70C2F200000068006840B99D
:10B7B000FFE740F20C11C2F201014FF0FF300860C8
:10B7C0004FE047F6EC70C2F200000068C068C06845
:10B7D000049004984068039001980399884207D226
:10B7E000FFE7039840F20C11C2F20101086038E053
:10B7F000FFE704980430FFF7B7FB0498806A28B18C
:10B80000FFE704981830FFF7AFFB00E0FFE704986C
:10B81000C16A012000FA01F240F2CC01C2F201013A
:10B820000868104308600499C86A00EB800247F674
:10B83000F870C2F2000000EB82000431FFF70EFC4A
:10B840000498C06A47F6E871C2F200010968C96A43
:10B85000884203D3FFE70120029000E0FFE7FFE703
:10B860009FE7FFE747F6E870C2F200000068C06A91
:10B8700000EB800147F6F870C2F2000050F821009A
:10B88000022803D3FFE70120029000E0FFE740F227
:10B890006C10C2F20100006818B1FFE701200290AD
:10B8A00000E0FFE707E040F21C11C2F20101086866
:10B8B00001300860FFE7029806B080BD80B584B013
:10B8C00000200290019040F2C400C2F20100006822
:10B8D00058B9FFE74FF0500080F31188BFF36F8F26
:10B8E000BFF34F8F0390FFE7FEE7FFF7DFFB40F268
:10B8F000C400C2F20100016801390160006800283B
:10B9000040F09280FFE740F2BC00C2F20100006804
:10B91000002800F08880FFE7FFE740F22010C2F225
:10B9200001000068E0B3FFE740F22010C2F201001E
:10B93000C068C068029002981830FFF715FB0298A3
:10B940000430FFF711FB0298C16A012000FA01F2EE
:10B9500040F2CC01C2F2010108681043086002996C
:10B96000C86A00EB800247F6F870C2F2000000EBF4
:10B9700082000431FFF772FB0298C06A47F6E87153
:10B98000C2F200010968C96A884207D3FFE740F2A2
:10B990006C11C2F201010120086000E0FFE7BCE782
:10B9A000029818B1FFE7FFF76FF9FFE740F21C10AC
:10B9B000C2F20100006800900098E0B1FFE7FFE7E5
:10B9C000FFF7A0FE38B1FFE740F26C11C2F20101AF
:10B9D0000120086000E0FFE7009801380090FFE7D1
:10B9E00000980028ECD1FFE740F21C11C2F20101DF
:10B9F0000020086000E0FFE740F26C10C2F2010096
:10BA0000006870B1FFE7012001904EF60451CEF2BC
:10BA100000014FF080500860BFF34F8FBFF36F8F6E
:10BA200000E0FFE7FFE700E0FFE7FFF76BFB0198AF
:10BA300004B080BD4100080218BF04200A0E18BFE0
:10BA400040F001004FF07F4232EA010108BF40F0B0
:10BA50000200012808BF05207047000010B510EE55
:10BA6000104A4FF01A402DED028B00EB4400B0F16C
:10BA7000C85F4AD84FF0FC40B0EB440F22D2B0EE82
:10BA8000C00AF7EE000A30EEC00AF6EE000A20EE19
:10BA9000208A18EE100A00F015FD00EE100A14F0CE
:10BAA000004F1DBF9FED281ADFED280AB1EE400AB6
:10BAB0009FED271A08BFF0EE410AF8EE001A20EEBB
:10BAC000210A05E020EE008A9FED221ADFED220A0E
:10BAD000DFED221A9FED222A70EEC00A20EE080A3E
:10BAE00008EE212ADFED1F1A48EE021A9FED1E2AEA
:10BAF00008EE212ADFED1D1A48EE021ABDEC028B7A
:10BB000040EE610A30EE810A10BD4FF0CC40B0EB40
:10BB1000440F82BF9FED160ABDEC028B10BD4FF0A3
:10BB20007F40B0EB440F05D2BDEC028BBDE8104066
:10BB300000F0F1BB012000F0BFFCBDEC028BBDE8C2
:10BB4000104000F0EFBB00000000494022AA7D3AFF
:10BB5000000000000000C93F22AAFD3924FE1C3D60
:10BB6000C78AD83C1E67383D1B93993DAFAA2A3E31
:10BB7000DB0FC93F10B54FF00E402DED028BB0EE3C
:10BB8000408A18EE104A00EB4400B0F1506F4AD8DA
:10BB90004FF0FC40B0EB440F22D2B0EEC80AF7EEF3
:10BBA000000A30EEC00AF6EE000A60EE208A18EEB7
:10BBB000900A00F087FC01EE100A14F0004F1DBF40
:10BBC000DFED2D0A9FED2D0AB1EE411ADFED2C0AB3
:10BBD00008BF9FED2C0AF8EE001A21EE218A05E03D
:10BBE000DFED290A68EE088AB0EE600A9FED271A99
:10BBF000DFED271A30EE080A48EE811A9FED251A6C
:10BC000008EEA11ADFED241A48EE811A9FED231ADF
:10BC100008EEA11A68EE281ABDEC028B01EE810A2B
:10BC200030EE200A10BD4FF0E440B0EB440F0CD9C9
:10BC300018EE100AFFF7FEFE042808BF00F07AFB9A
:10BC4000B0EE480ABDEC028B10BD4FF07F40B0EB68
:10BC5000440F07D2B0EE480ABDEC028BBDE810409D
:10BC600000F059BB012000F027FCBDEC028BBDE8C1
:10BC7000104000F057BB00000000C9BF22AAFDB968
:10BC80000000C93F22AAFD390000000024FE1C3D2F
:10BC9000C78AD83C1E67383D1B93993DAFAA2A3E00
:10BCA00070B54FF068422DED048BF0EE408A18EE2F
:10BCB000900AB0EE608A18EE101A02EB4003B3F15E
:10BCC000654F3CBF02EB4102B2F1654F7DD200BF30
:10BCD000C0F3C753C1F3C7529A1A1B2A09DD10F0EB
:10BCE000004F14BF9FED830A9FED830ABDEC048BC8
:10BCF00070BD12F11A0F36DA11F0004F09D010F0B2
:10BD0000004F0CBF9FED7D0A9FED7D0ABDEC048BBB
:10BD100070BD88EE889A19EE100AFFF78BFE042892
:10BD200008BF00F007FB18EE900AFFF783FE0546F8
:10BD300018EE100AFFF77EFE044619EE100AFFF710
:10BD400079FE042D18BF052D08D1042C18BF052C31
:10BD500004D1002804BF022000F0AEFBB0EE490A77
:10BD6000BDEC048B70BD4200B2EB410F3AD910F02C
:10BD7000004F19BFDFED630A9FED630ADFED630A31
:10BD80009FED630AB0EE481A0A46B1EE688A80F069
:10BD90000041F0EE418A10460A1A5200B2F1807F4B
:10BDA00034D2484010F0004FDFED5A1A9FED5A2A66
:10BDB0001DBFBEEE001A70EEE10A30EE420AB6EE8A
:10BDC000001A08BF70EEA10A00E040E008BF30EEA4
:10BDD000020AB0EE682A01EE482A08EE818AC2EE15
:10BDE000081A15E011F0004F04BF9FED4C0AF0EE69
:10BDF000400AD1D010F0004F19BFDFED490A9FED86
:10BE0000490ADFED490A9FED490AC5E7C8EE881ADD
:10BE100021EEA11A9FED462ADFED462A41EE022AC5
:10BE20009FED452A01EE222ADFED442A41EE022A47
:10BE30009FED432ABDEC048B01EE222A21EE811AEC
:10BE400001EE020A30EE210A30EE200A70BD4FF0FA
:10BE50007F42B2EB400F28BFB2EB410F09D2F0EEA8
:10BE6000480AB0EE680ABDEC048BBDE8704000F0F3
:10BE700055BA40EA01035B0008BF41F0FF410BD017
:10BE8000B2EB400F08BFB2EB410F08D120F0804069
:10BE900008EE900A21F0804108EE101A18E7B2EB84
:10BEA000400F12BF5FEA410340F0FF4001F0004144
:10BEB0003FF40EAFB2EB410F12BF5FEA400200F059
:10BEC000004041F0FF413FF403AF4A0092EA4003D3
:10BED0003FF5FEAE002AACBF9FED1A0A9FED1A0A8D
:10BEE00068EE808A28EE008A18EE900A18EE101A82
:10BEF000EEE60000DB0FC9BFDB0FC93FDB0F494097
:10BF0000DB0F49C00000C9BF22AAFDB90000C93F2C
:10BF100022AAFD390060ED3EC30ACE3700000000C2
:10BF2000000049C022AA7DBA0000494022AA7D3AF9
:10BF30002DAD65BD8FB8D53D0FB511BE61C84C3E66
:10BF4000A8AAAABE0000804F0000802F10EE101A91
:10BF500008B5444A6846B2EB410F28D94FF0E64095
:10BF6000B0EB410F94BF00204FF0FF3000900098DD
:10BF7000002861DB60EE000A10F0010F45D010F0E0
:10BF8000020FDFED391A9FED391A00EEA11ADFED2D
:10BF9000381A40EE811A21EEA01AF0EE400A40EE67
:10BFA000010A08BFF1EE600AB0EE600A08BD314B2D
:10BFB00021F0004293423CD911F0004FDFED2E0AF0
:10BFC00020EE201ADFED2D0A19BF31EE601A71EE56
:10BFD000200A31EE201A71EE600ABDEEE01A11EE71
:10BFE000100A9FED271A00F0030000EEC10A9FED32
:10BFF000251A009000EEC10A9FED231A00EEC10A37
:10C000009FED221A00EEC10AB1E79FED211A9FEDC4
:10C01000210A10F0020F00EE810A9FED1F1A00EEB8
:10C02000801AB7EE000A00EE810A18BFB1EE400A8E
:10C0300008BD00F087F99AE710EE100A4000B0F151
:10C040007F4F3CBFB7EE000A08BD07D14FF001009B
:10C0500000F032FABDE8084000F064B9BDE80840DD
:10C0600000F059B9B61F927E336D4CB9DA82083CA4
:10C07000A0AA2ABE490E494683F9223F0000004B80
:10C080000000C93F00A0FD390020A2331A61342C02
:10C09000B93AB2BACA9F2A3DDDFFFFBE10B52DEDF9
:10C0A000028BF0EE408A18EE900AB0EE608A20F023
:10C0B0000040C0F1FF40C00F07D118EE100A20F079
:10C0C0000040C0F1FF40C00F2BD018EE101A18EE40
:10C0D000900AE4F791F900EE100A10EE100A6FEAE8
:10C0E000D05010F0FF0F04BFBDEC028B10BD18EE56
:10C0F000900A00F0004110EE100A00F0004081426A
:10C1000004BFBDEC028B10BD18EE101A10EE100A21
:10C11000BDEC028B61F31E0000EE900A30EE600A67
:10C1200010BD18EE900A4FF07F41B1EB400F1CBFDD
:10C1300018EE100A5FEA4000C7D1012000F0BCF9F8
:10C14000BDEC028BBDE8104000F0ECB800B510EE7D
:10C15000101A2DED028B81B0524A6846B2EB410FA6
:10C160002ED94FF0E640B0EB410F94BF00204FF0C6
:10C17000FF3000900098B0EE408A00286ADB10F093
:10C18000010F4BD068EE080A9FED471A9FED470A52
:10C1900000EE810A9FED461A10F0020F00EE801AA1
:10C1A000B7EE000A00EE810A02BF01B0BDEC028BBF
:10C1B00000BD00BF01B0B1EE400ABDEC028B00BD76
:10C1C0003C4B21F00042934241D911F0004FDFED8A
:10C1D0003A0A20EE201ADFED390A19BF31EE601A53
:10C1E00071EE200A31EE201A71EE600ABDEEE01AFF
:10C1F00011EE100A9FED321A00F0030000EEC10AA2
:10C200009FED301A009000EEC10A9FED2F1A00EE4C
:10C21000C10A9FED2E1A00EEC10AABE728EE080A0C
:10C220009FED2B1ADFED2B0A10F0020F40EE010AF2
:10C230009FED291A00EE201A61EE000AB0EE480ABE
:10C2400008EE200AB6D101B0BDEC028B00BD00F0B3
:10C2500079F88FE718EE100A4000B0F17F4F0DD249
:10C2600018EE100AFFF7E6FB042808BF00F062F89A
:10C27000B0EE480A01B0BDEC028B00BD09D101202F
:10C2800000F01AF901B0BDEC028B5DF804EB00F090
:10C2900049B801B0B0EE480ABDEC028B5DF804EB82
:10C2A00000F039B8B61F927EB93AB2BACA9F2A3D99
:10C2B000DDFFFFBE490E494683F9223F0000004BD7
:10C2C0000000C93F00A0FD390020A2331A61342CC0
:10C2D000336D4CB9DA82083CA0AA2ABE10B52DED08
:10C2E000028BB1EEC08A18EE100A20F00040C0F1B7
:10C2F000FF40C00F0AD010EE100A20F00040C0F13D
:10C30000FF40C00F04BF012000F0D6F8B0EE480A8D
:10C31000BDEC028B10BD30EE000A704730EE200AF3
:10C3200070470000DFED020A80EEA00A70470000AF
:10C33000000000009FED020A20EE000A7047000096
:10C34000000000102DE9F0014FF07F42B2EB410FE9
:10C350009FBF4FF0FF310160BDE8F00170474FF023
:10C36000004242EA0123C1F3C752783A551112F054
:10C370001F0C434CCCF120067C44C1F3C752A2F100
:10C3800078024FEA621204EB820254F8254008BF9B
:10C39000D2E9015612D0556804FA0CF425FA06F7D2
:10C3A0003C43976805FA0CF527FA06F8D26807FAB5
:10C3B0000CFCF24045EA08054CEA0206A4FB034CDB
:10C3C000A5FB0352A6FB03631D449D4234BF012617
:10C3D00000261319334416B1934202D903E0934265
:10C3E00001D2012200E00022624402F1200C9206F8
:10C3F000DC0C42EA443200EE102A5B03DFED210A36
:10C40000F8EEC01A00EE103A4FEA9C1C11F0004FF3
:10C41000B8EE400AC0F800C020EE201A00EE105A14
:10C42000DFED190AB8EE400A20EE200A71EE810A0B
:10C4300070EE800A10EE902A02F500626FF30B0294
:10C4400000EE902A70EEE11A31EEC11ADFED101AFB
:10C4500030EE411A9FED0D0A20EE800A01EE210A0E
:10C460009FED0C1A00EE810A04BFBDE8F001704791
:10C47000CCF180510160BDE8F001B1EE400A704797
:10C4800088010000000000360000802C22AAFD294F
:10C49000DB0FC92F0000C92F02E008C8121F08C116
:10C4A000002AFAD170477047002001E001C1121F35
:10C4B000002AFBD170470000014908607047000066
:10C4C0000000002010B500EE100A2DED028BB1EE39
:10C4D000C08A18EE100A20F00040C0F1FF40C00FE3
:10C4E0000AD010EE100A20F00040C0F1FF40C00F4B
:10C4F00004BF0120FFF7E0FF18EE100ABDEC028B2D
:10C5000010BD0000000000006E83F9A22915444E02
:10C51000D15727FCC0DD34F5999562DB4190433C4F
:10C52000AB6351FE1BD00108C9070008FDFF0000E6
:10C53000000000000002000024D0010825140008BB
:10C54000FDFF000000000000000100002BD00108EA
:10C550005D220008FDFF0000000000000004000054
:10C56000FCCF010805230008FDFF000000000000CB
:10C5700000020000F0CF0108A5290008FDFF00001F
:10C58000000000000001000014D00108453B000835
:10C59000FDFF00000000000000040000ECCF0108D7
:10C5A00055F20008FDFF000000000000000400003C
:10C5B000E4CF010891020108FDFF00000000000027
:10C5C000000100001FD001084136010800000000F2
:10C5D000000000000002000033D001083D3D0108CA
:10C5E000FDFF0000000000000004000008D001086A
:10C5F00081410108000000000000000080000000F0
:10C600000000000000000000010203040607080902
:10C610000000000001020304005EBCE2613FDD8314
:10C62000C29C7E20A3FD1F419DC3217FFCA2401E12
:10C630005F01E3BD3E6082DC237D9FC1421CFEA002
:10C64000E1BF5D0380DE3C62BEE0025CDF81633DF2
:10C650007C22C09E1D43A1FF4618FAA427799BC5E2
:10C6600084DA3866E5BB5907DB856739BAE40658D2
:10C670001947A5FB7826C49A653BD987045AB8E6C2
:10C68000A7F91B45C6987A24F8A6441A99C7257BB2
:10C690003A6486D85B05E7B98CD2306EEDB3510FA2
:10C6A0004E10F2AC2F7193CD114FADF3702ECC9292
:10C6B000D38D6F31B2EC0E50AFF1134DCE90722C82
:10C6C0006D33D18F0C52B0EE326C8ED0530DEFB172
:10C6D000F0AE4C1291CF2D73CA947628ABF5174962
:10C6E0000856B4EA6937D58B5709EBB536688AD452
:10C6F00095CB2977F4AA4816E9B7550B88D6346A42
:10C700002B7597C94A14F6A8742AC896154BA9F731
:10C71000B6E80A54D7896B35000102030405060701
:10C72000080C1014182030400000803F000000006A
:10C7300000000000000000000000000000000000F9
:10C74000000000000000803F00000000000000002A
:10C7500000000000000000000000000000000000D9
:10C760000000803F0000000000000000000000000A
:10C770000000000000000000000000000000803FFA
:10C7800000000000000000000000000000000000A9
:10C7900000000000000000000000803F00000000DA
:10C7A0000000000000000000000000000000000089
:10C7B000000000000000803F08040204080101019D
:10C7C000010101030701000001000200040006004E
:10C7D00008000A000C00100020004000800000014A
:10C7E00000000000900E493CB00AC93C2CC3163D25
:10C7F0002FFB483D742B7B3D05A9963D80B6AF3D90
:10C8000036BDC83D2EBCE13D73B2FA3D86CF093E30
:10C810008340163EB6AB223EA2102F3ECF6E3B3E6B
:10C82000C2C5473E0115543E135C603E7F9A6C3E84
:10C83000CCCF783EC07D823E938E883E229A8E3E3B
:10C8400031A0943E86A09A3EE59AA03E128FA63E65
:10C85000D47CAC3EEF63B23E2A44B83E4A1DBE3E95
:10C8600015EFC33E53B9C93ECA7BCF3E4136D53ED4
:10C8700080E8DA3E4F92E03E7533E63EBBCBEB3EBE
:10C88000EA5AF13ECBE0F63E275DFC3EE4E7003F8E
:10C890003D9C033F824B063F9BF5083F6B9A0B3F45
:10C8A000DA390E3FCDD3103F2A68133FD9F6153F32
:10C8B000C07F183FC6021B3FD17F1D3FCBF61F3FF5
:10C8C0009967223F25D2243F5636273F1594293FAA
:10C8D0004AEB2B3FDE3B2E3FBB85303FC9C8323F82
:10C8E000F304353F233A373F4268393F3B8F3B3FA4
:10C8F000F9AE3D3F67C73F3F70D8413F00E2433F3D
:10C9000003E4453F65DE473F12D1493FF8BB4B3F4B
:10C91000029F4D3F1F7A4F3F3D4D513F4918533FB6
:10C9200031DB543FE595563F5348583F6AF2593F33
:10C930001A945B3F532D5D3F05BE5E3F2146603F2D
:10C9400098C5613F5A3C633F59AA643F880F663FD0
:10C95000D86B673F3CBF683FA7096A3F0C4B6B3FF2
:10C960005E836C3F93B26D3F9ED86E3F73F56F3F11
:10C970000809713F5213723F4714733FDD0B743F38
:10C980000BFA743FC6DE753F07BA763FC58B773F1B
:10C99000F853783F9812793F9DC7793F02737A3FE9
:10C9A000BE147B3FCDAC7B3F283B7C3FC9BF7C3F67
:10C9B000AC3A7D3FCCAB7D3F24137E3FB0707E3FD1
:10C9C0006DC47E3F580E7F3F6D4E7F3FAB847F3FEF
:10C9D0000FB17F3F98D37F3F43EC7F3F11FB7F3FF9
:10C9E0000000803F11FB7F3F43EC7F3F98D37F3FA8
:10C9F0000FB17F3FAB847F3F6D4E7F3F580E7F3F2F
:10CA00006DC47E3FB0707E3F24137E3FCCAB7D3F34
:10CA1000AC3A7D3FC9BF7C3F283B7C3FCDAC7B3FE0
:10CA2000BE147B3F02737A3F9DC7793F9812793FCE
:10CA3000F853783FC58B773F07BA763FC6DE753F20
:10CA40000BFA743FDD0B743F4714733F5213723F70
:10CA50000809713F73F56F3F9ED86E3F93B26D3FEB
:10CA60005E836C3F0C4B6B3FA7096A3F3CBF683F3E
:10CA7000D86B673F880F663F59AA643F5A3C633FB3
:10CA800098C5613F2146603F05BE5E3F532D5D3F27
:10CA90001A945B3F6AF2593F5348583FE595563F19
:10CAA00031DB543F4918533F3D4D513F1F7A4F3FB3
:10CAB000029F4D3FF8BB4B3F12D1493F65DE473FD8
:10CAC00003E4453F00E2433F70D8413F67C73F3F23
:10CAD000F9AE3D3F3B8F3B3F4268393F233A373FFA
:10CAE000F304353FC9C8323FBB85303FDE3B2E3FA4
:10CAF0004AEB2B3F1594293F5636273F25D2243F3A
:10CB00009967223FCBF61F3FD17F1D3FC6021B3FD7
:10CB1000C07F183FD9F6153F2A68133FCDD3103F89
:10CB2000DA390E3F6B9A0B3F9BF5083F824B063F6D
:10CB30003D9C033FE4E7003F275DFC3ECBE0F63E33
:10CB4000EA5AF13EBBCBEB3E7533E63E4F92E03EF8
:10CB500080E8DA3E4136D53ECA7BCF3E53B9C93E66
:10CB600015EFC33E4A1DBE3E2A44B83EEF63B23EB7
:10CB7000D47CAC3E128FA63EE59AA03E86A09A3E9B
:10CB800031A0943E229A8E3E938E883EC07D823E96
:10CB9000CCCF783E7F9A6C3E135C603E0115543ECC
:10CBA000C2C5473ECF6E3B3EA2102F3EB6AB223EE3
:10CBB0008340163E86CF093E73B2FA3D2EBCE13D5E
:10CBC00036BDC83D80B6AF3D05A9963D742B7B3D73
:10CBD0002FFB483D2CC3163DB00AC93C900E493C82
:10CBE00000000000900E49BCB00AC9BC2CC316BDA1
:10CBF0002FFB48BD742B7BBD05A996BD80B6AFBD8C
:10CC000036BDC8BD2EBCE1BD73B2FABD86CF09BE2C
:10CC1000834016BEB6AB22BEA2102FBECF6E3BBE67
:10CC2000C2C547BE011554BE135C60BE7F9A6CBE80
:10CC3000CCCF78BEC07D82BE938E88BE229A8EBE37
:10CC400031A094BE86A09ABEE59AA0BE128FA6BE61
:10CC5000D47CACBEEF63B2BE2A44B8BE4A1DBEBE91
:10CC600015EFC3BE53B9C9BECA7BCFBE4136D5BED0
:10CC700080E8DABE4F92E0BE7533E6BEBBCBEBBEBA
:10CC8000EA5AF1BECBE0F6BE275DFCBEE4E700BF8A
:10CC90003D9C03BF824B06BF9BF508BF6B9A0BBF41
:10CCA000DA390EBFCDD310BF2A6813BFD9F615BF2E
:10CCB000C07F18BFC6021BBFD17F1DBFCBF61FBFF1
:10CCC000996722BF25D224BF563627BF159429BFA6
:10CCD0004AEB2BBFDE3B2EBFBB8530BFC9C832BF7E
:10CCE000F30435BF233A37BF426839BF3B8F3BBFA0
:10CCF000F9AE3DBF67C73FBF70D841BF00E243BF39
:10CD000003E445BF65DE47BF12D149BFF8BB4BBF47
:10CD1000029F4DBF1F7A4FBF3D4D51BF491853BFB2
:10CD200031DB54BFE59556BF534858BF6AF259BF2F
:10CD30001A945BBF532D5DBF05BE5EBF214660BF29
:10CD400098C561BF5A3C63BF59AA64BF880F66BFCC
:10CD5000D86B67BF3CBF68BFA7096ABF0C4B6BBFEE
:10CD60005E836CBF93B26DBF9ED86EBF73F56FBF0D
:10CD7000080971BF521372BF471473BFDD0B74BF34
:10CD80000BFA74BFC6DE75BF07BA76BFC58B77BF17
:10CD9000F85378BF981279BF9DC779BF02737ABFE5
:10CDA000BE147BBFCDAC7BBF283B7CBFC9BF7CBF63
:10CDB000AC3A7DBFCCAB7DBF24137EBFB0707EBFCD
:10CDC0006DC47EBF580E7FBF6D4E7FBFAB847FBFEB
:10CDD0000FB17FBF98D37FBF43EC7FBF11FB7FBFF5
:10CDE000000080BF11FB7FBF43EC7FBF98D37FBFA4
:10CDF0000FB17FBFAB847FBF6D4E7FBF580E7FBF2B
:10CE00006DC47EBFB0707EBF24137EBFCCAB7DBF30
:10CE1000AC3A7DBFC9BF7CBF283B7CBFCDAC7BBFDC
:10CE2000BE147BBF02737ABF9DC779BF981279BFCA
:10CE3000F85378BFC58B77BF07BA76BFC6DE75BF1C
:10CE40000BFA74BFDD0B74BF471473BF521372BF6C
:10CE5000080971BF73F56FBF9ED86EBF93B26DBFE7
:10CE60005E836CBF0C4B6BBFA7096ABF3CBF68BF3A
:10CE7000D86B67BF880F66BF59AA64BF5A3C63BFAF
:10CE800098C561BF214660BF05BE5EBF532D5DBF23
:10CE90001A945BBF6AF259BF534858BFE59556BF15
:10CEA00031DB54BF491853BF3D4D51BF1F7A4FBFAF
:10CEB000029F4DBFF8BB4BBF12D149BF65DE47BFD4
:10CEC00003E445BF00E243BF70D841BF67C73FBF1F
:10CED000F9AE3DBF3B8F3BBF426839BF233A37BFF6
:10CEE000F30435BFC9C832BFBB8530BFDE3B2EBFA0
:10CEF0004AEB2BBF159429BF563627BF25D224BF36
:10CF0000996722BFCBF61FBFD17F1DBFC6021BBFD3
:10CF1000C07F18BFD9F615BF2A6813BFCDD310BF85
:10CF2000DA390EBF6B9A0BBF9BF508BF824B06BF69
:10CF30003D9C03BFE4E700BF275DFCBECBE0F6BE2F
:10CF4000EA5AF1BEBBCBEBBE7533E6BE4F92E0BEF4
:10CF500080E8DABE4136D5BECA7BCFBE53B9C9BE62
:10CF600015EFC3BE4A1DBEBE2A44B8BEEF63B2BEB3
:10CF7000D47CACBE128FA6BEE59AA0BE86A09ABE97
:10CF800031A094BE229A8EBE938E88BEC07D82BE92
:10CF9000CCCF78BE7F9A6CBE135C60BE011554BEC8
:10CFA000C2C547BECF6E3BBEA2102FBEB6AB22BEDF
:10CFB000834016BE86CF09BE73B2FABD2EBCE1BD5A
:10CFC00036BDC8BD80B6AFBD05A996BD742B7BBD6F
:10CFD0002FFB48BD2CC316BDB00AC9BC900E49BC7E
:10CFE000000000804B65795F4C454400494E53007A
:10CFF0004572726F7248616E646C6500436F6D6D4F
:10D00000756E69636174650064656661756C7454FE
:10D0100061736B0047696D62616C0041696D00521C
:10D020006F626F0042757A7A65720043686173734C
:10D0300069730053686F6F740043444320496E74F2
:10D040006572666163650043444320436F6E6669A1
:10D05000670053544D6963726F656C656374726FDA
:10D060006E6963730053544D333220566972747580
:10D07000616C20436F6D506F72740049444C4500E1
:10D080000000891112239B322446AD573665BF74C8
:10D09000488CC19D5AAFD3BE6CCAE5DB7EE9F7F878
:10D0A0008110080193331A22A5562C47B7753E64A8
:10D0B000C99C408DDBBF52AEEDDA64CBFFF976E858
:10D0C00002218B30100299132667AF763444BD5588
:10D0D0004AADC3BC588ED19F6EEBE7FA7CC8F5D938
:10D0E00083310A2091121803A7772E66B5543C4568
:10D0F000CBBD42ACD99E508FEFFB66EAFDD874C918
:10D1000004428D5316619F702004A9153227BB3647
:10D110004CCEC5DF5EEDD7FC6888E1997AABF3BAF7
:10D1200085520C4397711E60A1142805B3373A2627
:10D13000CDDE44CFDFFD56ECE9986089FBBB72AAD7
:10D1400006638F7214409D512225AB343006B91707
:10D150004EEFC7FE5CCCD5DD6AA9E3B8788AF19BB7
:10D1600087730E6295501C41A3352A24B1163807E7
:10D17000CFFF46EEDDDC54CDEBB962A8F99A708B97
:10D18000088481951AA793B62CC2A5D33EE1B7F0C7
:10D190004008C919522BDB3A644EED5F766DFF7C77
:10D1A000899400859BB712A6ADD224C3BFF136E0A7
:10D1B000C1184809D33B5A2AE55E6C4FF77D7E6C57
:10D1C0000AA583B4188691972EE3A7F23CC0B5D187
:10D1D0004229CB38500AD91B666FEF7E744CFD5D37
:10D1E0008BB502A499961087AFF326E2BDD034C167
:10D1F000C3394A28D11A580BE77F6E6EF55C7C4D17
:10D200000CC685D71EE597F42880A1913AA3B3B246
:10D21000444ACD5B5669DF78600CE91D722FFB3EF6
:10D220008DD604C79FF516E4A9902081BBB332A226
:10D23000C55A4C4BD7795E68E11C680DF33F7A2ED6
:10D240000EE787F61CC495D52AA1A3B03882B19306
:10D25000466BCF7A5448DD59622DEB3C700EF91FB6
:10D260008FF706E69DD414C5ABB122A0B9923083E6
:10D27000C77B4E6AD5585C49E33D6A2CF11E780F96
:10D280000000803F000000000000000000000000DF
:10D290000000803F000000000000000000000000CF
:10D2A0000000803FC8D20108000000208004000078
:10D2B0007C04000838D4010880040020F03C010000
:10D2C000A8C40108000000000142966666E6BF0996
:10D2D000100B3333EB3A58A08B3A247B2220180CE6
:10D2E000A041516001088D620108A9041AD10418F7
:10D2F0000AAD630108755E01083D0C4125FFFF1072
:10D300002723F04113204208081250C347CDCCCC4C
:10D310003D0409531C110B1AC8421C6154A0400162
:10D320001A10A403A82CC2132C28D22014409C4607
:10D33000245043471A0CD81AA4CC19041324F440DF
:10D340000D2D610108E15F010841640108180A6DB3
:10D35000600108C55E01088914C11AFD181AE504A8
:10D360001A15301ACD081409024313020125C032E0
:10D3700009041B01020B13052416100105240110DA
:10D380000901042402020524061701070582030887
:10D39000151009040133020A2E0705010240072A6D
:10D3A000810711093744113A02441907111A12175B
:10D3B0001302021E40830440574D240203012B0A2E
:10D3C000061A111A400B112B0907640A3B04A81313
:10D3D000451A1B08410413E5191B0879081AA9040A
:10D3E0000720040309041A032B2041842123BE4390
:10D3F00003A8A0C1132C08422055CDCC4C3F14608B
:10D40000EA464C504347CCE1E914291032101AAADD
:10D4100001157D04017C100F0240AB03410105534F
:10D4200008065804070F160810810911160A1580FE
:08D430000B1605000C18010D9C
:04000005080001D915
:00000001FF
