:020000040800F2
:1000000058410120ED010008311A010895D6000879
:100010006D170108E90F00085D930108000000005A
:10002000000000000000000000000000713901081D
:10003000B527000800000000F1220108453F010833
:10004000070200080702000807020008070200086C
:10005000070200080702000807020008070200085C
:100060000702000807020008070200083D230008F5
:100070004D2300085D2300086D2300087D23000840
:10008000070200080702000807020008070200082C
:10009000D1910108A92D0008B92D00080702000818
:1000A000070200080702000807020008070200080C
:1000B00007020008070200080702000807020008FC
:1000C00007020008070200080702000807020008EC
:1000D00007020008F55A0108055B0108155B0108D5
:1000E00007020008070200080702000807020008CC
:1000F00007020008070200080702000807020008BC
:1001000007020008070200080702000807020008AB
:100110008D4C01089D4C01080702000807020008E9
:10012000070200080702000807020008070200088B
:10013000070200080702000807020008070200087B
:10014000070200080702000807020008070200086B
:10015000070200080702000807020008070200085B
:10016000070200080702000807020008070200084B
:1001700007020008070200081540010807020008EE
:10018000070200080702000807020008070200082B
:100190000702000800000000C92D0008D92D000842
:1001A000E92D0008F92D00080702000807020008E1
:1001B00007020008070200088D2300080702000854
:1001C00007020008070200080702000807020008EB
:1001D0000702000807020008DFF80CD000F036F92B
:1001E00000480047C1A20108584101200648804745
:1001F00006480047FEE7FEE7FEE7FEE7FEE7FEE70C
:10020000FEE7FEE7FEE7FEE701400108D90100082E
:100210002DE9F05F0546002092469B46884606463B
:10022000814640241BE0284641464746224600F0CE
:100230009CF853465A46C01A914110D311461846AD
:10024000224600F083F82D1A67EB01084F4622463C
:100250000120002100F07AF817EB00094E41201E22
:10026000A4F10104DFDC484631462A464346BDE896
:10027000F09F40EA01039B0703D009E008C9121F61
:1002800008C0042AFAD203E011F8013B00F8013B50
:10029000521EF9D27047D2B201E000F8012B491E7C
:1002A000FBD270470022F6E710B513460A46044613
:1002B0001946FFF7F0FF204610BD30B5041E71F15E
:1002C000000404DB4FF00044404264EB0101141EC3
:1002D00073F1000405DB1C464FF00043524263EB10
:1002E0000403801A994101D3012030BD002030BDA4
:1002F00030B5041E71F1000404DB4FF000444042AD
:1003000064EB0101141E73F1000405DB1C464FF081
:100310000043524263EB0403101A8B4101D30120C6
:1003200030BD002030BD00F0004230F000400AD067
:10033000C10D01F56071C0F3160042EA0151C20817
:10034000400711437047002001467047202A04DB14
:10035000203A00FA02F1002070479140C2F12003D8
:1003600020FA03F3194390407047202A04DB203A17
:1003700021FA02F00021704721FA02F3D040C2F1C5
:10038000200291400843194670470029A8BF7047D2
:10039000401C490008BF20F00100704710B4B0FABB
:1003A00080FC00FA0CF050EA010404BF10BC704756
:1003B00049B1CCF1200421FA04F411FA0CF118BF70
:1003C000012121430843A3EB0C01CB1D4FEA00613F
:1003D0004FEA102042BF002010BC704700EBC35012
:1003E00010440029A4BF10BC7047401C490008BF3E
:1003F00020F0010010BC7047F0B400F0004221F082
:10040000004120F00040CE0DC30DC1F3160141F4B0
:100410000001C0F316004C42154640F40000761E61
:1004200009E010EB440002D582F0004240428842CD
:10043000F7D840005B1EB342F9DA18B1F0BC0021D6
:10044000FFF7ACBF2846F0BC704700001CB5094858
:100450000090094801900546009C06E0E06840F0E5
:10046000010394E8070098471034AC42F6D3FFF735
:10047000B7FE000010D0010830D0010870B58C180C
:1004800010F8015B15F0070301D110F8013B2A11A8
:1004900006D110F8012B03E010F8016B01F8016B95
:1004A0005B1EF9D12B0705D40023521E0DD401F891
:1004B000013BFAE710F8013BCB1A921C03E013F85A
:1004C000015B01F8015B521EF9D5A142D8D300208F
:1004D00070BD000085B08DED040A0390CDED020AD9
:1004E0008DED011ACDED001A9DED040A039890EDF3
:1004F000001A30EE410A9DED001A9DED012A21EE11
:10050000021AB4EE410AF1EE10FA17DDFFE7039884
:1005100090ED000AB5EE400AF1EE10FA0EDCFFE7AE
:100520009DED000A9DED012A039890ED001A20EE42
:10053000020A30EE010A80ED000A84E09DED040A13
:10054000039890ED001A30EE410A9DED001A9DEDE2
:10055000022A21EE021AB4EE410AF1EE10FA17DD7A
:10056000FFE7039890ED000AB5EE400AF1EE10FAAD
:100570000EDDFFE79DED000A9DED022A039890ED48
:10058000001A20EE020A30EE010A80ED000A59E05E
:100590009DED040A039890ED001A30EE410A9DED9E
:1005A000001A9DED022A21EE421AB4EE410AF1EE44
:1005B00010FA17DAFFE7039890ED000AB5EE400A4B
:1005C000F1EE10FA0EDCFFE79DED001A9DED022A18
:1005D000039890ED000A21EE021A30EE410A80EDF8
:1005E000000A2EE09DED040A039890ED001A30EE0B
:1005F000410A9DED001A9DED012A21EE421AB4EE4A
:10060000410AF1EE10FA17DAFFE7039890ED000ABD
:10061000B5EE400AF1EE10FA0EDDFFE79DED001A8F
:100620009DED012A039890ED000A21EE021A30EEAA
:10063000410A80ED000A03E0049803990860FFE78F
:10064000FFE7FFE7FFE705B07047000080B584B023
:10065000039041F20400CEF2000090ED000AB8EEE3
:10066000400A9FED161A80EE010ABCEEC00A10EE99
:10067000100A40F20401C2F200010191C1F8050024
:1006800044F6E851C2F200010020088044F6E65129
:10069000C2F2000101200870039940F28040C2F2CA
:1006A000000002902F22FFF7E4FD01990298D0F894
:1006B0000100C1F8010004B080BD00BF00002A4362
:1006C00080B58AB040F28041C2F20001D1F80E003C
:1006D000D1F81610049100EE100A44F6A050C2F2B0
:1006E000000090ED011A30EE410A10EE100AFFF7FB
:1006F0001AFE0246049805920A46059942EC101B20
:1007000052EC101B9FED2E0B53EC10CBDB0F63F361
:10071000DF7242EC101B8DED060BFFF704FE9DED22
:10072000061B41EC100B51EC110B53EC102BFFF797
:10073000DFFDE8BBFFE740F28041C2F20001D1F8E3
:100740001200D1F81A10009100EE100A44F6A050E1
:10075000C2F2000090ED021A30EE410A10EE100ACB
:10076000FFF7E1FD0246009801920A46019942EC2A
:10077000101B52EC101B9FED120B53EC10CBDB0F38
:1007800063F3DF7242EC101B8DED020BFFF7CBFD24
:100790009DED021B41EC100B51EC110B53EC102B97
:1007A000FFF7A6FD20B9FFE701208DF8270003E041
:1007B00000208DF82700FFE79DF827000AB080BDD4
:1007C000000000000000000080B58CB00B900020FD
:1007D0008DF82B00FFE79DF82B00042814DCFFE7C1
:1007E00040F25400C2F2000000689DF82B2040F255
:1007F000F441C2F2000141F82200FFE79DF82B000E
:1008000001308DF82B00E6E7FFE702F0D5FD40F25E
:100810000401C2F200010220087040F25400C2F24A
:1008200000000068C1F8310045F29D40C2F20000AE
:100830000078632808DCFFE740F20401C2F20001FF
:10084000012081F8350007E040F20401C2F2000106
:10085000002081F83500FFE744F6A050C2F2000006
:100860000390416840F20402C2F200020892C2F80A
:100870000D10C16881F00041C2F81510816881F047
:100880000041C2F811100169C2F8191090ED010A77
:100890009FED471A8DED041A20EE010A1BF01AFB9A
:1008A00003989DED041A8DED020A40F24451C2F204
:1008B0000001059191ED0E0A8DED010A90ED010AFE
:1008C00020EE010A1BF006FA9DED013A03989DED1A
:1008D000041A0599089AB0EE402A9DED020A91ED9E
:1008E0000F4A22EE042A20EE030A30EE020A10EE2E
:1008F000101AC2F8251090ED010A20EE010A1BF033
:10090000E9FA03989DED041A05998DED070A91ED1A
:100910000F0A8DED060A90ED010A20EE010A1BF088
:10092000D9F905989DED062A0899B0EE401A9DED7B
:10093000070A90ED0E3A21EE031A20EE020A30EE7D
:10094000410A10EE100AC1F8290044F6D040C2F264
:10095000000090ED0F0A8DED090A40F27C40C2F2D2
:10096000000001F0F9FD0898B0EE401A9DED090A6B
:1009700020EE010A10EE101AC0F82D1041F2040109
:10098000CEF2000191ED000AB8EE400A9FED091A7F
:1009900080EE010ABCEEC00A10EE101AC0F8091071
:1009A000422118F081FC012019F0EEFC2DE700BF78
:1009B00035FA8E3C00002A4380B541F20000C4F6AF
:1009C00000000821012206F07DFD80BD80B541F2C6
:1009D0000000C4F600000821002206F073FD80BD6F
:1009E00080B541F20000C4F600001021012206F09B
:1009F00069FD80BD80B541F20000C4F60000102101
:100A0000002206F05FFD80BD80B584B00390FFF743
:100A1000DDFF922000F01EFA40F2E641C2F2000132
:100A200002911220062200F0E1F9FFF7C5FF029BB8
:100A30001878597840EA012040F2E441C2F20001FE
:100A40000880B1F9000000EE100AB8EEC00A40F2CA
:100A50004800C2F2000090ED001A20EE010A039A4D
:100A600092ED081A20EE010A82ED000A9A7893F8B6
:100A700003C042EA0C220A80B1F9002000EE102ADD
:100A8000B8EEC00A90ED001A20EE010A039A92ED2A
:100A9000081A20EE010A82ED010A1A795B7942EA0E
:100AA00003220A80B1F9001000EE101AB8EEC00A55
:100AB00090ED001A20EE010A039890ED081A20EE3E
:100AC000010A80ED020AFFF795FF02990020082233
:100AD00000F08CF9FFF784FF029800780F2840F0AF
:100AE0009E80FFE740F22440C2F200000078002818
:100AF00050D0FFE740F2E643C2F200039878D9787D
:100B000040EA012040F2E441C2F200010880B1F95C
:100B1000000000EE100AB8EEC00A40F24C00C2F22B
:100B2000000090ED002A039A92ED091A20EE020AC5
:100B300030EE410A82ED030A1A7993F805C042EAC1
:100B40000C220A80B1F9002000EE102AB8EEC00A8B
:100B500090ED002A039A92ED0A1A20EE020A30EE76
:100B6000410A82ED040A9A79DB7942EA03220A807B
:100B7000B1F9001000EE101AB8EEC00A90ED002A8C
:100B8000039890ED0B1A20EE020A30EE410A80ED38
:100B9000050A43E040F2E643C2F200039878D978B0
:100BA00040EA012040F2E441C2F200010880B1F9BC
:100BB000000000EE100AB8EEC00A40F24C00C2F28B
:100BC000000090ED001A20EE010A039A82ED030A5C
:100BD0001A7993F805C042EA0C220A80B1F9002084
:100BE00000EE102AB8EEC00A90ED001A20EE010ABD
:100BF000039A82ED040A9A79DB7942EA03220A8099
:100C0000B1F9001000EE101AB8EEC00A90ED001A0B
:100C100020EE010A039880ED050AFFE7FFE7FFF7E2
:100C2000D5FEA22000F016F940F2E641C2F2000122
:100C300001912220022200F0D9F8FFF7BDFE0199B0
:100C400008784978C00040EA511140F2E440C2F20D
:100C500000000180B0F90000B0F5806F09DBFFE70C
:100C600040F2E441C2F200010888A0F5006008806B
:100C7000FFE740F2E440C2F20000B0F9000000EEED
:100C8000100AB8EEC00AB4EE001A20EE010AB3EE64
:100C9000071A30EE010A039880ED070A04B080BD00
:100CA00080B586B005908DF81310059840F250017C
:100CB000C2F20001086046F6C461C2F2000102916E
:100CC0000020087019F0E0F80299024608781043F5
:100CD000087019F0B7F902990246087810430870B5
:100CE00045F20400C2F2000003904FF60001C0F686
:100CF00007011422FFF7BDFA039890ED000AB7EE42
:100D0000001AB4EE410AF1EE10FA48D0FFE79DF860
:100D10001300012843D1FFE740F2B040C2F20000C7
:100D2000009000F051FF009945F20402C2F2000267
:100D300001924FF07E501060486A5060886A90605F
:100D4000C86AD060086B106191ED0C1A9FED260AFD
:100D500080EE010A81ED080A0020C4F2202088619B
:100D60007F2002F019F90198026843684FF60000ED
:100D7000C0F6070002F0EAFA01988268C3684FF6ED
:100D80000800C0F6070002F0E1FA01980269436921
:100D90004FF61000C0F6070002F0D8FA1CE045F24A
:100DA0000400C2F20000426840F2B041C2F2000109
:100DB0004A6282688A62C268CA620069086391ED09
:100DC0000C1A9FED090A80EE010A81ED080A002045
:100DD000C4F220208861FFE746F6C460C2F200003A
:100DE000007806B080BD00BFC3F51C4180B584B05B
:100DF0008DF80F0002918DF807209DF80F0040F04C
:100E0000800000F027F8FFE79DF8070070B1FFE7CA
:100E1000552000F01FF802990870029801300290E6
:100E20009DF8070001388DF80700EDE704B080BD9C
:100E300080B582B08DF8070000919DF8070040F062
:100E4000800000F007F8552000F004F800990870C1
:100E500002B080BD80B582B08DF8070040F250002E
:100E6000C2F2000000686A464FF47A7111600DF119
:100E700007010DF10602012309F07AFC9DF8060036
:100E800002B080BD80B582B08DF807008DF80610E5
:100E90009DF80700FFF7DEFF9DF80600FFF7DAFF79
:100EA00002B080BD83B0029001910092009890ED55
:100EB000004A90ED010A90ED026A90ED035A26EE89
:100EC000062AB6EE001A31EE422A25EE053A32EE37
:100ED000432A029824EE057A20EE063A33EE477A4A
:100EE000D0ED000AD0ED011A90ED023A27EE217AFA
:100EF00022EE202A32EE072A24EE064A20EE050AC8
:100F000030EE040A20EE030A30EE020A30EE000A48
:100F1000019880ED000A009890ED004A90ED016A7A
:100F200090ED022A90ED035A24EE053A26EE020ACD
:100F300030EE030A029826EE063A31EE433A25EEE9
:100F4000057A33EE477AD0ED000AD0ED011A90ED24
:100F5000023A27EE217A20EE200A30EE070A24EE2C
:100F6000064A22EE052A32EE442A22EE032A30EE09
:100F7000020A30EE000A019880ED010A009890ED17
:100F8000002A90ED014A90ED023A90ED030A22EE1C
:100F9000036A24EE005A35EE465A029822EE042ADD
:100FA00023EE000A30EE020A90ED006A90ED017A1D
:100FB00090ED022A20EE070A25EE065A30EE050AC9
:100FC00024EE044A31EE441A23EE033A31EE431A7A
:100FD00021EE021A30EE010A30EE000A019880ED8F
:100FE000020A03B070470000FFE7FEE780B582B059
:100FF00047F69C40C2F2000001900AF025F80198E3
:1010000000210AF08FFD02B080BD000081B08DF894
:1010100003009DF8030040F21051C2F20001087075
:1010200001B0704783B08DF80B009DF80B000146AE
:101030000091152800F2C2810099DFE811F0160036
:101040001C002F00430057006B007F009300A70097
:10105000BB00CF00E300F7000B011F013301470184
:101060005B016F0183019701AB013220ADF80800ED
:1010700064200190A2E13220ADF80800BDF808100C
:101080004FF68060C0F62120B0FBF1F042F22D3126
:10109000C0F2FA01A0FB011001908FE13220ADF8FF
:1010A0000800BDF808104FF68060C0F62120B0FBA4
:1010B000F1F049F2C551C0F6EE51A0FB0110000954
:1010C00001907BE13220ADF80800BDF808104FF622
:1010D0008060C0F62120B0FBF1F048F2C701C0F6F5
:1010E0006941A0FB01100009019067E13220ADF8D1
:1010F0000800BDF808104FF68060C0F62120B0FB54
:10110000F1F048F20941C0F6BC31A0FB0110000922
:10111000019053E13220ADF80800BDF808104FF6F9
:101120008060C0F62120B0FBF1F04BF61541C0F213
:101130009C21A0FB0110800801903FE13220ADF816
:101140000800BDF808104FF68060C0F62120B0FB03
:10115000F1F042F29501C0F64F11A0FB0110000919
:1011600001902BE13220ADF80800BDF808104FF6D1
:101170008060C0F62120B0FBF1F049F69D71C0F609
:101180004A01A0FB01100009019017E13220ADF8DF
:101190000800BDF808104FF68060C0F62120B0FBB3
:1011A000F1F04EF6E941C0F2D471A0FB0110000944
:1011B000019003E13220ADF80800BDF808104FF6A9
:1011C0008060C0F62120B0FBF1F04AF63711C0F67E
:1011D000F451A0FB011040090190EFE03220ADF87E
:1011E0000800BDF808104FF68060C0F62120B0FB63
:1011F000F1F042F69111C0F23761A0FB0110000935
:101200000190DBE03220ADF80800BDF808104FF681
:101210008060C0F62120B0FBF1F048F20941C0F631
:10122000BC31A0FB011040090190C7E03220ADF8AD
:101230000800BDF808104FF68060C0F62120B0FB12
:10124000F1F04BF61541C0F29C21A0FB0110C00843
:101250000190B3E03220ADF80800BDF808104FF659
:101260008060C0F62120B0FBF1F042F29501C0F69B
:101270004F11A0FB0110400901909FE03220ADF812
:101280000800BDF808104FF68060C0F62120B0FBC2
:10129000F1F049F69D71C0F64A01A0FB011040092A
:1012A00001908BE03220ADF80800BDF808104FF631
:1012B0008060C0F62120B0FBF1F04EF6E941C0F2AB
:1012C000D471A0FB01104009019077E03220ADF805
:1012D0000800BDF808104FF68060C0F62120B0FB72
:1012E000F1F049F6D561C0F6F151A0FB011080097B
:1012F000019063E03220ADF80800BDF808104FF609
:101300008060C0F62120B0FBF1F042F69111C0F2EE
:101310003761A0FB0110400901904FE03220ADF889
:101320000800BDF808104FF68060C0F62120B0FB21
:10133000F1F04BF6EB21C1F27471A0FB0110C00972
:1013400001903BE03220ADF80800BDF808104FF6E0
:101350008060C0F62120B0FBF1F04BF61541C0F2E1
:101360009C21A0FB01100009019027E03220ADF87C
:101370000800BDF808104FF68060C0F62120B0FBD1
:10138000F1F042F29501C0F64F11A0FB0110800967
:10139000019013E03220ADF80800BDF808104FF6B8
:1013A0008060C0F62120B0FBF1F049F69D71C0F6D7
:1013B0004A01A0FB011080090190FFE7BDF8080079
:1013C000013847F69C41C2F2000109688862FFE7D4
:1013D0000198013847F69C41C2F200010A68D062C8
:1013E00001980138C860FFE70198400847F69C4122
:1013F000C2F200010968486303B0704780B547F640
:101400009C40C2F2000000210AF08CFB80BD00006D
:1014100080B547F69C40C2F2000000210AF0CEFCE5
:1014200080BD000080B59CB01B90FFF7DFFDFFE79B
:1014300040F21050C2F200000078014618911228C4
:1014400000F25C821899DFE811F0130020008B0095
:10145000A700C300F40010015901590259025902B2
:101460005902590275019B01C101E7010D023302C6
:1014700000201790FFF7D6FD179840F21051C2F2E6
:1014800000010870FFF7C4FF38E2FFF7B7FF08203C
:10149000FFF7C8FDC820129018F076FF00201690C4
:1014A000FFF7C0FD3220139018F06EFF0920119055
:1014B000FFF7B8FD129818F067FF1698FFF7B2FD16
:1014C000139818F061FF0A20FFF7ACFD129818F08E
:1014D0005BFF1698FFF7A6FD139818F055FF1198BB
:1014E000FFF7A0FD129818F04FFF1698FFF79AFD2E
:1014F000139818F049FF0C201490FFF793FD1298F1
:1015000018F042FF1698FFF78DFD139818F03CFF76
:101510000E20FFF787FD129818F036FF1698FFF798
:1015200081FD139818F030FF0D201590FFF77AFD1C
:101530004FF4FA7018F028FF1498FFF773FDFA20A3
:1015400018F022FF1598FFF76DFD40F2EE2018F01D
:101550001BFF169840F21051C2F200010870CDE155
:10156000FFF74CFF0820FFF75DFDC820109018F032
:101570000BFF0A20FFF756FD109818F005FF0C200E
:10158000FFF750FD109818F0FFFE40F21051C2F224
:10159000000100200870B1E1FFF730FF0C20FFF7D9
:1015A00041FDC8200F9018F0EFFE0A20FFF73AFD2A
:1015B0000F9818F0E9FE0820FFF734FD0F9818F097
:1015C000E3FE40F21051C2F200010020087095E1E4
:1015D000FFF714FF0E200B90FFF724FD32200C9034
:1015E00018F0D2FE00200E90FFF71CFD96200D9003
:1015F00018F0CAFE0B98FFF715FD0C9818F0C4FE02
:101600000E98FFF70FFD0D9818F0BEFE0B98FFF730
:1016100009FD0C9818F0B8FE0E98FFF703FD0D9821
:1016200018F0B2FE0E9840F21051C2F2000108709C
:1016300064E1FFF7E3FE0E20FFF7F4FCC8200A90F8
:1016400018F0A2FE0C20FFF7EDFC0A9818F09CFEA3
:101650000A20FFF7E7FC0A9818F096FE40F21051B6
:10166000C2F200010020087048E1FFF7C7FE0A201F
:101670000690FFF7D7FCC820079018F085FE0020E1
:101680000990FFF7CFFC9620089018F07DFE069891
:10169000FFF7C8FC079818F077FE0998FFF7C2FC1F
:1016A000089818F071FE0698FFF7BCFC079818F030
:1016B0006BFE0998FFF7B6FC089818F065FE0698CF
:1016C000FFF7B0FC079818F05FFE0998FFF7AAFC37
:1016D000089818F059FE0698FFF7A4FC079818F030
:1016E00053FE0998FFF79EFC089818F04DFE0998E4
:1016F00040F21051C2F200010870FFE0FFF77EFED9
:101700000C20FFF78FFCC82018F03EFE0D20FFF7DD
:1017100089FCFA2018F038FE0E20FFF783FC4FF406
:10172000967018F031FE40F21051C2F20001002014
:101730000870E3E0FFF762FE00208DF86B00FFE722
:101740009DF86B00022814DCFFE70C20FFF76AFC11
:101750006420059018F018FE0020FFF763FC059840
:1017600018F012FEFFE79DF86B0001308DF86B005A
:10177000E6E740F21051C2F2000100200870BDE01F
:10178000FFF73CFE00208DF86A00FFE79DF86A0035
:10179000032814DCFFE70C20FFF744FC64200490CE
:1017A00018F0F2FD0020FFF73DFC049818F0ECFD66
:1017B000FFE79DF86A0001308DF86A00E6E740F225
:1017C0001051C2F200010020087097E0FFF716FEEA
:1017D00000208DF86900FFE79DF86900042814DCFB
:1017E000FFE70C20FFF71EFC6420039018F0CCFDEF
:1017F0000020FFF717FC039818F0C6FDFFE79DF8DF
:10180000690001308DF86900E6E740F21051C2F23C
:1018100000010020087071E0FFF7F0FD00208DF856
:101820006800FFE79DF86800052814DCFFE70C203E
:10183000FFF7F8FB6420029018F0A6FD0020FFF7E8
:10184000F1FB029818F0A0FDFFE79DF86800013059
:101850008DF86800E6E740F21051C2F20001002066
:1018600008704BE0FFF7CAFD00208DF86700FFE726
:101870009DF86700062814DCFFE70C20FFF7D2FB79
:101880006420019018F080FD0020FFF7CBFB019849
:1018900018F07AFDFFE79DF8670001308DF86700CA
:1018A000E6E740F21051C2F200010020087025E086
:1018B000FFF7A4FD00208DF86600FFE79DF86600A5
:1018C000072814DCFFE70C20FFF7ACFB6420009036
:1018D00018F05AFD0020FFF7A5FB009818F054FD02
:1018E000FFE79DF8660001308DF86600E6E740F2FC
:1018F0001051C2F2000100200870FFE70A2018F022
:1019000043FD95E580B58AB00990002002900390D0
:1019100004900590012101910691079040F2FF701B
:101920000890099803A904F03DFB029B09986946B9
:101930000B600222114604F091FB0199029A09986A
:1019400004F0DCF90AB080BD80B584B047F20C60C9
:10195000C2F20000019005F0F7F947F27060C2F2A0
:101960000000029005F0F0F947F2D460C2F20000E6
:10197000039005F0E9F90198FFF7C4FF0298FFF71B
:10198000C1FF0398FFF7BEFF04B080BD80B58CB0E7
:101990000B90ADF82A100992BDF82A0000900020A3
:1019A0000190029008210391049005900690079001
:1019B00008900B98099A694604F0A6FA01280FD1FD
:1019C000FFE70B98099A694604F09EFA012806D1B0
:1019D000FFE70B98099A694604F096FAFFE7FFE7DC
:1019E0000CB080BD84B08DF80F000291ADF80620D8
:1019F0009DF80F000146009123281DD80099DFE8CB
:101A000001F012131415161B1B1B1B1B1B1B1B1B8E
:101A10001B1B1B1B1B1B1B1B1B1B1B1B1B1B1B1B16
:101A20001B1B1718191A08E007E006E005E004E0A0
:101A300003E002E001E000E0FFE7002004B07047AF
:101A40000020704780B582B046F6D860C2F2000030
:101A5000009046F2B461C2F200010022019214F03B
:101A600093FB009845F6B461C2F2000114F072FBDA
:101A7000019802B080BD000080B584B0039002914F
:101A8000039946F6D860C2F20000019014F062FBA0
:101A9000019814F009FB03980299096817F0ECFB10
:101AA000002004B080BD000083B0029001918DF849
:101AB000032000208DF802009DF9020003B070475A
:101AC00080B586B00490ADF80E1000208DF80D00A2
:101AD00046F6D860C2F20000D0F8BC02029002982C
:101AE000D0F8140220B1FFE701208DF8170013E0B1
:101AF0000499BDF80E2046F6D860C2F200000190AD
:101B000014F042FB019814F02DFC8DF80D009DF8A7
:101B10000D008DF81700FFE79DF8170006B080BD97
:101B200080B547F2D460C2F2000044210022FFF7E2
:101B30002DFF0EF037FFFFF707FF80BD80B584B0A3
:101B40008DED030ACDED020A9DED020A9DED031A0B
:101B500030EE410ADFED180A1AF064F98DED010A42
:101B60009DED010A9FED151AB4EE410AF1EE10FA4F
:101B700009DDFFE79DED010A9FED121A30EE010A23
:101B80008DED010A13E09DED010A9FED0D1AB4EEF3
:101B9000410AF1EE10FA09DAFFE79DED010A9FED27
:101BA000061A30EE010A8DED010AFFE7FFE79DED11
:101BB000010A04B080BD00BF0000B44300003443FC
:101BC000000034C30000B4C380B592B005A90291EF
:101BD0001190002010900F9000F0FEFC40F2405059
:101BE000C2F2000080ED000AFFE700F0F5FC40F2D1
:101BF0004050C2F2000090ED001A30EE410AB2EE01
:101C0000041AB4EE410AF1EE10FA1ADDFFE7119959
:101C100043F6AC00C3F622304862119941F2B0603D
:101C2000C3F6CE1088621199C862119941F23F60E3
:101C3000C4F21B10086311990020C4F220208861AF
:101C4000F6E29FEDE40A00F059FC119900200863C8
:101C500011994862119988621199C862ADF8120011
:101C6000FFE7BDF8120040F27A01C2F200010988D4
:101C7000884280F2E781FFE7FEF7A8FE9220FFF797
:101C8000E9F812200FA901910622FFF7AFF8FEF73D
:101C900093FE9DF83C009DF83D1040EA0120ADF810
:101CA0003A00BDF93A0000EE100AB8EEC00A40F260
:101CB0004800C2F2000090ED001A20EE010A1199CE
:101CC00081ED000A9DF83E109DF83F2041EA022177
:101CD000ADF83A10BDF93A1000EE101AB8EEC00A8D
:101CE00090ED001A20EE010A119981ED010A9DF88C
:101CF00040109DF8412041EA0221ADF83A10BDF9AB
:101D00003A1000EE101AB8EEC00A90ED001A20EE5C
:101D1000010A119880ED020A119890ED001A90EDD9
:101D2000012A90ED020A22EE022A21EE011A31EE7A
:101D3000021A20EE000A30EE010A1AF093F9029816
:101D400080ED020A90ED021A119890ED0C0A30EE27
:101D5000010A80ED0C0AFEF74DFE019900200822D1
:101D6000FFF744F8FEF73CFE9DF83C000F285FD1DA
:101D7000FFE79DF83E009DF83F1040EA0120ADF8D6
:101D80003A00BDF93A0000EE100AB8EEC00A40F27F
:101D90004C00C2F2000090ED001A20EE010A1199E9
:101DA00081ED030A119991ED031A91ED090A30EEC4
:101DB000010A81ED090A9DF840109DF8412041EA91
:101DC0000221ADF83A10BDF93A1000EE101AB8EE43
:101DD000C00A90ED001A20EE010A119981ED040A63
:101DE000119991ED041A91ED0A0A30EE010A81ED84
:101DF0000A0A9DF842109DF8432041EA0221ADF8FD
:101E00003A10BDF93A1000EE101AB8EEC00A90ED83
:101E1000001A20EE010A119880ED050A119890ED44
:101E2000051A90ED0B0A30EE010A80ED0B0AFFE770
:101E3000BDF8120038BBFFE7079806900798059099
:101E400000208DF81100FFE79DF81100022819DC31
:101E5000FFE711989DF8112000EB8200C0680BA9E4
:101E600041F8220011989DF8112000EB8200C06813
:101E700008A941F82200FFE79DF8110001308DF814
:101E80001100E1E764E0029890ED020A90ED011A7A
:101E9000B4EE410AF1EE10FA03DDFFE70798069071
:101EA000FFE7029890ED020A90ED001AB4EE410AA5
:101EB000F1EE10FA03DAFFE707980590FFE700203C
:101EC0008DF81000FFE79DF8100002283FDCFFE7C7
:101ED00011989DF8101000EB810090ED030A0BA8FB
:101EE00000EB810090ED001AB4EE410AF1EE10FA19
:101EF0000ADDFFE711989DF8102000EB8200C06812
:101F00000BA941F82200FFE711989DF8101000EB93
:101F1000810090ED030A08A800EB810090ED001A03
:101F2000B4EE410AF1EE10FA0ADAFFE711989DF8D3
:101F3000102000EB8200C06808A941F82200FFE7EA
:101F4000FFE79DF8100001308DF81000BBE7FFE7B8
:101F5000029890ED010A90ED001A30EE410A46F623
:101F6000C860C2F2000080ED000A00208DF80F006A
:101F7000FFE79DF80F0002281DDCFFE79DF80F101A
:101F80000BA800EB810090ED000A08A800EB81008F
:101F900090ED001A30EE410A46F6CC60C2F2000025
:101FA00000EB810080ED000AFFE79DF80F00013093
:101FB0008DF80F00DDE746F6C860C2F2000090ED34
:101FC000000AB6EE001AB4EE410AF1EE10FA2DDC6A
:101FD00002E000BF0AD7A33B46F6CC60C2F2000085
:101FE00090ED000A9FED981AB4EE410AF1EE10FA56
:101FF0001CDCFFE746F6CC60C2F2000090ED010A5F
:102000009FED911AB4EE410AF1EE10FA0EDCFFE7F3
:1020100046F6CC60C2F2000090ED020A9FED8A1AEB
:10202000B4EE410AF1EE10FA01DDFFE70AE09FEDA0
:10203000870A00F063FAFFE7BDF812000130ADF83F
:1020400012000EE640F27A00C2F20000008800EEB4
:10205000100AB8EE401A119890ED0C0A80EE010AB1
:1020600080ED0C0A00208DF80E00FFE79DF80E00B1
:1020700002281BDCFFE740F27A00C2F20000008871
:1020800000EE100AB8EE401A11989DF80E1000EB01
:10209000810090ED090A80EE010A80ED090AFFE750
:1020A0009DF80E0001308DF80E00DFE7FEF78EFC84
:1020B000A220FEF7CFFE22200FA90222FEF796FEF5
:1020C000FEF77AFC9DF83C009DF83D10C00040EA08
:1020D0005110ADF83A00BDF93A00B0F5806F07DB5A
:1020E000FFE7BDF83A00A0F50060ADF83A00FFE761
:1020F000BDF93A0000EE100AB8EEC00AB4EE001ABC
:1021000020EE010AB3EE071A30EE010A119880EDB5
:10211000060A46F6B861C2F200010888013008805C
:10212000FFE746F6C860C2F2000090ED000A012009
:10213000B6EE001AB4EE410AF1EE10FA009071DC2E
:10214000FFE7119890ED0C0A9FED411A30EE010A5D
:10215000B0EEC00A0120B6EE001AB4EE410AF1EE6C
:1021600010FA00905EDCFFE746F6CC60C2F2000099
:1021700090ED000A01209FED341AB4EE410AF1EE11
:1021800010FA00904EDCFFE746F6CC60C2F2000089
:1021900090ED010A01209FED2C1AB4EE410AF1EEF8
:1021A00010FA00903EDCFFE746F6CC60C2F2000079
:1021B00090ED020A01209FED241AB4EE410AF1EEDF
:1021C00010FA00902EDCFFE7119890ED090AB0EEAE
:1021D000C00A01209FED1F1AB4EE410AF1EE10FA79
:1021E00000901FDCFFE7119890ED0A0AB0EEC00ADC
:1021F00001209FED181AB4EE410AF1EE10FA00909A
:1022000010DCFFE7119890ED0B0AB0EEC00A9FEDCD
:10221000111A0020B4EE410AF1EE10FAC8BF0120F5
:102220000090FFE70098C00700287FF4DEACFFE7CE
:10223000119890ED0C1A9FED080A80EE010A80EDCE
:10224000080A12B080BD00BF9A99193E6F12033A76
:10225000CDCC1CC10AD7233CC3F51C4180B582B04C
:102260000190FFE701F052FA0520009018F08CF879
:1022700001F09EFA009818F087F8F3E745F29431E0
:10228000C2F2000191ED030A91ED0A1A9FED262A90
:1022900021EE021A9FED253A20EE030A30EE010AE4
:1022A00081ED030A91ED040A91ED0B1A21EE021A59
:1022B00020EE030A30EE010A81ED040A91ED050AD1
:1022C00091ED0C1A9FED1A3A21EE031A9FED193A7F
:1022D00020EE030A30EE010A81ED050A91ED060AAF
:1022E00091ED0D1A9FED143A21EE031A20EE020A29
:1022F00030EE010A81ED060A91ED070A91ED0E1A02
:1023000021EE031A20EE020A30EE010A81ED070ADF
:10231000C86888620869C862486908638869486350
:10232000C8698863704700BF9A99193FCDCCCC3EED
:10233000D0CCCC3D6666663FCCCCCC3E80B547F277
:102340004C20C2F2000003F0E1FA80BD80B547F2F4
:102350000C30C2F2000003F0D9FA80BD80B547F21C
:10236000CC30C2F2000003F0D1FA80BD80B547F254
:102370008C40C2F2000003F0C9FA80BD80B547F27C
:102380004C50C2F2000003F0C1FA80BD80B547F2A4
:102390000C30C2F2000003F0BFF980BD84B003909E
:1023A0000398006840F20741C4F20201884206D84F
:1023B000FFE740F60000C4F20200009005E040F69E
:1023C0002000C4F202000090FFE7009802900398FA
:1023D000007808384CF6CD41CCF6CC41A0FB01107A
:1023E00000090190029803994A6C22F003021044FC
:1023F0008864039940F68000C4F20200C864019822
:1024000000F01F01012088400399086504B070475F
:1024100082B00190019800790090009940F6FC008C
:10242000C4F2020000EB810001994865019940F671
:102430004010C4F2020088650098013800F01F01C6
:10244000012088400199C86502B0704784B00390AC
:102450000291019200930398C16C006D486003984B
:10246000406D28B1FFE70398816DC06D4860FFE7BC
:102470000398016C406C00F01F02012090404860FE
:10248000009803990968486003988068102809D16A
:10249000FFE7019803990968886002980399096821
:1024A000C86008E002980399096888600198039958
:1024B0000968C860FFE704B07047000081B041F2CE
:1024C0000400CEF2000000680090009840F23851FD
:1024D000C2F200010968884208D2FFE740F23C518D
:1024E000C2F20001086801300860FFE7009840F27E
:1024F0003851C2F20001086001B0704783B08DED21
:10250000020A41F20400CEF2000000680190029835
:102510000090FFE741F20400CEF20000006801994C
:10252000401A00EE100AB8EE400A9DED001A40F283
:102530002450C2F2000090ED002AB8EE422A21EEAB
:10254000021AB4EE410AF1EE10FA01DAFFE7E1E710
:1025500003B070470000000080B584B0039041F2E2
:102560000400CEF200000068029002980399096806
:10257000401A00EE100AB8EE400A40F22450C2F2AF
:10258000000090ED001AB8EE411A80EE010A8DEDC0
:10259000010A029803990860FFF790FF0198FDF780
:1025A000C2FE41EC100B9FED0A1B53EC112B51ECBA
:1025B000100BFDF782FE30B9FFE74DF20A70C3F64B
:1025C00023400190FFE79DED010A04B080BD00BFEC
:1025D0007B14AE47E17A843F80B582B000F06CF89E
:1025E00045F2F870C2F2000090ED000AB8EE401A11
:1025F000818800EE101AB8EEC00A9FED0B2A20EE7B
:10260000020A30EE011AC08800EE100AB8EEC00AC5
:102610009FED062A20EE020A30EE010A8DED010A36
:102620009DED010A02B080BD6F12833ABD37863539
:1026300081B000904EF6FC51CEF20001086840F0E7
:102640008070086041F20401CEF2000100200860B1
:1026500041F20002CEF20002116841F00101116066
:10266000009944F24022C0F20F024A4340F2245142
:10267000C2F200010A600A6844F6D353C1F2620351
:10268000A2FB0332920940F22853C2F200031A60FF
:1026900009684DF68362C4F21B32A1FB0221890C4A
:1026A00040F22C52C2F20002116040F23C51C2F2E0
:1026B0000001086001B07047B0B586B041F2040077
:1026C000CEF2000000680590FFF7F8FE40F23C50A3
:1026D000C2F2000001680598002302934FF0FF3C0E
:1026E0001A46E1FB0C0240F23051C2F200010091A7
:1026F0004A6008600868496840F22454C2F2000445
:102700002268FDF785FD029B02468C46009944F63F
:102710004000C2F20000C0F804C00260D1F800C05E
:102720004968D0F800E042682468AEFB04E502FB8B
:102730000452BCEB0E0C61EB020244F64801C2F2FB
:1027400000010391C1F800C04A60006845F2F872C8
:10275000C2F20002049210600868496840F22852F0
:10276000C2F2000201921268FDF752FDDDF804C0CA
:10277000029B049A01460398918001684068928800
:10278000DCF800C002FB0CF28A1A60F1000044F68B
:102790005001C2F200010A6048600868496840F2CE
:1027A0002C52C2F200021268FDF732FD0499C88073
:1027B00006B0B0BD7047000083B002900191009256
:1027C000009890ED004A90ED012A90ED026A90ED9C
:1027D000035A26EE060AB6EE001A31EE400A25EE3E
:1027E000053A30EE437A029824EE053A22EE060AC4
:1027F00030EE030AD0ED000AD0ED011A90ED023A56
:1028000020EE210A27EE207A30EE070A24EE064A4F
:1028100022EE052A32EE442A22EE032A30EE020A84
:1028200030EE000A019880ED000A009890ED004A11
:1028300090ED016A90ED020A90ED035A24EE053AFC
:1028400026EE002A32EE432A029826EE063A31EEB0
:10285000433A25EE057A33EE477AD0ED000AD0ED03
:10286000011A90ED023A27EE217A22EE202A32EE6A
:10287000072A24EE064A20EE050A30EE040A20EE6E
:10288000030A30EE020A30EE000A019880ED010AD8
:10289000009890ED005A90ED014A90ED023A90EDCB
:1028A000032A25EE036A24EE020A30EE060A029895
:1028B00025EE045A23EE022A32EE455A90ED006AC4
:1028C00090ED017A90ED022A25EE075A20EE060AD5
:1028D00030EE050A24EE044A31EE441A23EE033AA0
:1028E00031EE431A21EE021A30EE010A30EE000AF0
:1028F000019880ED020A03B07047000080B586B0F1
:102900000590FFE745F24D30C2F2000041880131E9
:1029100041804088B0F5FA7F07DBFFE745F24D3193
:10292000C2F2000100200870FFE745F24D30C2F20C
:102930000000408840F6B831884208DBFFE745F2E6
:102940004D31C2F2000140F6B8304880FFE745F251
:102950004D30C2F200000078D0B9FFE710F030FD32
:1029600045F24D31C2F20001039100200490A1F81C
:102970003B00C1F83700C1F83300C1F82F00C1F89F
:102980002B00C1F82700C1F82300C1F81F00FFE7A2
:1029900040F2F040C2F200000088B0F5FA7F0EDB92
:1029A000FFE744F6AC31C2F200010020087040F2AB
:1029B000F041C2F200014FF4FA700880FFE744F6DC
:1029C000E850C2F200000188013101800088B0F5B2
:1029D000FA7F07DBFFE744F6E651C2F20001002070
:1029E0000870FFE744F6E650C2F20000007890B9A4
:1029F000FFE744F6E850C2F20000008840F2DC51E4
:102A0000884208DBFFE744F6E851C2F200014FF4C8
:102A1000FA700880FFE740F21250C2F2000001880D
:102A20000131018040F21452C2F2000211880131DA
:102A3000118040F21652C2F2000211880131118059
:102A40000088652813DBFFE70DF080FF47F20C607C
:102A5000C2F20000029004F077F90298FEF752FFEC
:102A600040F21251C2F2000100200880FFE740F25C
:102A70001450C2F200000088652813DBFFE70DF058
:102A800091FF47F27060C2F20000019004F05CF91F
:102A90000198FEF737FF40F21451C2F20001002006
:102AA0000880FFE740F21650C2F200000088652857
:102AB00013DBFFE70DF0A2FF47F2D460C2F2000083
:102AC000009004F041F90098FEF71CFF40F2165107
:102AD000C2F2000100200880FFE744F63060C2F235
:102AE0000000C18D0131C185C08D642808DBFFE77E
:102AF00044F63061C2F20001002081F83000FFE7A7
:102B000044F63060C2F20000C08D6F2807DBFFE79B
:102B100044F63061C2F200016420C885FFE744F644
:102B20003060C2F20000B0F862100131A0F862100B
:102B3000B0F86200642808DBFFE744F63061C2F2B7
:102B40000001002081F86400FFE744F63060C2F223
:102B50000000B0F862006F2808DBFFE744F6306140
:102B6000C2F200016420A1F86200FFE744F6306081
:102B7000C2F20000B0F896100131A0F89610B0F83B
:102B80009600642808DBFFE744F63061C2F20001DA
:102B9000002081F89800FFE744F63060C2F20000A0
:102BA000B0F896006F2808DBFFE744F63061C2F208
:102BB00000016420A1F89600FFE744F63060C2F2FD
:102BC0000000B0F8CA100131A0F8CA10B0F8CA006D
:102BD000642808DBFFE744F63061C2F20001002000
:102BE00081F8CC00FFE744F63060C2F20000B0F894
:102BF000CA006F2808DBFFE744F63061C2F200012B
:102C00006420A1F8CA00FFE744F63060C2F2000079
:102C1000B0F866110131A0F86611B0F866016428B9
:102C200008DBFFE744F63061C2F20001002081F8C2
:102C30006801FFE744F63060C2F20000B0F86601B8
:102C40006F2808DBFFE744F63061C2F20001642020
:102C5000A1F86601FFE744F63060C2F20000B0F868
:102C60009A110131A0F89A11B0F89A01642808DB92
:102C7000FFE744F63061C2F20001002081F89C01B8
:102C8000FFE744F63060C2F20000B0F89A016F2806
:102C900008DBFFE744F63061C2F200016420A1F8CE
:102CA0009A01FFE744F63060C2F20000B0F832113A
:102CB0000131A0F83211B0F83201642808DBFFE7D7
:102CC00044F63061C2F20001002081F83401FFE7D0
:102CD00044F63060C2F20000B0F832016F2808DB21
:102CE000FFE744F63061C2F200016420A1F832012E
:102CF000FFE744F63060C2F20000B0F8CE110131B7
:102D0000A0F8CE11B0F8CE01642808DBFFE744F646
:102D10003061C2F20001002081F8D001FFE744F6E3
:102D20003060C2F20000B0F8CE016F2808DBFFE788
:102D300044F63061C2F200016420A1F8CE01FFE741
:102D400044F63060C2F20000B0F8FE100131A0F885
:102D5000FE10B0F8FE00642808DBFFE744F630619F
:102D6000C2F20001002081F80001FFE744F6306064
:102D7000C2F20000B0F8FE006F2808DBFFE744F65F
:102D80003061C2F200016420A1F8FE00FFE70120DB
:102D900017F0FAFAB6E5000081B0EFF3108072B6D2
:102DA0000090FFE7FEE7000080B547F20C60C2F23A
:102DB000000003F0ADFA80BD80B547F20C60C2F2AE
:102DC000000003F0A5FA80BD80B547F27060C2F242
:102DD000000003F09DFA80BD80B547F27060C2F23A
:102DE000000003F095FA80BD80B547F2D460C2F2CE
:102DF000000003F08DFA80BD80B547F2D460C2F2C6
:102E0000000003F085FA80BD83B002904AF20040D2
:102E1000C4F2000000900298006846F60001C4F277
:102E20000001884205D1FFE7009800F5547000903A
:102E3000FFE70298006846F60041C4F200018842AC
:102E400005D1FFE7009800F5D4600090FFE70098F7
:102E50000299086402980068D0F8800020F4F81005
:102E6000029A1168526B40EA0240C1F88000009853
:102E700070300299486402980068D0F8800020F011
:102E80007060029A1168926B40EA0260C1F880009B
:102E90000098B03002998864009800F5C4700299D7
:102EA000C864009800F5187002990865009800F54C
:102EB0001E700299486500980190FFE701980099FB
:102EC00001F55471884208D2FFE70199002008609B
:102ED000FFE7019804300190F0E703B0704700006D
:102EE00088B007900691059204930698406848B907
:102EF000FFE70698016882680069104340EA814054
:102F0000039009E00698016882680069104308434D
:102F100040F080400390FFE70698D0F820C0C168D9
:102F200042698369C06940EA0C601843104340EA73
:102F3000014002900798406D049901EBC10100EB3C
:102F4000C100019003980199086001980430019034
:102F500002980199086001980430019000200090C7
:102F6000FFE700980699CA684CF28C41C0F601014F
:102F7000895C88420DD2FFE7059800994058019975
:102F80000860019804300190FFE700980430009039
:102F9000E7E708B07047000080B588B08DF81F00E3
:102FA00004F098F8FFE742F21001C4F202014FF476
:102FB00000400860FFE70020029003900221049186
:102FC0009DF81F100591012106918DF80700FFE77C
:102FD0009DF807001D280EDCFFE703A802A903F0F7
:102FE000F7FE08B9FFE706E0FFE79DF807000130AC
:102FF0008DF80700ECE703F0BFFF08B080BD0000CC
:1030000081B040F22840C2F20000007F8DF803003A
:103010009DF80300012805D0FFE79DF80300032871
:103020001FD1FFE742F20001C4F20201086820F458
:1030300000700860FFE742F20001C4F20201086874
:1030400040F400600860086820F400600860FFE752
:1030500042F20001C4F20201086840F40070086006
:10306000FFE79DF80300022805D0FFE79DF8030065
:10307000032817D1FFE7FFE742F20001C4F2020183
:10308000086840F480500860086820F480500860A8
:10309000FFE742F20001C4F20201086840F48060D8
:1030A0000860FFE740F22841C2F2000100200877E3
:1030B00001B0704781B0009042F22000C4F20200DB
:1030C0000068400200281ED5FFE79DF80000C007F9
:1030D00048B1FFE742F21401C4F20201086840F06F
:1030E00004000860FFE79DF800008007002809D56C
:1030F000FFE742F21401C4F20201086840F4004004
:103100000860FFE709E042F21401C4F20201086816
:1031100048F2040210430860FFE742F21401C4F2CF
:103120000201086840F48030086001B07047000078
:1031300082B00190009142F22000C4F202000068C7
:103140004002002809D4FFE742F21401C4F2020150
:10315000086820F40060086017E09DF80000C007D0
:1031600048B1FFE742F21401C4F20201086820F4FA
:103170000060086008E042F21401C4F2020108682D
:1031800040F400600860FFE7FFE742F21401C4F278
:103190000201086820F47E709DF8042040EAC20015
:1031A0000860086840F002000860086840F4803059
:1031B000086002B07047000084B003900193009251
:1031C00042F21401C4F20201086840F001000860F4
:1031D000009803990860BFF36F8F019803994860C6
:1031E00004B0704789B00590049140208DF80F001D
:1031F000059802900498019042F21401C4F2020171
:10320000086840F480200860EFF31080069006986C
:103210000090EFF3108072B60790FFE70198006806
:1032200002990860029804300290019804300190DD
:103230009DF80F0001388DF80F00FFE79DF80F0093
:103240000028EBD1FFE700980890089880F31088D9
:1032500009B0704780B584B0029004F049F901903C
:10326000FFE742F21000C4F202000068C003002829
:103270000DD5FFE704F03CF90199401A0299884204
:1032800004D9FFE703208DF80F005AE0E9E742F286
:103290001000C4F2020000684CF2FA3108400090BD
:1032A000009860B3FFE7009A40F22841C2F20001A3
:1032B000486810434860FFE79DF8030010F0F00FE6
:1032C0000BD0FFE7009800F0704242F21801C4F200
:1032D0000201086810430860FFE70098000148B148
:1032E000FFE7009820F0704042F21001C4F20201A2
:1032F0000860FFE7FFE701208DF80F0021E00120C3
:1033000050B9FFE742F21800C4F20200006800F072
:103310000100012808D010E042F21000C4F20200BF
:103320000068C00748B1FFE7FFE742F21001C4F2AE
:10333000020101200860FFE7FFE700208DF80F0081
:10334000FFE79DF80F0004B080BD000080B586B097
:1033500005900393029203F0BDFEFFE742F21001D5
:10336000C4F202014FF400400860FFE7FFE742F2B9
:103370001001C4F202014FF480300860FFE7002022
:103380008DF80700FFE79DF807001D2810DCFFE718
:103390000599029A039B002003F006FE08B9FFE797
:1033A00006E0FFE79DF8070001308DF80700EAE727
:1033B00003F0E2FD06B080BD80B584B002A80090A5
:1033C00045F29640C2F20000D0F8030000EE100A69
:1033D00040F20850C2F2000090ED001AB4EE410A2B
:1033E000F1EE10FA7CD0FFE745F29640C2F2000001
:1033F000D0F8030000EE100AB2EE001AB4EE410A53
:10340000F1EE10FA6CDDFFE745F29640C2F20000E3
:10341000D0F80300FCF787FF41EC100B9FED381B41
:1034200053EC112B51EC100BFCF762FF002857D125
:10343000FFE704208DF80F00FFE79DF80F0001283B
:1034400013DBFFE79DF80F2040F2F441C2F20001C8
:1034500001EB820050F8040C41F82200FFE79DF8D0
:103460000F0001388DF80F00E7E745F29640C2F2F1
:103470000000D0F8030040F2F441C2F200010860FD
:10348000002002908DF80700FFE79DF80700042850
:1034900018DCFFE700989DF8072040F2F441C2F2E3
:1034A000000101EB820191ED001A90ED000A30EE6F
:1034B000010A80ED000AFFE79DF8070001308DF852
:1034C0000700E2E7009890ED000AB1EE041A80EEE2
:1034D000010A40F25400C2F2000080ED000AFFE74A
:1034E00045F29640C2F20000D0F8030040F20851C5
:1034F000C2F20001086004B080BD00BF00BF00BF81
:10350000000000000000394080B584B047F29050C0
:10351000C1F6FF700068039047F29450C1F6FF7047
:103520000068029047F29850C1F6FF700068019061
:103530000199039808440390039888B1FFE7039822
:1035400040F23431C2F200010091023108220BF046
:103550008FFF00990298123104220BF089FFFFE7D8
:1035600004B080BD80B584B003908DED020A03984D
:103570002030FEF7F1FF8DED010A039890ED040A6B
:1035800090ED051A30EE410A9DED011A80EE010A18
:103590009FED121A20EE010A9FED111A80EE010A2A
:1035A00080ED060A9DED020A0398B7EE001A31EE8F
:1035B000401A90ED062A90ED073A21EE031A20EE0C
:1035C000020A30EE010A80ED060A03998869C86193
:1035D00003990869486104B080BD00BF00007042D3
:1035E0000000B44380B582B0019040F2F041C2F2D5
:1035F00000010020088044F6AC31C2F20001012035
:103600000870019908684A6844F66201C2F2000134
:103610004A60086045F28840C2F20000408949884B
:1036200088420BD0FFE744F66200C2F200004088F7
:1036300045F28841C2F200014881FFE744F662008A
:10364000C2F20000018845F29D42C2F200021181DF
:1036500001791170C08800EE100AB8EEC00A9FED23
:10366000081A80EE010A10EE100A45F29641C2F2E5
:103670000001C1F8030010F037FC02B080BD00BFAC
:103680000000C84281B0009040F2F041C2F2000157
:103690000020088044F6AC31C2F20001012008701D
:1036A000009A118944F65800C2F2000001811168A5
:1036B000526842600160017845F29432C2F2000221
:1036C00082F86910B0F9021000EE101AB8EEC00AC4
:1036D0009FED0D1A80EE010A40F24451C2F2000142
:1036E00081ED0E0AB0F9042000EE102AB8EEC00AEF
:1036F00080EE010A81ED0F0A807945F29D41C2F208
:103700000001C88001B070470000C84280B545F292
:103710004D30C2F20000D0F8091000EE101A9FEDF3
:10372000231A20EE010ABDEEC00A10EE101A45F26F
:103730008A32C2F200025170D0F80D1000EE101A59
:1037400020EE010ABDEEC00A10EE101A9170D0F8FA
:10375000111000EE101A20EE010ABDEEC00A10EEA4
:10376000101AD170D0F8151000EE101A20EE010AD0
:10377000BDEEC00A10EE101A1171D0F8191000EE4B
:10378000101A20EE010ABDEEC00A10EE101A517197
:1037900001781170417F9171807FD07147F2D460C0
:1037A000C2F200005021FEF7F1F880BD0000FE4299
:1037B00080B584B044F66A01C2F200010291002093
:1037C00008814860086045F29430C2F20000019020
:1037D00090ED0F0A9FED521A20EE010ABDEEC00ACD
:1037E00010EE100A088044F6A050C2F200000390C8
:1037F00090ED090A20EE010ABDEEC00A10EE100A93
:103800004880FCF75DFF0199029A8446039813797A
:103810000CF0010C03F0FE036344137191F841C0F6
:1038200013790CF0070C03F0F10343EA4C03137116
:1038300091F84030117903F0030301F0CF0141EA20
:103840000311117144F63061C2F20001D1F85C310C
:1038500000EE103AB1EE0C2A20EE020AB3EE0F1A77
:1038600080EE010ABDEEC00A10EE10CA53790CF0CA
:10387000070C03F0F80363445371D1F8901100EE84
:10388000101A20EE020A80EE010ABDEEC00A10EE08
:10389000103A517903F0070301F0C70141EAC3016F
:1038A000517190ED020ABDEEC00A10EE101A907927
:1038B00001F03F0100F0C0000844907140F20400A4
:1038C000C2F20000D0F83A1000EE101AB2EE041A5C
:1038D00020EE010ABDEEC00A10EE103AD17903F0D5
:1038E0007F0301F080011944D171D0F83E0000EE51
:1038F000100A20EE010ABDEEC00A10EE101A107A6E
:1039000001F07F0100F080000844107247F2D4609B
:10391000C2F200005221FEF739F804B080BD00BFAA
:103920000000C84280B59AB0199044F69000C2F2E7
:1039300000001190B830B2EE040A9FEDE01A8DED50
:10394000101A9FEDDF2A8DED142ADFEDDE2ACDED72
:10395000152AF0EE420AF0EE421A0EF0C9FB9DED78
:10396000100A11989DED141A00F58270F0EE080A05
:10397000DFEDD51A9FEDD52A8DED122ADFEDD42A81
:10398000CDED162A0EF0B4FB11989DED142A2030CF
:10399000B3EE090AB3EE0E1ADFEDCE2AF0EE420ABC
:1039A000F0EE421A0EF0A4FB11989DED141ADDED15
:1039B000162A6C309FEDC80AF7EE000ACDED130A07
:1039C000DFEDC61A9FEDC62A0EF092FB11989DED11
:1039D000142A00F5A870B1EE040ADFEDC22AF0EE59
:1039E000420AB0EE621AF0EE421A0EF081FB119814
:1039F0009DED120ADDED130A9DED141ADDED151A89
:103A0000DDED162A00F5CE709FEDB72A0EF070FBA3
:103A10000020ADF86200FFE7BDF86200B0F5806FEE
:103A20001BDAFFE7BDF862C040F62003C2F20003D4
:103A300003EBCC0142F20002C0F6070202EBCC001D
:103A400052F83C2043F83C2040684860FFE7BDF84E
:103A500062000130ADF86200DEE70020ADF86000E2
:103A6000FFE7BDF86000B0F5806F1FDAFFE7BDF833
:103A700060C040F62000C2F2000000EBCC0303F56A
:103A8000005144F20002C0F6070202EBCC0052F8EB
:103A90003C204FF4005C43F80C2040684860FFE78E
:103AA000BDF860000130ADF86000DAE7FFE745F2ED
:103AB0009430C2F2000090F8401044F69000C2F238
:103AC0000000017044F63061C2F20001D1F8D81054
:103AD00000EE101A9FED851A30EE010A80ED040AFF
:103AE00090ED040A9FED821AB4EE410AF1EE10FA4D
:103AF0000DDBFFE744F69000C2F2000090ED041ADF
:103B00009FED7C0A30EE410A80ED040AFFE744F69F
:103B10009000C2F2000090ED040A9FED771AB4EE17
:103B2000410AF1EE10FA0DDCFFE744F69000C2F214
:103B3000000090ED040A9FED6F1A30EE010A80ED4F
:103B4000040AFFE744F69000C2F20000016945F262
:103B50009432C2F20002D16344F6A051C2F20001D5
:103B600091ED010A40F28041C2F20001D1F80A1041
:103B700001EE101A30EE410A80ED050A90ED050ABB
:103B80009FED5B1AB4EE410AF1EE10FA0DDDFFE78E
:103B900044F69000C2F2000090ED050A9FED571A1E
:103BA00030EE010A80ED050A1BE044F69000C2F2F7
:103BB000000090ED050A9FED501AB4EE410AF1EEB7
:103BC00010FA0DDAFFE744F69000C2F2000090ED23
:103BD000050A9FED481A30EE010A80ED050AFFE75D
:103BE000FFE745F29430C2F2000090F8400003284D
:103BF00023D1FFE740F28040C2F200004079E0B1FB
:103C0000FFE744F6A050C2F2000090ED090A44F626
:103C10009000C2F2000090ED051A30EE410A45F224
:103C20009431C2F2000181ED060A40F28040C2F2F6
:103C30000000D0F80600C861FFE744F6A050C2F2C9
:103C40000000816844F69002C2F20002D161406A2D
:103C5000906045F29430C2F20000C16991618169BF
:103C600051600021C2F84411C2F8AC10C2F8DC1156
:103C700090F86900C8B9FFE744F69000C2F200006E
:103C80000F9090ED010AD0ED020A20300EF058FAA4
:103C90000F9890ED180A44F6A051C2F20001D1ED40
:103CA000040A6C300EF04CFA7FE045F29430C2F218
:103CB000000090F86900012876D121E00000484317
:103CC000000000000000C842000096430000FA43D4
:103CD0000050C346000016440000AF430080224459
:103CE0000000FA44000048420080BB44AE477DC259
:103CF000000034430000B443000034C30000B4C3E8
:103D000044F63060C2F20000D0F8E00000EE900A05
:103D10009FEDB70AFDF712FF8DED170A9DED170A0B
:103D2000B0EEC00A9FEDB31AB4EE410AF1EE10FAFC
:103D30000FDDFFE744F63060C2F20000D0F8E0008B
:103D400000EE900A9FEDAC0AFDF7F8FE8DED170A24
:103D5000FFE79DED170AF1EE400A44F69000C2F22B
:103D600000000E9000F5A8709FED9F0A0EF0E8F994
:103D70000E9890ED640A44F63061C2F20001D1F869
:103D8000E81081F0004100EE901A00F5CE700EF0C0
:103D9000D7F944F6A050C2F20000406A45F29431CF
:103DA000C2F200018861FFE7FFE744F69000C2F22B
:103DB0000000079090ED060AD0ED070AB8300EF02B
:103DC000BFF9079890ED3E0A44F6A051C2F20001F7
:103DD00091ED0F1A9FED892A21EE021AB1EE082A01
:103DE000C1EE020A00F582700EF0AAF944F63060C6
:103DF000C2F200000590D0F80C11D0F81C0100EEC2
:103E0000101A00EE900A40F21410C2F200000DF0F9
:103E1000AFFC0598079945F29432C2F200020D9268
:103E200092ED011A01F5A272089291ED512A21EE4C
:103E3000021A30EE410A81ED510AD0F8E010D0F8B4
:103E4000E80000EE101A00EE900A40F25030C2F284
:103E5000000006900DF08CFC05990698079A0D9BC2
:103E600093ED011A02F1AC03099392ED2B2A21EE96
:103E7000021A30EE410A82ED2B0AD1F8E020D1F887
:103E8000E81000EE102A00EE901A0DF071FC079970
:103E900008980D9A92ED011A01F5EE720A9291EDD1
:103EA000772A21EE021A30EE410A81ED770A9FED62
:103EB0004F0A8DED0B0ADFED520ACDED0C0A0CF026
:103EC000EBFB09989DED0B0ADDED0C0A0CF0E4FB11
:103ED0000A989DED0B0ADDED0C0A0CF0DDFB0D9848
:103EE000007800285FD0FFE744F6A050C2F200003F
:103EF0000078002857D0FFE744F69000C2F2000097
:103F000090ED510ABDEEC00A10EE102A684600235B
:103F10004360036047F27060C2F2000040F2FF119C
:103F20000DF0BCFC45F29430C2F2000090F869003C
:103F3000B8B9FFE744F69000C2F2000090ED2B0AFA
:103F4000BDEEC00A10EE103A6846002242600260E0
:103F500047F2D460C2F2000040F2FF110DF09EFC67
:103F600020E045F29430C2F2000090F86900012888
:103F700017D1FFE744F69000C2F2000090ED770AF7
:103F8000BDEEC00A10EE103A6846002242600260A0
:103F900047F2D460C2F2000040F2FF110DF07EFC47
:103FA000FFE7FFE71BE068460023049343600360DC
:103FB00047F27060C2F2000040F2FF1103911A460E
:103FC0000DF06CFC0399049B68464360036047F264
:103FD000D460C2F200001A460DF060FCFFE7012039
:103FE00016F0D2F963E500BF000000000050C346A0
:103FF000AE477D420000B442EC517343E02E65426F
:104000000050C3C680B5AEB02C902B9100208DF827
:10401000AB002B98006808B1FFE7FFE7FFE72C989B
:1040200090F85800012804D1FFE702208DF8B7006E
:104030005DE12C99012081F85800FFE7FFE700209F
:10404000259026902C980068B0F1A04F06D1FFE78C
:1040500040F20010C5F200000E9015E02C980068A8
:1040600040F20041C5F20001884207D1FFE740F26B
:104070000050C5F200000E900C9003E000200E905E
:104080000C90FFE70C98FFE70E9878B9FFE72C99A2
:10409000C86D40F02000C865FFE72C99002081F82A
:1040A0005800FFE701208DF8B70020E10E980CF0D2
:1040B00013FA0D902C9800680CF00EFA002840F0CE
:1040C0000281FFE70D98002840F0FD80FFE72C9863
:1040D00001680120B1F1A04F0B900CD0FFE72C98A4
:1040E00000684FF60071CAF6FF710844B0FA80F01C
:1040F00040090B90FFE70B98C10740F20070C5F232
:10410000000000291CBF40F20030C5F200002990D9
:104110002B980068002872D0FFE72998806820F467
:1041200060402B9949682C9A92F8382041EA423134
:104130000843299988602C9801680120B1F1A04FAB
:104140000A900CD0FFE72C9800684FF60071CAF671
:10415000FF710844B0FA80F040090A90FFE70A981E
:10416000C10740F20070C5F2000000291CBF40F2F8
:104170000030C5F2000040F20031C5F20001884273
:1041800010D1FFE74FF0A0400CF08EF9089040F2FC
:104190000010C5F200000CF087F9014608980843AA
:1041A00009901BE040F20040C5F200000CF07CF9E1
:1041B000069040F20050C5F200000CF075F901467F
:1041C00006980843079040F20060C5F200000CF02A
:1041D0006BF90146079808430990FFE7099868B909
:1041E000FFE72998806840F61F7188432B9A116871
:1041F00092681143084329998860FFE762E0299992
:10420000886820F4604088602C9801680120B1F132
:10421000A04F05900CD0FFE72C9800684FF6007176
:10422000CAF6FF710844B0FA80F040090590FFE734
:104230000598C10740F20070C5F2000000291CBFBC
:1042400040F20030C5F2000040F20031C5F200013A
:10425000884210D1FFE74FF0A0400CF025F9039001
:1042600040F20010C5F200000CF01EF90146039860
:10427000084304901BE040F20040C5F200000CF03F
:1042800013F9019040F20050C5F200000CF00CF957
:10429000014601980843029040F20060C5F2000018
:1042A0000CF002F90146029808430490FFE70498D5
:1042B00038B9FFE72999886840F61F7290438860F3
:1042C000FFE7FFE708E02C99C86D40F02000C865C3
:1042D00001208DF8AB00FFE7FFE72C99002081F863
:1042E0005800FFE79DF8AB008DF8B700FFE79DF899
:1042F000B7002EB080BD000080B5C4B024902391DB
:1043000000208DF88B001F902398C0680021C4F214
:104310007F01884201D0FFE700E0FFE7FFE7249834
:1043200090F85800012805D1FFE702208DF897008A
:1043300000F059BC2499012081F85800FFE7FFE7FD
:10434000249800680CF0C0F8002840F03884FFE79B
:104350002498006823990A6849680CF0C5F82498E5
:1043600000680CF0B1F81E90249800680CF084F8F6
:104370001D901E98002840F0B881FFE71D98002886
:1043800040F0B381FFE723988068B0F1004F0ED171
:10439000FFE7249800682399096800220CF0C2F80E
:1043A000249800684FF000410CF068F90CE0249864
:1043B0000068239A116892680CF0B4F82498006899
:1043C00000210CF05BF9FFE7239840692499096804
:1043D000C96801F018018908884021902398006974
:1043E00004281CD0FFE72498006823990A6809690B
:1043F000219B0CF0E9F824980068239A11699269CE
:104400000CF014F924980068239A1169127F013A7C
:10441000B2FA82F2520952060CF0F4F864E12498E0
:10442000006800210CF018F8400348B9FFE7249811
:10443000006800210CF010F8C0F384601C9018E0B4
:104440002498006800210CF007F890FAA0F0429040
:10445000429820B9FFE720208DF80F0105E042982F
:10446000B0FA80F08DF80F01FFE79DF80F011C9066
:10447000FFE71C981B9023980068400330B9FFE7C2
:1044800023980068C0F384601A9015E023980068B0
:1044900090FAA0F04090409820B9FFE720208DF8D6
:1044A000070105E04098B0FA80F08DF80701FFE7BA
:1044B0009DF807011A90FFE71B981A99884207D1C7
:1044C000FFE724980068002211460CF0C3F8FFE7CC
:1044D0002498006801210BF0BFFF400348B9FFE7B3
:1044E0002498006801210BF0B7FFC0F38460199095
:1044F00018E02498006801210BF0AEFF90FAA0F0BC
:104500003E903E9820B9FFE720208DF8FF0005E09F
:104510003E98B0FA80F08DF8FF00FFE79DF8FF00AD
:104520001990FFE71998189023980068400330B954
:10453000FFE723980068C0F38460179015E0239884
:10454000006890FAA0F03C903C9820B9FFE720204A
:104550008DF8F70005E03C98B0FA80F08DF8F70090
:10456000FFE79DF8F7001790FFE718981799884222
:1045700007D1FFE724980068012100220CF06AF8B7
:10458000FFE72498006802210BF066FF400348B95A
:10459000FFE72498006802210BF05EFFC0F38460FF
:1045A000169018E02498006802210BF055FF90FA4D
:1045B000A0F03A903A9820B9FFE720208DF8EF005C
:1045C00005E03A98B0FA80F08DF8EF00FFE79DF82B
:1045D000EF001690FFE716981590239800684003A7
:1045E00030B9FFE723980068C0F38460149015E0A9
:1045F0002398006890FAA0F03890389820B9FFE727
:1046000020208DF8E70005E03898B0FA80F08DF8AA
:10461000E700FFE79DF8E7001490FFE7159814996D
:10462000884207D1FFE724980068022100220CF09D
:1046300011F8FFE72498006803210BF00DFF4003F9
:1046400048B9FFE72498006803210BF005FFC0F389
:104650008460139018E02498006803210BF0FCFE9E
:1046600090FAA0F03690369820B9FFE720208DF818
:10467000DF0005E03698B0FA80F08DF8DF00FFE744
:104680009DF8DF001390FFE71398129023980068BD
:10469000400330B9FFE723980068C0F384601190AD
:1046A00015E02398006890FAA0F03490349820B96F
:1046B000FFE720208DF8D70005E03498B0FA80F0AD
:1046C0008DF8D700FFE79DF8D7001190FFE712980B
:1046D0001199884207D1FFE724980068032100223E
:1046E0000BF0B8FFFFE7FFE7FFE7249800680BF047
:1046F000D3FE002840F04481FFE724980068239A05
:104700001168D2680BF02AFF2398C0680021C4F218
:104710007F01884240F03381FFE7249800681090C1
:1047200023980068400330B9FFE723980068C0F37E
:1047300084600F9015E02398006890FAA0F0329002
:10474000329820B9FFE720208DF8CF0005E032989D
:10475000B0FA80F08DF8CF00FFE79DF8CF000F9002
:10476000FFE70F98013000F01F0009287DD8FFE710
:1047700023980068400330B9FFE723980068C0F32E
:1047800084600E9015E02398006890FAA0F03090B5
:10479000309820B9FFE720208DF8C70005E0309859
:1047A000B0FA80F08DF8C700FFE79DF8C7000E90C3
:1047B000FFE70E98013000F01F0080060D9023984F
:1047C0000068400330B9FFE723980068C0F38460B5
:1047D0000C9015E02398006890FAA0F02E902E9887
:1047E00020B9FFE720208DF8BF0005E02E98B0FA31
:1047F00080F08DF8BF00FFE79DF8BF000C90FFE749
:104800000D980C99013101F01F02012191400843DC
:104810000B9023980068400330B9FFE723980068A5
:10482000C0F384600A9015E02398006890FAA0F025
:104830002C902C9820B9FFE720208DF8B70005E0D8
:104840002C98B0FA80F08DF8B700FFE79DF8B7001C
:104850000A90FFE70B980A99013101F01F0101EB63
:10486000410140EA0150099082E02398006840032A
:1048700030B9FFE723980068C0F38460089015E022
:104880002398006890FAA0F02A902A9820B9FFE7B0
:1048900020208DF8AF0005E02A98B0FA80F08DF85E
:1048A000AF00FFE79DF8AF000890FFE708980130E0
:1048B00000F01F008006079023980068400330B97D
:1048C000FFE723980068C0F38460069015E0239802
:1048D000006890FAA0F02890289820B9FFE72020DF
:1048E0008DF8A70005E02898B0FA80F08DF8A700B1
:1048F000FFE79DF8A7000690FFE7079806990131AA
:1049000001F01F020121914008430590239800689F
:10491000400330B9FFE723980068C0F38460049037
:1049200015E02398006890FAA0F02690269820B908
:10493000FFE720208DF89F0005E02698B0FA80F070
:104940008DF89F00FFE79DF89F000490FFE7059911
:104950000498013000F01F0000EB40020020CFF669
:10496000206000EB0250084340F000700990FFE720
:1049700010980999239A92680BF0D4FDFFE7FFE79E
:104980002398408848F20801084200F01781FFE7A9
:10499000249801680120B1F1A04F03900CD0FFE7EB
:1049A000249800684FF60071CAF6FF710844B0FA07
:1049B00080F040090390FFE70398C10740F20070C0
:1049C000C5F2000000291CBF40F20030C5F2000013
:1049D0000BF03AFD20902398006840F20001CCF2E1
:1049E0002131884208D0FFE7239800681021C9F2DE
:1049F000C00188425AD1FFE79DF8820000060028D6
:104A000054D4FFE724980068B0F1A04F09D0FFE725
:104A10002498006840F20061C5F20001884244D148
:104A2000FFE7249801680120B1F1A04F02900CD05B
:104A3000FFE7249800684FF60071CAF6FF7108443A
:104A4000B0FA80F040090290FFE70298C10740F2F7
:104A50000070C5F2000000291CBF40F20030C5F212
:104A60000000209941F400010BF0A0FD40F2F41089
:104A7000C2F2000000684FEA901042F66351C0F2A3
:104A80003E51A0FB01104FEA901000EB40014FF0A7
:104A90000C0000EB81001F90FFE71F9820B1FFE79B
:104AA0001F9801381F90F8E7FFE786E02398006819
:104AB0000021CCF2527188423ED1FFE79DF883007D
:104AC000C007C8BBFFE72498006840F20011C5F298
:104AD0000001884209D1FFE72498006840F20051A4
:104AE000C5F20001884226D0FFE724980168012022
:104AF000B1F1A04F01900CD0FFE7249800684FF669
:104B00000071CAF6FF710844B0FA80F040090190C4
:104B1000FFE70198C10740F20070C5F200000029CC
:104B20001CBF40F20030C5F20000209941F08071B6
:104B30000BF03CFDFFE73FE0239800680021CCF636
:104B40008431884236D1FFE79DF882004006002874
:104B500030D4FFE72498006840F20011C5F200014C
:104B6000884226D0FFE7249801680120B1F1A04FC8
:104B700000900CD0FFE7249800684FF60071CAF649
:104B8000FF710844B0FA80F040090090FFE70098F8
:104B9000C10740F20070C5F2000000291CBF40F2BE
:104BA0000030C5F20000209941F480010BF0FEFCBA
:104BB000FFE700E0FFE7FFE7FFE7FFE708E02499F2
:104BC000C86D40F02000C86501208DF88B00FFE71C
:104BD000FFE72499002081F85800FFE79DF88B003B
:104BE0008DF89700FFE79DF8970044B080BD000066
:104BF00080B58EB00C9000208DF82F0007900C9897
:104C000020B9FFE701208DF83700DCE10C984069FE
:104C100040B1FFE70C9890F82400012801D1FFE78C
:104C2000FFE7FFE70C98C06D50B9FFE70C9800F064
:104C3000CFF90C99002008660C9981F85800FFE71D
:104C40000C9800680BF020FC28B1FFE70C98006876
:104C50000BF0DEFBFFE70C9800680BF02DFCF0B9C1
:104C6000FFE70C9800680BF0DFFB40F2F410C2F293
:104C700000000068800942F66351C0F23E51A0FB7B
:104C800001108109022000EB41000790FFE707981F
:104C900020B1FFE7079801380790F8E7FFE70C9885
:104CA00000680BF009FC70B9FFE70C99C86D40F083
:104CB0001000C8650C99086E40F0010008660120DC
:104CC0008DF82F00FFE70C9800680BF0FDFB0990B2
:104CD0000C98C06DC006002800F16781FFE70998B5
:104CE000002840F06281FFE70C98C06D40F00200A0
:104CF00020F480700C99C8650C9800680BF0CCFB10
:104D000000287CD1FFE70C9801680120B1F1A04F89
:104D100006900CD0FFE70C9800684FF60071CAF6B9
:104D2000FF710844B0FA80F040090690FFE706984A
:104D3000C10740F20070C5F2000000291CBF40F21C
:104D40000030C5F2000040F20031C5F20001884297
:104D500010D1FFE74FF0A0400BF09EFB049040F213
:104D60000010C5F200000BF097FB014604980843C1
:104D700005901BE040F20040C5F200000BF08CFBF8
:104D8000029040F20050C5F200000BF085FB014696
:104D900002980843039040F20060C5F200000BF057
:104DA0007BFB0146039808430590FFE7059828BB65
:104DB000FFE70C9801680120B1F1A04F01900CD0E1
:104DC000FFE70C9800684FF60071CAF6FF710844BF
:104DD000B0FA80F040090190FFE70198C10740F266
:104DE0000070C5F2000000291CBF40F20030C5F27F
:104DF00000000C9949680BF0CBFBFFE7FFE70C992B
:104E00004A7FC86B40EA42308A68CB681843104337
:104E100091F8241040EA01400A900C9890F8240080
:104E200001280BD1FFE70C98816A0020CFF6FE70B5
:104E300000EB41410A9808430A90FFE70C98C06ACA
:104E400050B1FFE70C99C86A096B00F47870014310
:104E50000A9808430A90FFE70C980068C06844F27B
:104E60000701CFF6F07108400A9908430C990968C8
:104E7000C8600C980068006920F040600C9A1168C6
:104E8000526B104308610C9800680BF0F5FA08901B
:104E90000998002868D1FFE70898002864D1FFE747
:104EA0000C99087F91F83810800340EA41000A907D
:104EB0000C980068C06844F2020188430A990843CC
:104EC0000C990968C8600C980069A0B1FFE70C98BC
:104ED0000168086940F4803008610C980068D0F8D7
:104EE000C00043F6FF7188430C9A116812691043A1
:104EF000C1F8C00011E00C980168086920F4803006
:104F000008610C980068D0F8C00043F6FF71884330
:104F10000C990968C1F8C000FFE70C9890F84000B0
:104F2000012819D1FFE70C980068006940F2FD7173
:104F300020EA01020C9B1968586CD3F848E0D3F8BA
:104F40004CC040EA0E0040EA0C001B6D18431043B1
:104F500040F00100086106E00C980168086920F043
:104F600001000861FFE7FFE70C98406901280CD1B8
:104F7000FFE70C980068006B20F00F000C9A116896
:104F8000126A013A1043086306E00C980168086B46
:104F900020F00F000863FFE70C98C06D40F001009F
:104FA00020F002000C99C86508E00C99C86D40F02B
:104FB0001000C86501208DF82F00FFE79DF82F0035
:104FC0008DF83700FFE79DF837000EB080BD000078
:104FD00080B59EB01D9000201C901B901A901990D7
:104FE000189003A85421FBF75DF91D98006840F262
:104FF0000041C5F2000188423AD1FFE74FF480300A
:1050000003904FF00040159003A804F04BF918B13D
:10501000FFE7FDF7C1FEFFE7FFE741F24C00C4F2F6
:105020000200016841F480410160006800F48040A2
:1050300002900298FFE7FFE741F24C00C4F2020041
:10504000016841F010010160006800F0100001905B
:105050000198FFE7802018900320199000201A90F3
:1050600041F20000C4F6000018A902F05FF8FFE763
:105070001EB080BD87B006900591049200208DF887
:105080000F001F2002909DF81400C00720B9FFE711
:1050900001208DF80F004BE0FFE70299481E0290B7
:1050A0000020019051B1FFE70598029901F01F011E
:1050B00020FA01F1012088430190FFE70198C00721
:1050C00008B1FFE7E9E70498009018282BD8009969
:1050D000DFE801F028292929292929291F29292937
:1050E0002929292916292929292929290D00029840
:1050F000072804D3FFE701208DF80F00FFE716E033
:105100000298082804D3FFE701208DF80F00FFE77D
:105110000DE00298102804D3FFE701208DF80F005E
:10512000FFE704E003E001208DF80F00FFE7FFE751
:105130009DF80F0078B9FFE705980699096848615E
:1051400006980068806820F01800049908430699C2
:1051500009688860FFE79DF80F0007B070470000FE
:1051600080B582B00090009820B9FFE701208DF84B
:10517000070057E00098407F38B9FFE7009900200A
:105180000877009800F052F8FFE70099022048776E
:105190000098007980B9FFE70098016841F6B750A0
:1051A000C0F2C140486100980068806820F0180093
:1051B0000099096888600BE000988168C268FFF771
:1051C00059FF20B1FFE701208DF807002AE0FFE733
:1051D0000098407930B9FFE7009801684FF0FF3040
:1051E000086104E00098016800690861FFE7009821
:1051F0000068806820F06000009A116852691043CE
:10520000886000980068806820F08000009A11682B
:1052100092691043886000990120487700208DF83A
:105220000700FFE79DF8070002B080BD82B0019043
:105230000198006843F20001C4F20201884210D1D3
:10524000FFE7FFE741F24800C4F20200016841F4C1
:1052500080510160006800F4805000900098FFE7E2
:10526000FFE702B07047000080B58AB00890079150
:10527000069200208DF81700089818B1FFE70798EC
:1052800020B9FFE701208DF82700B5E10798C06934
:10529000012801D1FFE7FFE707988068042801D1C2
:1052A000FFE706E007984069022801D1FFE7FFE722
:1052B000FFE7FFE708984079012804D1FFE70220C3
:1052C0008DF8270098E1089901204871FFE7FFE772
:1052D00008990220087107988068042878D1FFE7B0
:1052E00002F006F90290069848BBFFE7FFE708982E
:1052F0000068406B000400281BD5FFE702F0F8F8B7
:105300000299401A022813D3FFE708980068406BFF
:10531000000400280BD5FFE70899086940F0080051
:1053200008610899032008718DF8270064E1FFE700
:10533000DDE70798406A08990968086426E0FFE7F6
:1053400008980068406BC00FD0B1FFE702F0D0F8BA
:105350000299401A022812D3FFE708980068406BB0
:10536000C00F58B1FFE70899086940F008000861CC
:105370000899032008718DF827003DE1FFE7DFE77A
:105380000798406A089909684864FFE70898006828
:10539000806C069901F0100240F2FF319140884381
:1053A0000799896A914008430899096888640898B0
:1053B0000068C06C069901F01002FF2191408843FB
:1053C0000799C96A9140084308990968C864FFE7CA
:1053D0000798C06901281ED1FFE708980068806B14
:1053E0000490069800F010011F2000FA01F10498C3
:1053F000884304900798006A03900398069901F087
:10540000100100FA01F104980843049004980899E7
:1054100009688863FFE708980068C06B04900698E5
:1054200000F01001072000FA01F10498884304906D
:1054300007988069012803D1FFE70020009013E05E
:1054400007988069022803D1FFE7012000900AE055
:105450000798406918B9FFE70120009002E000209A
:105460000090FFE7FFE7FFE707998868496908436D
:10547000009908430390069800F010014FF48070E3
:1054800000FA01F104988843049007980279039880
:1054900040F48071012A08BF08460390069800F086
:1054A00010014FF4007000FA01F104988843049051
:1054B00007984279039840F40071012A08BF084612
:1054C0000390049820F44040049007980068022854
:1054D00020D1FFE704F036FB0190019846F6010168
:1054E000C0F68911884205D3FFE7049840F40040D4
:1054F00004900EE001984BF20141C0F2C441884291
:1055000005D3FFE7049840F48040049000E0FFE7F3
:10551000FFE705E007980168049808430490FFE757
:105520000398069901F0100100FA01F1049808436C
:105530000490049808990968C863069800F010015F
:105540004FF4804000FA01F208980168086890431F
:1055500008600898006800680490069800F0100140
:1055600040F6FE7000FA01F1049888430490079811
:10557000C06803900398069901F0100100FA01F148
:1055800004980843049004980899096808600698EC
:1055900000F01001C02000FA01F2089801680868C4
:1055A000904308600798C068C0F383000390079891
:1055B000006900F03C01039840EA811003900898CC
:1055C0000068006E069901F0100240F60F719140DC
:1055D0008843039991400843089909680866089927
:1055E00001200871FFE7089900204871FFE79DF846
:1055F00017008DF82700FFE79DF827000AB080BD4F
:1056000080B582B00090009820B9FFE701208DF8A6
:10561000070016E00098007938B9FFE700990020EC
:105620004871009800F012F8FFE700990220087115
:10563000009900200861009A012111718DF807007E
:10564000FFE79DF8070002B080BD000082B0019026
:105650000198006841F20001C5F20001884210D1B2
:10566000FFE7FFE741F24C00C4F20200016841F499
:1056700080210160006800F4802000900098FFE71E
:10568000FFE702B07047000083B0019000910198DD
:1056900090F82500012836D1FFE7FFE7019890F840
:1056A0002400012804D1FFE702208DF80B002EE032
:1056B0000199012081F82400FFE7FFE70198806C41
:1056C0000068C0B2009AD3680021CFF6F87101EBF0
:1056D000C341D2F800C0536841EA0C611943137A00
:1056E00041EA0341527A41EA422108430199896C17
:1056F0000860FFE70199002081F82400FFE70020FF
:105700008DF80B0003E001208DF80B00FFE79DF8FA
:105710000B0003B07047000080B582B00190019883
:10572000C06C00680199096D084218D0FFE7019824
:10573000816C086820F4807008600198C16C006D6D
:1057400048600199C86B40F40070C8630198406BD1
:1057500020B1FFE70198416B8847FFE7FFE7019819
:10576000406D08B3FFE70198806D00680199C96D2D
:10577000084218D0FFE70198416D086820F4807056
:1057800008600198816DC06D48600199C86B40F454
:105790008060C8630198406B20B1FFE70198416BBE
:1057A0008847FFE7FFE7FFE702B080BD82B00190C6
:1057B00000208DF80300019890F82500022807D0FA
:1057C000FFE701990420C86301208DF803002DE054
:1057D00001980168086820F00E0008600198816C4B
:1057E000086820F48070086001980168086820F05B
:1057F000010008600198016C406C00F01F0201205C
:10580000904048600198C16C006D48600198406DFF
:1058100058B1FFE70198416D086820F48070086076
:105820000198816DC06D4860FFE7FFE70199012095
:1058300081F82500FFE70199002081F82400FFE7A7
:105840009DF8030002B0704780B582B0019000203F
:105850008DF80300019890F82500022811D0FFE789
:1058600001990420C8630199012081F82500FFE710
:105870000199002081F82400FFE701208DF8030042
:105880003FE001980168086820F00E000860019868
:105890000168086820F0010008600198816C0868C0
:1058A00020F4807008600198016C406C00F01F02C9
:1058B0000120904048600198C16C006D48600198DB
:1058C000406D58B1FFE70198416D086820F4807081
:1058D00008600198816DC06D4860FFE70199012063
:1058E00081F82500FFE70199002081F82400FFE7F7
:1058F0000198806B20B1FFE70198816B8847FFE733
:10590000FFE79DF8030002B080BD000080B584B0C1
:1059100003900398006C0068029003980068006888
:10592000019002980399496C01F01F01C84040079B
:10593000002825D5FFE79DF80400400700281FD563
:10594000FFE70398006800688006002807D4FFE797
:1059500003980168086820F004000860FFE70398D6
:10596000016C406C00F01F020420904048600398D6
:10597000006B20B1FFE70398016B8847FFE76EE0FB
:1059800002980399496C01F01F01C8408007002864
:105990002FD5FFE79DF804008007002829D5FFE7F1
:1059A000039800680068800600280BD4FFE703987E
:1059B0000168086820F00A0008600399012081F856
:1059C0002500FFE70398016C406C00F01F020220E5
:1059D00090404860FFE70399002081F82400FFE72A
:1059E0000398C06A20B1FFE70398C16A8847FFE7C0
:1059F00034E002980399496C01F01F01C840000788
:105A0000002829D5FFE79DF804000007002823D5CA
:105A1000FFE703980168086820F00E00086003980B
:105A2000026C406C00F01F01012000FA01F151608E
:105A30000399C863039981F82500FFE703990020C3
:105A400081F82400FFE70398406B20B1FFE703983B
:105A5000416B8847FFE700E0FFE7FFE7FFE704B09F
:105A600080BD000080B584B00290029820B9FFE7A5
:105A700001208DF80F009CE00298006840F2074179
:105A8000C4F20201884218D8FFE7029908684FF66D
:105A9000F872CBF6FD7210444CF6CD42CCF6CC42F7
:105AA000A0FB02026FF0030000EA92004864029932
:105AB0000020C4F20200086418E0029908684FF65A
:105AC000F832CBF6FD7210444CF6CD42CCF6CC4207
:105AD000A0FB02026FF0030000EA92004864029902
:105AE00040F20040C4F202000864FFE7029902207D
:105AF00081F825000298006800680190019847F637
:105B0000F0718843019002998868D1F80CC00B6944
:105B10004A6940EA0C00184310438A691043CA6975
:105B20001043096A014301980843019001980299C2
:105B3000096808600298FCF731FC02988068B0F5AB
:105B4000804F04D1FFE7029900204860FFE70299E7
:105B50000879896C08600298C16C006D48600298F1
:105B6000406888B1FFE70298406804280CD8FFE736
:105B70000298FCF74DFC0298416D002008600298E5
:105B8000816DC06D486007E0029900204865029968
:105B900088650299C865FFE702990020C863029AE8
:105BA000012182F82510029981F824008DF80F0058
:105BB000FFE79DF80F0004B080BD000080B586B0FF
:105BC000049003910292019300208DF80300FFE7F7
:105BD000049890F82400012804D1FFE702208DF8F2
:105BE000170065E00499012081F82400FFE7FFE732
:105BF000049890F8250001284BD1FFE70499022072
:105C000081F8250004990020C86304980168086899
:105C100020F00100086004980399029A019BFCF7A8
:105C200015FC0498006B38B1FFE704980168086818
:105C300040F00E0008600CE004980168086820F04D
:105C40000400086004980168086840F00A000860D1
:105C5000FFE70498806C0068C003002807D5FFE7C1
:105C60000498816C086840F480700860FFE704982D
:105C7000406D38B1FFE70498416D086840F48070CA
:105C80000860FFE704980168086840F001000860B8
:105C900009E0FFE70499002081F82400FFE70220D3
:105CA0008DF80300FFE79DF803008DF81700FFE76C
:105CB0009DF8170006B080BD80B584B0039001F058
:105CC00017FC0290039801900198013048B1FFE75A
:105CD00040F24840C2F20000016801980844019077
:105CE000FFE7FFE701F004FC0299401A019988429E
:105CF00001D2FFE7F6E704B080BD000086B0049053
:105D000003910292049890F85C008DF80700BDF8AA
:105D10000C0010F4C07F01D0FFE7FFE79DF80700FB
:105D2000012806D0FFE79DF80700022840F0DE803A
:105D3000FFE704980068806D00909DF80C00400714
:105D400030B1FFE79DF80000C007002847D0FFE70B
:105D50009DF80C0010F0380F06D0FFE79DF800000A
:105D6000800700283BD5FFE7BDF80C0010F4E07F6A
:105D700006D0FFE79DF80000400700282FD5FFE779
:105D80009DF80D0010F01E0F06D0FFE79DF80000F3
:105D90000007002823D5FFE79DF80D0010F0E00F65
:105DA00006D0FFE79DF80000C006002817D5FFE7E2
:105DB0009DF80E00800730B1FFE79DF800008006D7
:105DC00000280CD5FFE79DF80E0010F0FC0F0DD059
:105DD000FFE79DF800004006002807D4FFE704987D
:105DE0000168C86D40F00100C865FFE79DF80C0030
:105DF000400730B1FFE79DF80000C007002847D1F9
:105E0000FFE79DF80C0010F0380F06D0FFE79DF873
:105E10000000800700283BD4FFE7BDF80C0010F419
:105E2000E07F06D0FFE79DF80000400700282FD450
:105E3000FFE79DF80D0010F01E0F06D0FFE79DF85C
:105E400000000007002823D4FFE79DF80D0010F0A4
:105E5000E00F06D0FFE79DF80000C006002817D429
:105E6000FFE79DF80E00800730B1FFE79DF80000C6
:105E7000800600280CD4FFE79DF80E0010F0FC0F00
:105E80000DD0FFE79DF800004006002807D5FFE78A
:105E900004980168C86D40F00200C865FFE79DF8EE
:105EA0000C000006002809D5FFE7029A0498016853
:105EB000D1F8DC001043C1F8DC00FFE79DF80D00CD
:105EC000C00748B1FFE7029A04980168D1F8E000E2
:105ED0001043C1F8E000FFE7039A04980168486D99
:105EE0001043486500208DF8170008E00499086EFB
:105EF00040F00200086601208DF81700FFE79DF8CA
:105F0000170006B07047000080B586B0049003917A
:105F100002920398406808B9FFE700E0FFE70498A1
:105F200090F85C0002282FD1FFE704980068D0F8B1
:105F3000C4008002002809D5FFE70499086E40F4E8
:105F40000070086601208DF8170026E004980068AC
:105F5000D0F8C400C0F30140019004980399029A5C
:105F6000019BFCF7BDFF0199012000FA01F1049AA1
:105F70001268C2F8CC100199884004998865FFE73F
:105F800000208DF8170008E00499086E40F0080022
:105F9000086601208DF81700FFE79DF8170006B08E
:105FA00080BD000087B005900491059890F85C00D2
:105FB0008DF803009DF80300012805D0FFE79DF848
:105FC000030002283CD1FFE704980068B8B9FFE756
:105FD00004998868CB680A694969800740EAC36008
:105FE00040EA0240084303900598006C0499496810
:105FF00000EB810001900398019908601CE004986F
:10600000C168006940EA4170039004988168406962
:1060100040EA817002900598406C0499496800EB51
:10602000C100019003980199086001980430019023
:10603000029801990860FFE700208DF81B0008E036
:106040000599086E40F00200086601208DF81B00DB
:10605000FFE79DF81B0007B07047000085B0DDF832
:1060600014C00390029101920093039890F85C0091
:10607000012819D1FFE703980068D0F8800020F0CC
:106080003F0002990901019A41EA8201009A41EA1E
:106090004201059A1143084303990968C1F8800039
:1060A00000208DF8130008E00399086E40F004000A
:1060B000086601208DF81300FFE79DF8130005B076
:1060C0007047000081B0009001B0704782B001902D
:1060D000009102B0704700008AB0089007910692C4
:1060E000059300200190089890F85C008DF803005B
:1060F0009DF80300022840F0FA80FFE70798402847
:106100003ED1FFE708980068D0F89000000748B932
:10611000FFE70899086E40F48070086601208DF84A
:106120002700EDE008980068D0F8900000F080713A
:106130000120B0EB116F0FD1FFE708980068D0F88D
:10614000800000F400710120B0EB512F03D1FFE774
:1061500001200190FFE7FFE708980068D0F8900061
:1061600000F44071019800EB112001900898806CB8
:10617000019901EBC10100EBC1000490FFE73DE094
:1061800008980068D0F89800000748B9FFE7089918
:10619000086E40F48070086601208DF82700AFE09B
:1061A00008980068D0F8980000F080710120B0EBEA
:1061B000116F0FD1FFE708980068D0F8800000F455
:1061C00080710120B0EB112F03D1FFE70120019076
:1061D000FFE7FFE708980068D0F8980000F44071E6
:1061E000019800EB112001900898C06C019901EB17
:1061F000C10100EBC1000490FFE7FFE704980068CD
:1062000000F08040069948600698406838B9FFE77A
:1062100004980068C0F38A400699086006E0049874
:10622000006820F0604006990860FFE70498006865
:1062300000F00050069988600498006800F0004063
:10624000069908610498043004900498008806991F
:10625000C86104980068C0F303400699C8600498B8
:10626000006800F48010069948610498006800F402
:1062700000100699886104980068C0F306600699CA
:10628000086204980068C00F0699486204980430B8
:1062900004900498039000200290FFE7029806996A
:1062A000CA684CF28C41C0F60101895C88420AD26E
:1062B000FFE70398029A805C05998854FFE70298EB
:1062C00001300290EAE70798402806D1FFE70198DD
:1062D00008990968C1F8940005E0019808990968CF
:1062E000C1F89C00FFE700208DF8270008E008991E
:1062F000086E40F00800086601208DF82700FFE7CF
:106300009DF827000AB0704781B0009001B0704737
:1063100080B58AB0099009980068006D00F4E050DB
:10632000089009980068416D0898084008900998FD
:106330000068006D00F00700079009980068416D43
:1063400007980840079009980068006D00F0380031
:10635000069009980068416D0698084006900998D3
:106360000068006D00F47100059009980068416DA7
:1063700005980840059009980068006D00F46020B9
:10638000049009980068416D0498084004900998A9
:106390000068406D019009980068006D00909DF8BC
:1063A000000000F040010020B0EB911F12D0FFE789
:1063B0009DF8040000F040010020B0EB911F08D0D0
:1063C000FFE709980168402008650998FFF79CFFDE
:1063D000FFE7FFE79DF80100C007E0B1FFE79DF888
:1063E0000500C007B0B1FFE709980068D0F8D800F1
:1063F000029009980068D0F8E010029808400290D6
:10640000099801684FF4807008650998029900F0B6
:10641000C9FCFFE7FFE7089848B1FFE7089809992A
:10642000096808650998089900F0C8FCFFE7079813
:1064300048B1FFE70798099909680865099807991D
:1064400000F06CFBFFE7069848B1FFE70698099952
:10645000096808650998069900F070FCFFE79DF847
:10646000010000F002010020B0EB510F13D0FFE754
:106470009DF8050000F002010020B0EB510F09D09B
:10648000FFE7099801684FF400700865099800F06B
:106490009BFCFFE7FFE79DF800100020B0EBD11F49
:1064A0001DD0FFE79DF804100020B0EBD11F15D0E0
:1064B000FFE709980068D0F8D400039009980068B5
:1064C000D0F8DC10039808400390099801688020F8
:1064D00008650998039900F06BFCFFE7FFE79DF85A
:1064E000010000F020010020B0EB511F13D0FFE7A6
:1064F0009DF8050000F020010020B0EB511F09D0ED
:10650000FFE7099801684FF400500865099800F00A
:1065100045FCFFE7FFE79DF801100020B0EBD11F1D
:1065200011D0FFE79DF805100020B0EBD11F09D076
:10653000FFE7099801684FF400400865099800F0EA
:1065400029FCFFE7FFE79DF8010000F04001002073
:10655000B0EB911F15D0FFE79DF8050000F040015A
:106560000020B0EB911F0BD0FFE7099801684FF4B2
:10657000804008650999086E40F080000866FFE7D2
:10658000FFE7049848B1FFE704980999096808658E
:1065900009980499FFF79AFDFFE7059850B1FFE7C6
:1065A0000598099909680865059A0999086E1043C4
:1065B0000866FFE70998006E20B1FFE70998FFF72A
:1065C00081FDFFE70AB080BD80B584B002900298DB
:1065D00020B9FFE701208DF80F0057E1029800680D
:1065E00046F20041C4F20001884201D1FFE7FFE713
:1065F00002988068B0F5407F01D1FFE7FFE702987D
:1066000090F85C0040B9FFE70299002081F85D0036
:10661000029800F03FF9FFE702980168886920F0CE
:106620001000886100F064FF0190FFE702980068A5
:1066300080690007002815D5FFE700F059FF019990
:10664000401A0B280DD3FFE70299086E40F00100B5
:1066500008660299032081F85C0001208DF80F0084
:1066600014E1E3E702980168886940F0010088615D
:1066700000F03EFF0190FFE7029800688069C007C4
:10668000A8B9FFE700F034FF0199401A0B280DD399
:10669000FFE70299086E40F00100086602990320A6
:1066A00081F85C0001208DF80F00EFE0E4E702982C
:1066B0000168886940F0020088610298006846F22B
:1066C0000041C4F20001884208D1FFE70298406807
:1066D00046F20051C4F200010860FFE70298007C16
:1066E000012807D1FFE702980168886920F040007F
:1066F000886106E002980168886940F0400088617E
:10670000FFE70298407C012807D1FFE70298016863
:10671000886940F48040886106E0029801688869D1
:1067200020F480408861FFE70298807C012807D12F
:10673000FFE702980168886920F48050886106E0CC
:1067400002980168886940F480508861FFE70298E8
:106750000068806920F44070029A116892681043C2
:10676000886102980168886920F0A4008861029815
:106770000168086920F0100008610298C0680128CB
:1067800007D1FFE702980168886940F0040088613A
:106790002BE00298C06830B3FFE70298C068022877
:1067A00019D0FFE702980168886940F0800088618D
:1067B00002980168086940F0100008610298C068FA
:1067C000032807D1FFE702980168886940F020009C
:1067D0008861FFE706E002980168886940F02000C0
:1067E0008861FFE700E0FFE7FFE7029A116853695D
:1067F0009069D2F81CE0A0F1010C6FF0FF0000EBF3
:106800000E2040EA4C60126A013A10430022CFF693
:10681000FF7202EB03421043C86102988068B0F532
:10682000407F1CD1FFE7029A1168536A906AD2F840
:106830002CE001386FF0FF0C0CEB0E2C40EA0C0042
:10684000D2F830C06FF00F0202EB0C12104300229E
:10685000CFF6FF7202EB03421043C860FFE70298D5
:106860000168C26BD1F8C0001043C1F8C0000298A3
:10687000FCF7CAFA02990020886502990866029A14
:10688000012182F85C108DF80F00FFE79DF80F00E2
:1068900004B080BD80B5AEB02D9000202C902B9020
:1068A0002A902990289013A85421F9F7FBFC2D98E1
:1068B000006846F20041C4F2000188425ED1FFE761
:1068C0004FF4805013904FF00070219013A802F005
:1068D000E9FC18B1FFE7FCF75FFAFFE744F6A830E0
:1068E000C2F200000168013101600068012810D186
:1068F000FFE7FFE741F25800C4F20200016841F0EF
:1069000000710160006800F0007012901298FFE7BB
:10691000FFE7FFE741F24C00C4F20200016841F0DA
:1069200002010160006800F0020011901198FFE779
:106930004FF4407028900220299000200B902A905C
:106940002B9009202C9040F20040C4F6000028A9AA
:1069500000F0ECFB0B9A1520099005210A9101F03B
:106960000DF8099801F000F80A990B9A16200C907E
:1069700001F004F80C9800F0F7FFCDE02D980068C6
:1069800046F60001C4F2000188425DD1FFE74FF4F2
:10699000805013904FF00070219013A802F082FCF9
:1069A00018B1FFE7FCF7F8F9FFE744F6A830C2F2A8
:1069B00000000168013101600068012810D1FFE783
:1069C000FFE741F25800C4F20200016841F0007193
:1069D0000160006800F0007010901098FFE7FFE77A
:1069E000FFE741F24C00C4F20200016841F00201ED
:1069F0000160006800F002000F900F98FFE7602030
:106A0000289002202990002007902A902B9009209E
:106A10002C9040F20040C4F6000028A900F086FB4C
:106A2000079A562005900521069100F0A7FF0598CA
:106A300000F09AFF0699079A5720089000F09EFFF1
:106A4000089800F091FF66E02D98006846F6004136
:106A5000C4F2000188425DD1FFE74FF480501390EB
:106A60004FF00070219013A802F01CFC18B1FFE752
:106A7000FCF792F9FFE744F6A830C2F20000016883
:106A8000013101600068012810D1FFE7FFE741F202
:106A90005800C4F20200016841F000710160006812
:106AA00000F000700E900E98FFE7FFE7FFE741F25D
:106AB0004C00C4F20200016841F00201016000686C
:106AC00000F002000D900D98FFE71820289002209A
:106AD0002990002003902A902B900B202C9040F2BC
:106AE0000040C4F6000028A900F020FB039A5820BB
:106AF00001900521029100F041FF019800F034FF60
:106B00000299039A5920049000F038FF049800F08D
:106B10002BFFFFE7FFE7FFE72EB080BD80B58CB00D
:106B20000B900A910B9840F21853C2F200034021D7
:106B30006A46FFF7D1FA0B9847F20C61C2F20001E6
:106B4000884207D1FFE740F21251C2F20001002053
:106B50000880FFE70B9847F27061C2F2000188429B
:106B600007D1FFE740F21451C2F200010020088073
:106B7000FFE70B9847F2D461C2F20001884207D1C7
:106B8000FFE740F21651C2F2000100200880FFE743
:106B9000009840F22051C2F2000108800B9847F2A1
:106BA0007061C2F20001884217D1FFE740F2205025
:106BB000C2F20000008840F2052188420DD1FFE7B3
:106BC00044F63060C2F2000000F5827140F21850C5
:106BD000C2F200000AF09EFEAEE00B9847F2D461CC
:106BE000C2F20001884217D1FFE740F22050C2F202
:106BF0000000008840F2062188420DD1FFE744F6EC
:106C00003060C2F2000000F1D00140F21850C2F230
:106C100000000AF07FFE8EE00B9847F2D461C2F2CA
:106C20000001884216D1FFE740F22050C2F2000076
:106C30000088B0F5017F0DD1FFE744F63060C2F265
:106C4000000000F5D07140F21850C2F200000AF0C6
:106C500061FE6FE00B9847F20C61C2F200018842BE
:106C600017D1FFE740F22050C2F20000008840F246
:106C7000022188420DD1FFE744F63060C2F20000E5
:106C800000F59C7140F21850C2F200000AF042FE7A
:106C90004FE00B9847F20C61C2F20001884217D115
:106CA000FFE740F22050C2F20000008840F20121CC
:106CB00088420DD1FFE744F63060C2F2000000F5D3
:106CC000B67140F21850C2F200000AF023FE2FE025
:106CD0000B9847F2D461C2F2000188420FD1FFE75E
:106CE00040F22050C2F200000088532807D1FFE78D
:106CF00040F21850C2F20000FCF774FC17E00B9849
:106D000047F2D461C2F2000188420FD1FFE740F29E
:106D10002050C2F200000088542807D1FFE740F25B
:106D20001850C2F20000FCF7ADFCFFE7FFE7FFE7F9
:106D3000FFE7FFE7FFE7FFE70CB080BD82B00190FF
:106D4000009102B07047000082B00090009890F867
:106D50005C00012810D1FFE70099022081F85C0057
:106D600000980168886920F001008861009900207E
:106D700008668DF8070008E00099086E40F00400EE
:106D8000086601208DF80700FFE79DF8070002B0B4
:106D90007047000081B0009001B0704781B0009052
:106DA00001B0704782B00190009102B070470000BE
:106DB00082B00190009102B07047000082B0019053
:106DC000009102B07047000081B0009001B07047A0
:106DD00080B586B004900391FFE740F22840C2F2EC
:106DE00000000078012804D1FFE702208DF8170089
:106DF000BDE040F22841C2F2000101200870FFE727
:106E0000FFE74FF47A70FCF725FA8DF80B009DF838
:106E10000B00002840F09E80FFE740F22841C2F2BC
:106E200000010020486042F20000C4F20200006845
:106E30008005002820D5FFE742F20000C4F20200DE
:106E40000068400500280FD5FFE742F20001C4F2B8
:106E50000201086820F48060086040F22841C2F214
:106E600000010320087706E040F22841C2F2000149
:106E700001200877FFE71FE042F20000C4F20200A1
:106E80000068400500280FD5FFE742F20001C4F278
:106E90000201086820F48060086040F22841C2F2D4
:106EA00000010220087706E040F22841C2F200010A
:106EB00000200877FFE7FFE704980068012814D155
:106EC000FFE704984068FCF7F5F84FF47A70FCF798
:106ED000C1F98DF80B0042F21401C4F202010868F6
:106EE00048F204029043086031E003994FF0FF300C
:106EF0000860049880680190FFE70198049A9168FF
:106F0000D2681144884221D2FFE701980499496868
:106F1000FCF70EF94FF47A70FCF79CF98DF80B0032
:106F200042F21401C4F20201086840F2FA329043BE
:106F300008609DF80B0020B1FFE7019803990860F5
:106F400004E0FFE7019801300190D6E7FFE7FCF786
:106F500057F8FFE7FFE740F22841C2F200010020A6
:106F60000870FFE79DF80B008DF81700FFE79DF80C
:106F7000170006B080BD000081B001208DF803002D
:106F800042F21400C4F20200016841F000410160C5
:106F90000068C00F20B1FFE700208DF80300FFE775
:106FA0009DF8030001B0704780B588B00690059148
:106FB0000393029200200090FFE740F22840C2F2C3
:106FC00000000078012804D1FFE702208DF81F009F
:106FD0007BE040F22841C2F2000101200870FFE787
:106FE000FFE74FF47A70FCF735F98DF807009DF84C
:106FF000070000285CD1FFE740F22841C2F20001FF
:107000000020486042F20000C4F20200006840051F
:1070100000280FD5FFE742F20001C4F20201086820
:1070200020F48060086040F22841C2F20001022092
:10703000087706E040F22841C2F2000100200877FC
:10704000FFE7069840B9FFE70598029A039BFCF713
:10705000B3F80120009016E00698012804D0FFE75D
:10706000069802280DD1FFE705980299FCF7BAF8B7
:107070000698022804D1FFE74FF480200090FFE734
:1070800000E0FFE7FFE74FF47A70FCF7E3F88DF8D4
:107090000700009848B1FFE7009A42F21401C4F2D9
:1070A0000201086890430860FFE7FBF7A9FFFFE7CC
:1070B000FFE740F22841C2F2000100200870FFE71C
:1070C0009DF807008DF81F00FFE79DF81F0008B02E
:1070D00080BD000081B000208DF8030042F2140052
:1070E000C4F202000068C00FD8B1FFE742F2080105
:1070F000C4F2020140F22310C4F26750086048F65F
:10710000AB10CCF6EF50086042F21400C4F202005B
:107110000068C00F20B1FFE701208DF80300FFE7F2
:10712000FFE79DF8030001B0704700008BB00A90A4
:10713000099100200890FFE7099800680899C84065
:10714000002800F0A581FFE709980068089A01214E
:107150009140084007900798002800F09581FFE7CC
:107160000998406800F00300012807D0FFE709985C
:10717000406800F0030002282FD1FFE70A988068DA
:10718000069008984100032000FA01F10698884310
:1071900006900998C0680899490000FA01F106981C
:1071A0000843069006980A9988600A9840680690F5
:1071B0000899012000FA01F1069888430690099881
:1071C0004068C0F30010089900FA01F106980843DE
:1071D000069006980A994860FFE70998406800F011
:1071E0000300032818D0FFE70A98C06806900898A3
:1071F0004100032000FA01F106988843069009989F
:1072000080680899490000FA01F106980843069041
:1072100006980A99C860FFE70998406800F00300E3
:10722000022826D1FFE70A9808996FF0030202EAC4
:1072300051010844006A0690089800F00700810098
:107240000F2000FA01F1069888430690099800691A
:10725000089901F00701890000FA01F10698084336
:10726000069006980A99089B02EA530211440862A4
:10727000FFE70A980068069008984100032000FA8A
:1072800001F10698884306900998406800F00300D1
:107290000899490000FA01F10698084306900698FB
:1072A0000A990860099880798007002800F0EB802F
:1072B000FFE7FFE741F26000C4F20200016841F01D
:1072C00001010160006800F0010005900598FFE7EA
:1072D000089820F003000821C4F2010140580690EC
:1072E000089800F0030081000F2000FA01F10698D1
:1072F000884306900A98B0F1904F03D1FFE7002031
:10730000049042E00A9840F20041C4F6000188422D
:1073100003D1FFE70120039034E00A9840F6000112
:10732000C4F60001884203D1FFE70220029026E064
:107330000A9840F60041C4F60001884203D1FFE7F5
:107340000320019018E00A9841F20001C4F6000100
:10735000884203D1FFE7042000900AE00A9941F235
:107360000042C4F600020620914208BF05200090AA
:10737000FFE700980190FFE701980290FFE702986D
:107380000390FFE703980490FFE70498089901F041
:107390000301890000FA01F1069808430690069857
:1073A000089921F003010822C4F20102885040F23A
:1073B0000840C4F2010000680690079906988843C7
:1073C000069009988079C006002805D5FFE707993F
:1073D000069808430690FFE7069840F20841C4F279
:1073E0000101086040F20C40C4F201000068069000
:1073F00007990698884306900998807980060028A6
:1074000005D5FFE70799069808430690FFE7069819
:1074100040F20C41C4F20101086040F20440C4F2A1
:10742000010000680690079906988843069009981D
:1074300080798007002805D5FFE70799069808435B
:107440000690FFE7069840F20441C4F2010108608B
:1074500040F20040C4F201000068069007990698C7
:107460008843069009988079C00728B1FFE70799FB
:10747000069808430690FFE7069840F20041C4F2E0
:1074800001010860FFE7FFE708980130089053E624
:107490000BB0704782B00190ADF8021001980069FE
:1074A000BDF80210084204D0FFE701208DF801006A
:1074B00003E000208DF80100FFE79DF8010002B015
:1074C0007047000082B00190ADF802108DF80120E5
:1074D0009DF8010028B1FFE7BDF80200019988611D
:1074E00004E0BDF8020001998862FFE702B070472E
:1074F00040F29C00C2F201000068704783B0019026
:107500000091019890F8410020283BD1FFE7FFE768
:10751000019890F84000012804D1FFE702208DF87F
:107520000B0033E00199012081F84000FFE7FFE7FD
:107530000199242081F8410001980168086820F031
:107540000100086001980168086820F48050086014
:10755000009A019801680868104308600198016862
:10756000086840F0010008600199202081F841007E
:10757000FFE70199002081F84000FFE700208DF827
:107580000B0003E002208DF80B00FFE79DF80B00D5
:1075900003B0704784B002900191029890F84100C6
:1075A000202840D1FFE7FFE7029890F8400001282B
:1075B00004D1FFE702208DF80F0038E00299012086
:1075C00081F84000FFE7FFE70299242081F841009D
:1075D00002980168086820F00100086002980068BD
:1075E00000680090009820F4706000900199009865
:1075F00040EA01200090009802990968086002980A
:107600000168086840F0010008600299202081F8B4
:107610004100FFE70299002081F84000FFE70020C9
:107620008DF80F0003E002208DF80F00FFE79DF8B2
:107630000F0004B07047000080B582B00090009841
:1076400020B9FFE701208DF807007BE0009890F853
:10765000410040B9FFE70099002081F84000009800
:1076600000F074F8FFE70099242081F841000098A9
:107670000168086820F0010008600098016840680F
:1076800020F07060086100980168886820F400406C
:1076900088600098C068012807D1FFE7009801685A
:1076A000806840F40040886006E0009801688068C7
:1076B00040F404408860FFE70098C068022807D1C2
:1076C000FFE700980168486840F40060486006E001
:1076D00000980168486820F400604860FFE700985F
:1076E0000168486848F20002C0F200221043486076
:1076F00000980168C86820F40040C860009A1168CA
:10770000106953699269184340EA0220C860009AE0
:107710001168D069126A104308600098016808680F
:1077200040F001000860009900204864009A202180
:1077300082F8411000990863009981F842008DF8A1
:107740000700FFE79DF8070002B080BD80B59EB03E
:107750001D9000201C901B901A901990189003A85F
:107760005421F8F79FFD1D98006845F60001C4F20A
:10777000000188423BD1FFE78020039000200B905E
:1077800003A801F08FFD18B1FFE7FBF705FBFFE74A
:10779000FFE741F24C00C4F20200016841F0010130
:1077A0000160006800F0010002900298FFE74FF4CA
:1077B000407018901220199001201A9002201B90FE
:1077C00004201C904FF0904018A9FFF7AFFCFFE792
:1077D00041F25800C4F20200016841F480010160E6
:1077E000006800F4800001900198FFE7FFE71EB0F9
:1077F00080BD000040F24840C2F20000026840F242
:107800009C01C2F201010868104408607047000042
:1078100080B582B000208DF80700032000F0C6F884
:107820000F2000F00DF820B1FFE701208DF80700D0
:1078300002E000F06FF8FFE79DF8070002B080BD9E
:1078400080B58CB00B90002005900490FFE741F2CA
:107850006000C4F20200016841F480110160006818
:1078600000F4801001900198FFE706A803A902F038
:107870003FF902F081F9059005984DF68361C4F255
:107880001B31A0FB01014FF0FF3000EB9140049051
:1078900047F60440C2F2000045F20001C4F20101C3
:1078A000016040F2E731C16004994160002101614B
:1078B000816003F009FB8DF80B009DF80B0028BBDD
:1078C000FFE747F60440C2F2000003F03BFC8DF8EE
:1078D0000B009DF80B00C0B9FFE74E2000F044F804
:1078E0000B980F280CD8FFE70B994E20002200F0D0
:1078F00045F80B9840F24C41C2F20001086003E0E9
:1079000001208DF80B00FFE7FFE7FFE79DF80B0074
:107910000CB080BD80B582B0FFE741F26000C4F2D8
:107920000200016841F001010160006800F00100FF
:1079300001900198FFE7FFE741F25800C4F202000E
:10794000016841F080510160006800F080500090B3
:107950000098FFE76FF001000F21002200F00EF801
:1079600001F096FC02B080BD80B582B08DF80700B2
:107970009DF9070011F0F4FC02B080BD80B586B01F
:107980008DF817000491039211F002FD02909DF909
:107990001700019002980499039A0AF04BF80146E7
:1079A000019811F0FDFC06B080BD000080B582B0EA
:1079B0000190019811F016FD02B080BD80B586B02F
:1079C000049000208DF80F00049820B9FFE70120F3
:1079D0008DF81700E9E0049890F83A00052804D1E2
:1079E000FFE701208DF81700DFE0049890F83A00D7
:1079F000022804D1FFE701208DF81700D5E0049894
:107A0000806808B9FFE7FFE70498806908B1FFE7DD
:107A1000FFE704988068402801D1FFE7FFE704985A
:107A2000C06A102801D1FFE7FFE7FFE741F26000DD
:107A3000C4F20200016841F001010160006800F039
:107A4000010002900298FFE7049890F83A0028B9E4
:107A5000FFE70499002081F83900FFE7049800F05F
:107A6000A9F804988068402805D0FFE7049880684A
:107A7000602838D1FFE704980068006820F0100003
:107A8000049A1168D26A104308600498006800687C
:107A900043F61161CEF200010840049B019319687E
:107AA0005A68D3F808E0D3F810C042EA0E0242EA5E
:107AB0000C0293F814E042F4807CBEF1010F08BF81
:107AC0006246D3F824C042EA0C02D3F828C042EA46
:107AD0000C02D3F830C042EACC425B6B42EA03624C
:107AE000104308603BE004980068006820F0100034
:107AF000049A1168D26A104308600498006800680C
:107B000043F61161CEF200010840049B009319680E
:107B10005A68D3F808E0D3F80CC042EA0E0242EAF1
:107B20000C02D3F810C042EA0C0293F814E042F4BD
:107B3000807CBEF1010F08BF6246D3F824C042EA40
:107B40000C02D3F828C042EA0C02D3F830C042EA53
:107B5000CC425B6B42EA036210430860FFE7049883
:107B600000688069C00F88B9FFE7049800688069E1
:107B700020F03F00049B19689A69D3F81CC01B6A67
:107B800042EA0C021A4310438861FFE7049890F818
:107B90003A0028B9FFE70499012081F83A00FFE78D
:107BA0009DF80F008DF81700FFE79DF8170006B04D
:107BB00080BD000080B588B0079000200690059039
:107BC0000490039002900798006840F21431C4F2C8
:107BD000010188421ED1FFE7FFE741F24C00C4F2E9
:107BE0000200016841F002010160006800F002003B
:107BF00001900198FFE74FF400600290032003908A
:107C00000020049040F20040C4F6000002A9FFF7F3
:107C10008DFAFFE708B080BD82B00190019800683E
:107C2000009001990120C1F8D0020199002081F84B
:107C3000C802009AB2F8541041F00101A2F85410A1
:107C4000009AB2F8541041F00201A2F8541002B0A8
:107C50007047000080B584B003908DF80B109DF83C
:107C60000B000146019120B1FFE70198012815D0D2
:107C700027E00398407A58B1FFE70CF081F94EF6FF
:107C80001051CEF20001086820F006000860FFE7FE
:107C90000398D0F8D8020FF099F912E00398D0F8C1
:107CA000D8020FF079FA0398407A48B1FFE74EF610
:107CB0001051CEF20001086840F006000860FFE7AE
:107CC000FFE704B080BD000084B00390ADF80A1057
:107CD000ADF808200193BDF80A00000600280CD575
:107CE000FFE70398BDF80A1001F0070101EB8101DD
:107CF00000EBC100103000900AE00398BDF80A10B4
:107D000001EB810100EBC10000F5A8700090FFE7D6
:107D1000BDF8080038B9FFE7009900200873019802
:107D20000099C8800AE00099012008730198009921
:107D30000881BDF8060000994881FFE7002004B0E3
:107D40007047000080B582B001908DF80310019A51
:107D5000D2F8D8029DF8031001EB810302EBC302B5
:107D6000526A0EF0EBFE02B080BD000080B582B01A
:107D700001908DF80310019AD2F8D8029DF80310F3
:107D800001EB810302EBC302D2F864210EF07CFF09
:107D900002B080BD80B584B002908DF807109DF8C8
:107DA0000700000600280FD5FFE702989DF807108E
:107DB00001F0070101EB810100EBC10010300090E0
:107DC0000099012048700FE002989DF8071001F01B
:107DD000070101EB810100EBC10000F5A8700090E4
:107DE000009900204870FFE79DF8070000F00700A9
:107DF00000990870FFE7029890F89002012804D1DA
:107E0000FFE702208DF80F0014E00299012081F8AD
:107E10009002FFE7FFE702980068009910F018FA57
:107E2000FFE70299002081F89002FFE700208DF81B
:107E30000F00FFE79DF80F0004B080BD80B584B04F
:107E400002908DF807109DF8070000F00F000299CE
:107E50000979884204D9FFE701208DF80F004DE031
:107E60009DF80700000600280FD5FFE702989DF84F
:107E7000071001F0070101EB810100EBC100103098
:107E800000900099012048700FE002989DF80710BB
:107E900001F0070101EB810100EBC10000F5A870C2
:107EA0000090009900204870FFE70099002088703A
:107EB0009DF8070000F0070000990870FFE702989E
:107EC00090F89002012804D1FFE702208DF80F00FE
:107ED00014E00299012081F89002FFE7FFE7029881
:107EE0000068009910F094FBFFE70299002081F8E8
:107EF0009002FFE700208DF80F00FFE79DF80F00CC
:107F000004B080BD80B586B005900491ADF80E2018
:107F1000BDF80E004004002876D5FFE705980068FC
:107F2000B0F850000499097800EBC1000599096880
:107F30000844B0F802046FF39F20ADF80C000498D9
:107F40008069BDF80C10884207D3FFE7BDF80C200C
:107F500004998869801A886103E004990020886187
:107F6000FFE704988069F8B9FFE7FFE70598006824
:107F70000499097830F821004BF68F710840ADF86C
:107F80000A00BDF80A0080F40050ADF80A00BDF800
:107F90000A0048F28001084305990968049A12789A
:107FA00021F82200FFE7FFE7BDF80E004006002899
:107FB0001BD5FFE7FFE7FFE70598006804990978FC
:107FC00030F8210048F68F710840ADF80800BDF880
:107FD000080048F2C001084305990968049A12781C
:107FE00021F82200FFE7FFE7FFE7BDF80C0050B1E2
:107FF000FFE705980068049A51691289BDF80C30B2
:1080000011F0F8F8FFE775E005980068B0F8500047
:108010000499097800EBC100059909680844B0F893
:1080200006046FF39F20ADF80C0004988069BDF83A
:108030000C10884207D3FFE7BDF80C20049988692B
:10804000801A886103E0049900208861FFE70498A2
:108050008069F8B9FFE7FFE7059800680499097897
:1080600030F821004BF68F710840ADF80600BDF8DE
:10807000060080F40050ADF80600BDF8060048F296
:108080008001084305990968049A127821F82200B2
:10809000FFE7FFE7BDF80E00400600281BD4FFE70E
:1080A000FFE7FFE7059800680499097830F8210098
:1080B00048F68F710840ADF80400BDF8040048F29E
:1080C000C001084305990968049A127821F8220032
:1080D000FFE7FFE7FFE7BDF80C0050B1FFE70598A9
:1080E0000068049A51695289BDF80C3011F082F889
:1080F000FFE7FFE7BDF80C0006B080BD80B5AAB071
:1081000028902791ADF89A20BDF89A0040060028E3
:1081100040F1E181FFE728980068B0F85000279906
:10812000097800EBC100289909680844B0F80204F6
:108130006FF39F20ADF8920027988069BDF89210E8
:10814000884207D9FFE7BDF8922027998869801AED
:10815000886103E0279900208861FFE727988069FC
:10816000002840F0D780FFE7FFE72798407808BB5A
:10817000FFE7FFE728980068239028980068B0F888
:10818000501023980844239023982799097800EBEE
:10819000C10000F202402290FFE7229908886FF3A5
:1081A0009F2008802299088840F400400880FFE75B
:1081B000FFE71DE027984078012818D1FFE7FFE787
:1081C00028980068209028980068B0F850102098EF
:1081D0000844209020982799097800EBC10000F20C
:1081E00002401F901F9900200880FFE7FFE7FFE78C
:1081F000FFE7FFE7289800681E902798407808BBA3
:10820000FFE7FFE7289800681C9028980068B0F8FE
:1082100050101C9808441C901C982799097800EB72
:10822000C10000F206401B90FFE71B9908886FF31E
:108230009F2008801B99088840F400400880FFE7D1
:10824000FFE718E027984078012813D1FFE7289826
:108250000068B0F850101E9808441E901E98279988
:10826000097800EBC10000F206401D901D99002026
:108270000880FFE7FFE7FFE72798C07802281FD1B3
:10828000FFE7FFE7289800682799097830F8210070
:1082900048F6BF710840ADF86600BDF8660080F092
:1082A0002000ADF86600BDF8660048F28001084382
:1082B00028990968279A127821F82200FFE7FFE73A
:1082C000289827990978FFF73DFDBDF89A004004EA
:1082D00000281BD5FFE7FFE7FFE7289800682799EC
:1082E000097830F8210048F68F710840ADF8640035
:1082F000BDF864004CF28001084328990968279A68
:10830000127821F82200FFE7FFE7FFE700208DF851
:10831000A700E6E2BDF89A00400400281BD5FFE75D
:10832000FFE7FFE7289800682799097830F82100CF
:1083300048F68F710840ADF86200BDF862004CF25B
:108340008001084328990968279A127821F82200A9
:10835000FFE7FFE7FFE7279890F82400012840F0A7
:10836000B880FFE7BDF8922027994869104448611A
:10837000BDF892202799C8691044C86127980169FF
:10838000006A884209D3FFE7279800692590259A5B
:108390002799086A801A086216E02798006A40B98F
:1083A000FFE7BDF8920025902799002081F824006E
:1083B00009E02799002081F824002799096A25916E
:1083C00027990862FFE7FFE7FFE727984078002832
:1083D00056D1FFE7FFE728980068179028980068B3
:1083E000B0F85010179808441790179827990978F3
:1083F00000EBC10000F202401690FFE716990888D2
:108400006FF39F200880259830B9FFE716990888F8
:1084100040F40040088030E025983E2815D8FFE75A
:10842000FFE72598400815909DF89400C00720B1FB
:10843000FFE7159801301590FFE7159A16990888FF
:1084400040EA82200880FFE716E0FFE72598400910
:1084500015909DF89400C00620B9FFE715980138E3
:108460001590FFE7159A1699088840EA822040F493
:1084700000400880FFE7FFE7FFE7FFE7FFE71DE0B9
:1084800027984078012818D1FFE7FFE7289800686F
:10849000149028980068B0F850101498084414906C
:1084A00014982799097800EBC10000F2024013905C
:1084B000259813990880FFE7FFE7FFE7FFE7289873
:1084C0000068279A51691289BDF8943010F008FFAE
:1084D000FFE7FFE7DDE128980068B0F85000279932
:1084E000097800EBC100289909680844B0F806042F
:1084F0006FF39F20ADF8920027988069BDF8921025
:10850000884207D3FFE7BDF8922027998869801A2F
:10851000886103E0279900208861FFE72798806938
:10852000002840F0D780FFE7FFE72798407808BB96
:10853000FFE7FFE728980068129028980068B0F8D5
:10854000501012980844129012982799097800EB5D
:10855000C10000F202401190FFE7119908886FF303
:108560009F2008801199088840F400400880FFE7A8
:10857000FFE71DE027984078012818D1FFE7FFE7C3
:10858000289800680F9028980068B0F850100F984D
:1085900008440F900F982799097800EBC10000F26A
:1085A00002400E900E9900200880FFE7FFE7FFE7EA
:1085B000FFE7FFE7289800680D902798407808BBF0
:1085C000FFE7FFE7289800680B9028980068B0F84C
:1085D00050100B9808440B900B982799097800EBE2
:1085E000C10000F206400A90FFE70A9908886FF37D
:1085F0009F2008800A99088840F400400880FFE71F
:10860000FFE718E027984078012813D1FFE7289862
:108610000068B0F850100D9808440D900D982799F7
:10862000097800EBC10000F206400C900C99002084
:108630000880FFE7FFE7FFE72798C07802281FD1EF
:10864000FFE7FFE7289800682799097830F82100AC
:1086500048F6BF710840ADF82200BDF8220080F056
:108660002000ADF82200BDF8220048F28001084346
:1086700028990968279A127821F82200FFE7FFE776
:10868000289827990978FFF75DFBBDF89A00400408
:1086900000281BD4FFE7FFE7FFE728980068279929
:1086A000097830F8210048F68F710840ADF82000B5
:1086B000BDF820004CF28001084328990968279AE8
:1086C000127821F82200FFE7FFE7FFE700208DF88E
:1086D000A70006E1BDF89A00400400281BD4FFE77C
:1086E000FFE7FFE7289800682799097830F821000C
:1086F00048F68F710840ADF81E00BDF81E004CF220
:108700008001084328990968279A127821F82200E5
:10871000FFE7FFE7FFE7279890F82400012840F0E3
:10872000B680FFE7BDF89220279948691044486158
:10873000BDF892202799C8691044C861279801693B
:10874000006A884209D3FFE7279800692590259A97
:108750002799086A801A086216E02798006A40B9CB
:10876000FFE7BDF8920025902799002081F82400AA
:1087700009E02798006A2590279900200862279928
:1087800081F82400FFE7FFE7FFE7289800680690DC
:1087900027984078002856D1FFE7FFE7289800681F
:1087A000049028980068B0F8501004980844049089
:1087B00004982799097800EBC10000F20640039065
:1087C000FFE7039908886FF39F200880259830B948
:1087D000FFE70399088840F40040088030E02598BE
:1087E0003E2815D8FFE7FFE72598400802909DF83E
:1087F0009400C00720B1FFE7029801300290FFE724
:10880000029A0399088840EA82200880FFE716E070
:10881000FFE72598400902909DF89400C00620B912
:10882000FFE7029801380290FFE7029A039908884F
:1088300040EA822040F400400880FFE7FFE7FFE7BE
:10884000FFE7FFE718E027984078012813D1FFE7FA
:1088500028980068B0F850100698084406900698CA
:108860002799097800EBC10000F206400590259891
:1088700005990880FFE7FFE7FFE728980068279A37
:1088800051695289BDF8943010F02AFDFFE7FFE7E7
:10889000FFE7FFE7289800682799097830F821005A
:1088A00048F6BF710840ADF80600BDF8060080F03C
:1088B0001000ADF80600BDF8060080F02000ADF80D
:1088C0000600BDF8060048F28001084328990968AF
:1088D000279A127821F82200FFE700208DF8A700E0
:1088E000FFE79DF8A7002AB080BD000082B001908C
:1088F0008DF8031001989DF8031001F0070101EBBA
:10890000810100EBC100D0F86C0102B0704700009B
:1089100080B586B004908DF80F10ADF80C208DF85E
:108920000B3000208DF80A009DF80F00000600288B
:108930000FD5FFE704989DF80F1001F0070101EB38
:10894000810100EBC10010300190019901204870B5
:108950000FE004989DF80F1001F0070101EB810171
:1089600000EBC10000F5A87001900199002048704B
:10897000FFE79DF80F0000F0070001990870BDF8AF
:108980000C006FF3DF20019908619DF80B0001993D
:10899000C8709DF80B00022804D1FFE70199002060
:1089A0000871FFE7FFE7049890F89002012804D1CE
:1089B000FFE702208DF8170015E00499012081F8E7
:1089C0009002FFE7FFE70498006801990EF0FCFFB2
:1089D000FFE70499002081F89002FFE79DF80A0064
:1089E0008DF81700FFE79DF8170006B080BD000066
:1089F00080B586B005908DF8131003920293059808
:108A00009DF8131001F0070101EB810100EBC1009B
:108A100000F5A870019003980199486102980199A6
:108A20008861019900200090C861019948709DF803
:108A3000130000F00700019908700598006801997B
:108A40000FF0C8FE009806B080BD000080B584B06D
:108A500002908DF807109DF8070000F007000299BA
:108A60000979884204D9FFE701208DF80F004BE017
:108A70009DF80700000600280FD5FFE702989DF833
:108A8000071001F0070101EB810100EBC10010307C
:108A900000900099012048700DE002989DF80710A1
:108AA00001EB810100EBC10000F5A8700090009976
:108AB00000204870FFE70099012088709DF80700AA
:108AC00000F0070000990870FFE7029890F8900204
:108AD000012804D1FFE702208DF80F0014E002996D
:108AE000012081F89002FFE7FFE7029800680099F3
:108AF0000FF02CFEFFE70299002081F89002FFE7BB
:108B000000208DF80F00FFE79DF80F0004B080BD36
:108B100080B586B005908DF81310039202930598E6
:108B20009DF8131001F0070101EB810100EBC1007A
:108B30001030019003980199486102980199886169
:108B40000199012081F824000299019A1162019A89
:108B500000210091D161019948709DF8130000F047
:108B60000700019908700598006801990FF032FE1E
:108B7000009806B080BD000080B582B001900198D9
:108B8000006810F02DFB00909DF801000006002801
:108B900004D5FFE7019808F083FFDFE09DF80100AE
:108BA0004007002810D5FFE701980168B1F844009C
:108BB00020F48060A1F84400019800F0D3F90198F6
:108BC000002100F00FFAC9E09DF8010040060028DE
:108BD00009D5FFE701980168B1F8440020F480400E
:108BE000A1F84400BAE09DF801008006002809D5EC
:108BF000FFE701980168B1F8440020F40050A1F8A3
:108C00004400ABE09DF80100C00600282AD5FFE72C
:108C100001980168B1F8400020F00400A1F840007C
:108C200001980168B1F8400020F00800A1F8400068
:108C3000019890F8C802012808D1FFE701980021A7
:108C400080F8C8120198FFF705F8FFE7019800F0D7
:108C5000A5F901980168B1F8440020F48050A1F80A
:108C600044007BE09DF80100000700281CD5FFE7C9
:108C700001980168B1F8400040F00800A1F84000F8
:108C800001980168B1F8440020F40060A1F84400A4
:108C900001980168B1F8400040F00400A1F84000DC
:108CA000019800F003FA59E09DF800000006002842
:108CB00034D5FFE701980168B1F8440020F0800046
:108CC000A1F84400019890F8C80210BBFFE7019892
:108CD0000168B1F8400040F00400A1F8400001989C
:108CE0000168B1F8400040F00800A1F84000019888
:108CF000012180F8C81201980068B0F8540000F013
:108D0000F0008008019AC2F8CC020198FEF7A2FF99
:108D100003E0019800F0CAF9FFE71FE09DF80100A9
:108D2000800700280CD5FFE701980168B1F84400DE
:108D300020F40070A1F84400019800F049F90DE01A
:108D40009DF80100C00748B1FFE701980168B1F83C
:108D5000440020F48070A1F84400FFE702B080BD19
:108D600080B584B00290029820B9FFE701208DF809
:108D70000F00BBE0029890F8910240B9FFE702991A
:108D8000002081F89002029800F0B4F8FFE7029901
:108D9000032081F89102029800680FF029FC00205E
:108DA0008DF80700FFE79DF80700029909798842CE
:108DB00039DAFFE702989DF8071001EB810100EB1B
:108DC000C101012048749DF80700029900EB800260
:108DD00001EBC201087402989DF8071001EB8101B4
:108DE00000EBC1010020C87402999DF8072002EB36
:108DF000820201EBC201086202999DF8072002EB92
:108E0000820201EBC201486202999DF8072002EB41
:108E1000820201EBC2018862FFE79DF80700013082
:108E20008DF80700BFE700208DF80700FFE79DF8E9
:108E300007000299097988423EDAFFE702989DF817
:108E4000071001EB810100EBC101002081F8510105
:108E50009DF80710029A01EB810302EBC30282F82E
:108E6000501102999DF8072002EB820201EBC2012A
:108E700081F8530102999DF8072002EB820201EB71
:108E8000C201C1F8600102999DF8072002EB82023D
:108E900001EBC201C1F8640102999DF8072002EBC1
:108EA000820201EBC201C1F86801FFE79DF80700EB
:108EB00001308DF80700BAE7029A1068516892688D
:108EC0000FF082FB0299002008730299012081F8BB
:108ED00091020298807A012804D1FFE70298FEF7F8
:108EE0009BFEFFE700208DF80F00FFE79DF80F00C5
:108EF00004B080BD80B598B0179002A85421F7F750
:108F0000D1F91798006845F60041C4F20001884283
:108F100026D1FFE74FF4005002900020119002A8E4
:108F200000F0C0F918B1FFE7F9F736FFFFE7FFE7F8
:108F300041F25800C4F20200016841F400010160EE
:108F4000006800F4000001900198FFE714200090F1
:108F500005210022FEF712FD0098FEF705FDFFE750
:108F600018B080BD80B582B0019001208DF803005B
:108F700001984079022803D0FFE7F9F70DFFFFE7DA
:108F80000198D0F8D8029DF803100EF059F8019816
:108F9000D0F8D8020DF0CAFF02B080BD80B582B013
:108FA00001900198407A58B1FFE74EF61051CEF289
:108FB0000001086820F0060008600AF0E1FFFFE702
:108FC0000198D0F8D8020EF001F802B080BD000080
:108FD00080B582B001900198D0F8D8020EF008F860
:108FE00002B080BD80B584B002908DF80710FFE715
:108FF000029890F89002012804D1FFE702208DF832
:109000000F0019E00299012081F89002FFE7FFE7C5
:109010009DF8070002990873029800689DF80710F0
:1090200010F04EF9FFE70299002081F89002FFE767
:1090300000208DF80F00FFE79DF80F0004B080BD01
:1090400080B582B001900199D1F8D80201F526715E
:109050000EF020F802B080BD80B582B00090FFE72E
:10906000009890F89002012804D1FFE702208DF8C3
:10907000070017E00099012081F89002FFE7FFE761
:109080000098006810F094F8009800680FF090FACB
:10909000FFE70099002081F89002FFE700208DF89B
:1090A0000700FFE79DF8070002B080BD80B582B0E1
:1090B00001900198D0F8D8020EF06EF80198407A2D
:1090C00048B1FFE74EF61051CEF20001086840F0BB
:1090D00006000860FFE702B080BD000085B0039085
:1090E000039800285ED1FFE747F20000C4F20000B9
:1090F000006800F4C060B0F5806F49D1FFE747F227
:109100008001C4F20001086820F48070086047F212
:109110000002C4F200021168012060F34A211160CC
:1091200040F2F411C2F200010968322251434DF6B7
:109130008362C4F21B32A1FB022100EB914002903A
:10914000FFE747F21400C4F200000168002049055F
:109150000029019006D5FFE70298002818BF0120DA
:109160000190FFE70198C00720B1FFE7029801389E
:109170000290E6E747F21400C4F2000000684005E0
:10918000002804D5FFE703208DF813007CE008E0F9
:1091900047F28001C4F20001086820F48070086082
:1091A000FFE76DE00398B0F5007F5ED1FFE747F27F
:1091B0000000C4F20000006800F4C060B0F5806FE9
:1091C00049D1FFE747F28001C4F20001086840F48A
:1091D0008070086047F20002C4F2000211680120AA
:1091E00060F34A21116040F2F411C2F200010968F3
:1091F000322251434DF68362C4F21B32A1FB02219D
:1092000000EB91400290FFE747F21400C4F2000027
:109210000168002049050029009006D5FFE7029863
:10922000002818BF01200090FFE70098C00720B178
:10923000FFE7029801380290E6E747F21400C4F213
:10924000000000684005002804D5FFE703208DF8E2
:10925000130019E008E047F28001C4F20001086839
:1092600040F480700860FFE709E047F20001C4F2B3
:1092700000010868022262F34A200860FFE7FFE766
:1092800000208DF81300FFE79DF8130005B070472C
:1092900047F20801C4F20001086840F48040086009
:1092A0007047000080B586B0059000208DF80B0057
:1092B0008DF80A00059880780007002840F1B580F5
:1092C000FFE700208DF8090041F25800C4F20200C7
:1092D0000068C000002813D4FFE7FFE741F2580000
:1092E000C4F20200016841F080510160006800F0A2
:1092F000805001900198FFE701208DF80900FFE7F9
:1093000047F20001C4F20001086840F48070086070
:10931000FEF7EEF80390FFE747F20000C4F200000A
:109320000068C00500280CD4FFE7FEF7E1F80399B8
:10933000401A032804D3FFE703208DF80B0000E058
:10934000EAE79DF80B0000285BD1FFE741F29000AF
:10935000C4F20200006800F4407004900498C8B1A0
:10936000FFE704980599096D884213D0FFE741F2A1
:109370009001C4F20201086820F44070049008686B
:1093800040F480300860086820F480300860049859
:109390000860FFE79DF81000C007E0B1FFE7FEF7A7
:1093A000A7F80390FFE741F29000C4F202000068C2
:1093B000800700280ED4FFE7FEF79AF80399401AB9
:1093C00041F28931884204D3FFE703208DF80B0076
:1093D00000E0E8E7FFE79DF80B0060B9FFE741F226
:1093E0009001C4F20201086820F44070059A126DE1
:1093F0001043086004E09DF80B008DF80A00FFE7B9
:1094000004E09DF80B008DF80A00FFE79DF80900C5
:10941000012809D1FFE741F25801C4F202010868AE
:1094200020F080500860FFE7FFE705980078C0074C
:1094300060B1FFE741F28801C4F20201086820F040
:109440000300059A526810430860FFE7059800780A
:10945000800700280CD5FFE741F28801C4F2020121
:10946000086820F00C00059A926810430860FFE736
:1094700005980078400700280CD5FFE741F28801E5
:10948000C4F20201086820F03000059AD268104347
:109490000860FFE705980078000700280CD5FFE773
:1094A00041F28801C4F20201086820F0C000059A68
:1094B000126910430860FFE705980078C00600288D
:1094C0000CD5FFE741F28801C4F20201086820F4DC
:1094D0004070059A526910430860FFE705980078CC
:1094E000800600280CD5FFE741F28801C4F2020192
:1094F000086820F44060059A926910430860FFE70D
:1095000005980078400600280CD5FFE741F2880155
:10951000C4F20201086820F44050059AD269104351
:109520000860FFE705980078000600280CD5FFE7E3
:1095300041F28801C4F20201086820F44040059A13
:10954000126A10430860FFE705984078C00760B1D1
:10955000FFE741F28801C4F20201086820F44030BC
:10956000059A526A10430860FFE7059880788007E3
:1095700000280CD5FFE741F29C01C4F20201086803
:1095800020F00300059A926A10430860FFE70598EF
:109590004078800700280CD5FFE741F28801C4F22B
:1095A0000201086820F44020059AD26A104308603E
:1095B000FFE705984078400700281BD5FFE741F2F8
:1095C0008801C4F20201086820F44010059A126B69
:1095D000104308600598006BB0F5801F09D1FFE7C4
:1095E00041F20C01C4F20201086840F480100860E6
:1095F000FFE7FFE705984078000700281BD5FFE745
:1096000041F28801C4F20201086820F44000059A82
:10961000526B104308600598406BB0F5800F09D17C
:10962000FFE741F20C01C4F20201086840F4801027
:109630000860FFE7FFE705984078C00600281BD5C3
:10964000FFE741F28801C4F20201086820F040708F
:10965000059A926B104308600598806BB0F1807F8B
:1096600009D1FFE741F20C01C4F20201086840F49D
:1096700080100860FFE7FFE7059840788006002823
:109680001BD5FFE741F28801C4F20201086820F00F
:109690004060059AD26B104308600598C06BB0F12A
:1096A000006F09D1FFE741F20C01C4F20201086822
:1096B00040F480100860FFE7FFE705984078400617
:1096C00000281BD5FFE741F28801C4F202010868B7
:1096D00020F04060059A126C104308600598006CF9
:1096E000B0F1006F09D1FFE741F20C01C4F20201B1
:1096F000086840F480100860FFE7FFE705984078AD
:10970000000600281BD5FFE741F28801C4F20201E0
:10971000086820F04050059A526C10430860059884
:10972000406CB0F1805F09D1FFE741F20C01C4F257
:109730000201086840F480300860FFE7FFE7059801
:109740008078C007D8B1FFE741F28801C4F2020176
:10975000086820F04040059A926C10430860059814
:10976000806CB0F1804F09D1FFE741F20C01C4F2E7
:109770000201086840F480300860FFE7FFE70598C1
:109780008078400700281BD5FFE741F29C01C4F216
:109790000201086820F44010059AD26C104308605A
:1097A0000598C06CB0F5001F09D1FFE741F20C012C
:1097B000C4F20201086840F480100860FFE7FFE788
:1097C0009DF80A0006B080BD80B586B00490039174
:1097D00000200090049820B9FFE701208DF81700C1
:1097E00081E1039842F20001C4F20201096801F02C
:1097F0000F01884216D9FFE742F20000C4F20200CE
:10980000016821F00F01039A11430160006800F024
:109810000F000399884204D0FFE701208DF817005C
:1098200061E1FFE704980078C007002800F0A380FA
:10983000FFE704984068032839D1FFE741F20000B0
:10984000C4F2020000688001002804D4FFE7012070
:109850008DF8170047E108F07DFD019001984BF26B
:109860000141C0F2C441884220D3FFE741F2080021
:10987000C4F20200006810F0F00F0AD0FFE704986D
:1098800000788007002810D5FFE70498806860B949
:10989000FFE741F20801C4F202010868082262F3FE
:1098A0000710086080200090FFE7FFE738E0049889
:1098B000406802280ED1FFE741F20000C4F2020026
:1098C00000688003002804D4FFE701208DF817000A
:1098D00009E10DE041F20000C4F202000068400519
:1098E000002804D4FFE701208DF81700FBE0FFE714
:1098F00000F056F9019001984BF20141C0F2C441C9
:1099000088420CD3FFE741F20801C4F20201086863
:10991000082262F30710086080200090FFE7FFE74D
:1099200041F20801C4F20201086820F00300049A21
:10993000526810430860FDF7DBFD0290FFE741F23B
:109940000800C4F20200006800F00C0004994968A5
:10995000B0EB810F0ED0FFE7FDF7CAFD0299401A68
:1099600041F28931884204D3FFE703208DF81700C4
:10997000B9E0E4E7FFE704980078800700282CD5D9
:10998000FFE7049800784007002809D5FFE741F277
:109990000801C4F20201086840F4E0600860FFE7D3
:1099A00004980078000700280BD5FFE741F2080172
:1099B000C4F20201086840F4E06020F460500860DE
:1099C000FFE741F20801C4F20201086820F0F0004C
:1099D000049A9268104308600DE00098802809D12D
:1099E000FFE741F20801C4F20201086820F0F0002C
:1099F0000860FFE7FFE7039842F20001C4F20201AA
:109A0000096801F00F01884228D2FFE742F2000105
:109A1000C4F20201086820F00F00039A10430860A6
:109A2000FDF766FD0290FFE742F20000C4F202007B
:109A3000006800F00F00039988420ED0FFE7FDF7A1
:109A400057FD0299401A41F28931884204D3FFE759
:109A500003208DF8170046E0E6E7FFE7049800785A
:109A6000400700280CD5FFE741F20801C4F20201CB
:109A7000086820F4E060049AD26810430860FFE7A9
:109A800004980078000700280DD5FFE741F208018F
:109A9000C4F20201086820F46050049A126940EA96
:109AA000C2000860FFE700F07BF841F20801C4F251
:109AB00002010968C9B20A094CF27431C0F6010109
:109AC000895C01F01F01C84040F2F411C2F20001AC
:109AD000086040F24C40C2F200000068FDF7B0FEA2
:109AE0008DF81700FFE79DF8170006B080BD000055
:109AF00082B00190009101990F20086041F20800A6
:109B0000C4F20200016801F00301019A516001688A
:109B100001F0F001019A9160016801F4E061019A9D
:109B2000D160006800F46050C0080199086142F2F9
:109B30000000C4F20200006800F00F000099086005
:109B400002B0704740F2F410C2F2000000687047A3
:109B500080B5FFF7F7FF41F20801C4F2020109687E
:109B6000C1F302224CF28431C0F60101895C01F09C
:109B70001F01C84080BD000080B5FFF7E3FF41F240
:109B80000801C4F202010968C1F3C2224CF2843117
:109B9000C0F60101895C01F01F01C84080BD0000D2
:109BA00086B041F20800C4F20200006800F00C0028
:109BB000042806D1FFE742F20040C0F2F400019011
:109BC00069E041F20800C4F20200006800F00C00F5
:109BD000082806D1FFE741F60030C0F2B700019037
:109BE00058E041F20800C4F20200006800F00C00E6
:109BF0000C284BD1FFE741F20C00C4F202000168CF
:109C000001F0030104910068C1B2012000EB1110C2
:109C1000029004980090022815D0FFE700980328CE
:109C200012D1FFE7029941F60030C0F2B700B0FB55
:109C3000F1F041F20C01C4F202010968C1F30621FE
:109C40004843059011E0FFE7029942F20040C0F25C
:109C5000F400B0FBF1F041F20C01C4F2020109681A
:109C6000C1F3062148430590FFE741F20C00C4F21E
:109C70000200006800F0C061022000EB1160039058
:109C800005980399B0FBF1F0019002E000200190EB
:109C9000FFE7FFE7FFE7019806B07047B0B588B06F
:109CA0000690069820B9FFE701208DF81F00CCE34D
:109CB00006980078C007002800F09B80FFE741F27B
:109CC0000800C4F20200006800F00C00049041F2A9
:109CD0000C00C4F20200006800F003000390049836
:109CE0000C2804D1FFE70398032804D0FFE7049869
:109CF000082812D1FFE741F20000C4F20200006818
:109D00008003002808D5FFE70698406820B9FFE7E0
:109D100001208DF81F0098E36AE0FFE7069840688D
:109D2000B0F5803F09D1FFE741F20001C4F2020122
:109D3000086840F48030086020E006984068B0F57C
:109D4000A02F0DD1FFE741F20001C4F20201086823
:109D500040F480200860086840F4803008600CE01F
:109D600041F20001C4F20201086820F4803008606A
:109D7000086820F480200860FFE7FFE7FFE7069807
:109D80004068D0B1FFE7FDF7B3FB0590FFE741F274
:109D90000000C4F202000068800300280CD4FFE732
:109DA000FDF7A6FB0599401A652804D3FFE70320B9
:109DB0008DF81F0049E3EAE719E0FDF799FB0590EC
:109DC000FFE741F20000C4F20200006880030028AF
:109DD0000CD5FFE7FDF78CFB0599401A652804D3E5
:109DE000FFE703208DF81F002FE3EAE7FFE7FFE717
:109DF000FFE7069800788007002840F19F80FFE782
:109E000041F20800C4F20200006800F00C00049067
:109E100041F20C00C4F20200006800F0030003905D
:109E200004980C2804D1FFE70398022804D0FFE728
:109E3000049804282CD1FFE741F20000C4F202008C
:109E400000684005002808D5FFE70698C06820B9DB
:109E5000FFE701208DF81F00F7E241F20401C4F290
:109E60000201086820F0FE40069A126940EA02608A
:109E7000086040F24C40C2F200000068FDF7E0FCD0
:109E800020B1FFE701208DF81F00DEE2FFE754E07C
:109E90000698C06870B3FFE741F20001C4F2020106
:109EA000086840F480700860FDF722FB0590FFE72A
:109EB00041F20000C4F202000068400500280CD402
:109EC000FFE7FDF715FB0599401A032804D3FFE7C8
:109ED00003208DF81F00B8E2EAE741F20401C4F262
:109EE0000201086820F0FE40069A126940EA02600A
:109EF000086021E041F20001C4F20201086820F488
:109F000080700860FDF7F4FA0590FFE741F2000069
:109F1000C4F202000068400500280CD5FFE7FDF7F9
:109F2000E7FA0599401A032804D3FFE703208DF8C8
:109F30001F008AE2EAE7FFE7FFE7FFE706980078FD
:109F40000007002849D5FFE70698406910B3FFE7EE
:109F500041F29401C4F20201086840F00100086077
:109F6000FDF7C6FA0590FFE741F29400C4F2020043
:109F70000068800700280CD4FFE7FDF7B9FA0599BF
:109F8000401A032804D3FFE703208DF81F005CE28A
:109F9000EAE721E041F29401C4F20201086820F0EE
:109FA00001000860FDF7A4FA0590FFE741F2940074
:109FB000C4F202000068800700280CD5FFE7FDF717
:109FC00097FA0599401A032804D3FFE703208DF878
:109FD0001F003AE2EAE7FFE7FFE70698007840074C
:109FE000002840F1C680FFE700208DF80B0041F209
:109FF0005800C4F202000068C000002813D4FFE734
:10A00000FFE741F25800C4F20200016841F08051BC
:10A010000160006800F0805001900198FFE7012086
:10A020008DF80B00FFE747F20000C4F20000006863
:10A03000C005002822D4FFE747F20001C4F2000166
:10A04000086840F480700860FDF752FA0590FFE759
:10A0500047F20000C4F200000068C00500280CD4DC
:10A06000FFE7FDF745FA0599401A032804D3FFE7F7
:10A0700003208DF81F00E8E1EAE7FFE7FFE7069815
:10A080008068012809D1FFE741F29001C4F2020182
:10A09000086840F0010008601FE006988068052805
:10A0A0000DD1FFE741F29001C4F20201086840F0CF
:10A0B00004000860086840F0010008600CE041F20C
:10A0C0009001C4F20201086820F0010008600868ED
:10A0D00020F004000860FFE7FFE7FFE706988068CC
:10A0E000E0B1FFE7FDF704FA0590FFE741F29000C9
:10A0F000C4F202000068800700280ED4FFE7FDF7D5
:10A10000F7F90599401A41F28931884204D3FFE7F3
:10A1100003208DF81F0098E1E8E71BE0FDF7E8F960
:10A120000590FFE741F29000C4F20200006880074A
:10A1300000280ED5FFE7FDF7DBF90599401A41F23B
:10A140008931884204D3FFE703208DF81F007CE1AA
:10A15000E8E7FFE79DF80B00012809D1FFE741F28E
:10A160005801C4F20201086820F080500860FFE73F
:10A17000FFE7069800788006002849D5FFE7069893
:10A18000806910B3FFE741F29801C4F20201086848
:10A1900040F001000860FDF7ABF90590FFE741F2E0
:10A1A0009800C4F202000068800700280CD4FFE782
:10A1B000FDF79EF90599401A032804D3FFE7032011
:10A1C0008DF81F0041E1EAE721E041F29801C4F275
:10A1D0000201086820F001000860FDF789F9059088
:10A1E000FFE741F29800C4F20200006880070028EF
:10A1F0000CD5FFE7FDF77CF90599401A032804D335
:10A20000FFE703208DF81F001FE1EAE7FFE7FFE704
:10A210000698C069002800F01481FFE741F20800A9
:10A22000C4F20200006800F00C000C2800F0B080BE
:10A23000FFE70698C06902287CD1FFE741F20001E0
:10A24000C4F20201086820F080700860FDF750F940
:10A250000590FFE741F20000C4F2020000688001AF
:10A2600000280CD5FFE7FDF743F90599401A0328AC
:10A2700004D3FFE703208DF81F00E6E0EAE741F290
:10A280000C01C4F20201086848F20C02C0F29F12ED
:10A290001040DDF818C0DCF82020DCF82450DCF891
:10A2A00028E0DCF82C306FF00F0404EB0514224397
:10A2B00042EA0E22DCF8304040F2000ECFF6E07E9B
:10A2C0000EEA045EAEF5001E42EA0E02DCF834E04F
:10A2D0004FF07E4C0CEA0E6C0CF17E4C42EA0C0204
:10A2E00042EAC3621043086041F20002C4F2020273
:10A2F000106840F080701060086840F0807008605E
:10A30000FDF7F6F80590FFE741F20000C4F2020005
:10A310000068800100280CD4FFE7FDF7E9F80599F3
:10A32000401A032804D3FFE703208DF81F008CE0B8
:10A33000EAE72CE041F20001C4F20201086820F0D3
:10A3400080700860FDF7D4F80590FFE741F2000047
:10A35000C4F202000068800100280CD5FFE7FDF779
:10A36000C7F80599401A032804D3FFE703208DF8A6
:10A370001F006AE0EAE741F20C01C4F2020108683A
:10A380004FF6FC72CFF6EE6210400860FFE757E030
:10A390000698C069012804D1FFE701208DF81F004D
:10A3A00053E041F20C00C4F20200006803900398ED
:10A3B00000F003000699096A88423BD1FFE7039841
:10A3C00000F0F00006994A6A6FF00F0101EB0211EC
:10A3D00088422FD1FFE7039800F4FE400699896A6E
:10A3E000B0EB012F26D1FFE7039800F078400699E3
:10A3F000C96AB0EBC16F1DD1FFE7039800F4C0003C
:10A4000006990A6B0021CFF6E07101EA0251A1F52D
:10A41000001188420ED1FFE7039800F0C060069952
:10A420004A6B4FF07E4101EA026101F17E418842B0
:10A4300004D0FFE701208DF81F0006E0FFE7FFE7EB
:10A44000FFE700208DF81F00FFE79DF81F0008B010
:10A45000B0BD000080B586B00490039102920193D4
:10A46000049820B9FFE701208DF8170056E0049802
:10A47000D0F8880040B9FFE70499002081F88400F3
:10A48000049802F011FBFFE704992420C1F888002A
:10A4900004980168086820F0010008600498806A48
:10A4A00020B1FFE704980AF045FCFFE704980AF0A2
:10A4B00011FF012804D1FFE701208DF817002DE0DE
:10A4C00004980168886840F48040886004980068B7
:10A4D000806820F400400399084304990968886063
:10A4E0000298400500900199009840EA01400090D0
:10A4F0000498006800686FF31940009908430499B4
:10A500000968086004980168086840F00100086064
:10A5100004980AF0B3FC8DF81700FFE79DF81700C8
:10A5200006B080BD80B584B00290029820B9FFE7E4
:10A5300001208DF80F0099E00298406A60B9FFE7AA
:10A5400002984068B0F5827F01D1FFE703E00299ED
:10A550000020C861FFE705E0029900200861029928
:10A560004861FFE7029900208862029890F85D0038
:10A5700040B9FFE70299002081F85C00029800F0E2
:10A5800079F8FFE70299022081F85D0002980168DE
:10A59000086820F0400008600298C068B0F5E06FDD
:10A5A00003D9FFE70020019003E04FF480500190B1
:10A5B000FFE70298C068B0F5706F0AD0FFE7029815
:10A5C000C068B0F5E06F04D0FFE702990020886210
:10A5D000FFE7029A009211685068D2F808C0136928
:10A5E00000F482700CF4044C604403F0020318443D
:10A5F000536903F001031844936903F4007318448A
:10A60000D36903F038031844136A03F08003184435
:10A61000926A02F4005210430860029B1968DA68DB
:10A62000D3F818E0D3F824C0042000EA1E400CF050
:10A63000100C60445B6B03F00803184402F4706272
:10A640001044019A02F48052104448600298016854
:10A65000C86920F40060C861029900200866029A67
:10A66000012182F85D108DF80F00FFE79DF80F00C3
:10A6700004B080BD80B58AB0099000200890079092
:10A680000690059004900998006843F60001C4F212
:10A690000001884230D1FFE7FFE741F25800C4F2E1
:10A6A0000200016841F480410160006800F48040CC
:10A6B00003900398FFE7FFE741F24C00C4F2020069
:10A6C000016841F002010160006800F002000290A0
:10A6D0000298FFE74FF460400490022005900020AC
:10A6E000069007900520089040F20040C4F6000054
:10A6F00004A9FCF71BFD39E00998006843F6004106
:10A70000C4F20101884230D1FFE7FFE741F2600067
:10A71000C4F20200016841F400410160006800F4E5
:10A72000004001900198FFE7FFE741F24C00C4F2BE
:10A730000200016841F010010160006800F01000A3
:10A7400000900098FFE7642004900220059000200C
:10A750000690032007900520089041F20000C4F6FF
:10A76000000004A9FCF7E2FCFFE7FFE70AB080BDA8
:10A7700080B58CB0DDF838C00A9009910892ADF828
:10A780001E3001200290FCF7B3FE03900A9890F867
:10A790005D008DF813000A9840680590BDF81E0012
:10A7A000ADF81C00BDF81E00ADF81A009DF81300AE
:10A7B000012812D0FFE70598B0F5827F09D1FFE7A5
:10A7C0000A98806828B9FFE79DF81300042804D090
:10A7D000FFE702208DF82F00FAE1099838B1FFE772
:10A7E000089820B1FFE7BDF81E0020B9FFE701205F
:10A7F0008DF82F00ECE1FFE70A9890F85C00012843
:10A8000004D1FFE702208DF82F00E1E10A99012031
:10A8100081F85C00FFE7FFE70A9890F85D000428E4
:10A8200005D0FFE70A99052081F85D00FFE70A9946
:10A830000020086608990A9A1164BDF81E100A9A49
:10A84000A2F84610BDF81E100A9AA2F84410099901
:10A850000A9A9163BDF81E100A9AD187BDF81E109E
:10A860000A9A91870A99C8640A9908650A98C06883
:10A87000B0F5E06F05D8FFE7BDF81A00022807D34E
:10A88000FFE70A980168486820F48050486006E0B5
:10A890000A980168486840F480504860FFE70A98C9
:10A8A0000068006800F04000402807D0FFE70A98E1
:10A8B0000168086840F040000860FFE70A98C06837
:10A8C000B0F5E06F40F28580FFE70A98406828B154
:10A8D000FFE7BDF81C0001280ED1FFE70A980168C8
:10A8E000806B0088C8600A99886B023088630A9977
:10A8F000C88F0138C887FFE7FFE70A98C18F01209A
:10A90000019041B9FFE70A98B0F84600002818BF47
:10A9100001200190FFE70198C007002858D0FFE709
:10A920000A98006880688007002818D5FFE70A9811
:10A93000C08FA0B1FFE70298012810D1FFE70A9865
:10A940000168806B0088C8600A99886B0230886350
:10A950000A99C88F0138C88700200290FFE70A983B
:10A9600000688068C007C0B1FFE70A98B0F84600E9
:10A9700098B1FFE70A980068C0680A99096C0880D6
:10A980000A99086C023008640A99B1F84600013847
:10A99000A1F8460001200290FFE7FCF7A9FD03990A
:10A9A000401A0E99884212D3FFE70E98013070B119
:10A9B000FFE70A99012081F85D00FFE70A9900206E
:10A9C00081F85C00FFE703208DF82F0000E194E799
:10A9D000D4E00A98406828B1FFE7BDF81C000128C0
:10A9E00022D1FFE70A98C08F02280ED3FFE70A980A
:10A9F0000168806B0088C8600A99886B02308863A0
:10AA00000A99C88F0238C8870DE00A980168806BE0
:10AA1000007808730A99886B013088630A99C88F97
:10AA20000138C887FFE7FFE7FFE70A98C18F0120D9
:10AA3000009041B9FFE70A98B0F84600002818BF17
:10AA400001200090FFE70098C007002800F09580E3
:10AA5000FFE70A9800688068800700282CD5FFE788
:10AA60000A98C08F40B3FFE70298012824D1FFE77E
:10AA70000A98C08F02280ED3FFE70A980168806BFE
:10AA80000088C8600A99886B023088630A99C88F69
:10AA90000238C8870DE00A980168806B0078087357
:10AAA0000A99886B013088630A99C88F0138C88772
:10AAB000FFE700200290FFE70A9800688068C0075F
:10AAC000E8B3FFE70A98B0F84600C0B3FFE70A987A
:10AAD000B0F8460002281ED3FFE70A980068C06855
:10AAE0000A99096C08800A99086C023008640A996E
:10AAF000B1F846000238A1F846000A98B0F84600BE
:10AB0000012807D8FFE70A980168486840F4805098
:10AB10004860FFE710E00A980068007B0A99096C1A
:10AB200008700A99086C013008640A99B1F8460067
:10AB30000138A1F84600FFE701200290FFE7FCF78B
:10AB4000D7FC0399401A0E99884204D3FFE70E9868
:10AB5000013018B9FFE70E9870B9FFE70A99012094
:10AB600081F85D00FFE70A99002081F85C00FFE7AB
:10AB700003208DF82F002BE057E7FFE70A980E9986
:10AB8000039A08F067FD68B1FFE70A99202008667C
:10AB9000FFE70A99002081F85C00FFE701208DF8AB
:10ABA0002F0015E00A99012081F85D00FFE70A995E
:10ABB000002081F85C00FFE70A98006E20B1FFE7F3
:10ABC00001208DF82F0003E000208DF82F00FFE713
:10ABD0009DF82F000CB080BD81B0009001B070478F
:10ABE00081B0009001B0704781B0009001B0704713
:10ABF00084B00290019100200090FFE7029890F845
:10AC00003C00012804D1FFE702208DF80F008CE002
:10AC10000299012081F83C00FFE7FFE7009820F04F
:10AC2000FF000199C96808430090009820F4407023
:10AC30000199896808430090009820F48060019988
:10AC4000496808430090009820F400600199096861
:10AC500008430090009820F4805001990969084346
:10AC60000090009820F40050019949690843009031
:10AC7000009820F480400199096B084300900098E7
:10AC800020F470200199896940EA01400090009801
:10AC900020F080500199C96908430090029800682B
:10ACA00042F60041C4F20101884212D0FFE7029847
:10ACB000006843F20041C4F20101884209D0FFE775
:10ACC0000298006845F20001C4F2010188421ED1D9
:10ACD000FFE7009820F470000199896A40EA01506A
:10ACE0000090009820F080700199096A0843009054
:10ACF000009820F000700199496A0843009000987C
:10AD000020F000500199C96A08430090FFE70098BD
:10AD1000029909684864FFE70299002081F83C0025
:10AD2000FFE700208DF80F00FFE79DF80F0004B04B
:10AD30007047000081B0009001B0704781B0009072
:10AD400001B0704781B0009001B0704785B00390AA
:10AD50000291FFE7039890F83C00012804D1FFE737
:10AD600002208DF81300A7E00399012081F83C0030
:10AD7000FFE7FFE70399022081F83D000398006890
:10AD8000406801900398006880680090039800680C
:10AD900042F60041C4F20101884212D0FFE7039855
:10ADA000006843F20041C4F20101884209D0FFE784
:10ADB0000398006845F20001C4F2010188420AD1FB
:10ADC000FFE7019820F47000019002984168019813
:10ADD00008430190FFE701984FF68F71CFF6FF51BE
:10ADE0000840019002980168019808430190019879
:10ADF0000399096848600398006842F60041C4F26C
:10AE0000010188423CD0FFE703980068B0F1804F11
:10AE100036D0FFE70398006840F20041C4F2000119
:10AE200088422DD0FFE70398006840F60001C4F285
:10AE30000001884224D0FFE70398006840F60041F3
:10AE4000C4F2000188421BD0FFE70398006843F278
:10AE50000041C4F20101884212D0FFE70398006864
:10AE600044F20001C4F20101884209D0FFE70398CF
:10AE7000006845F20001C4F2010188420ED1FFE7EB
:10AE8000009820F0800000900298816800980843A4
:10AE900000900098039909688860FFE703990120F2
:10AEA00081F83D00FFE70399002081F83C00FFE7AF
:10AEB00000208DF81300FFE79DF8130005B07047E0
:10AEC00081B0009001B0704780B582B000900098CA
:10AED00020B9FFE701208DF8070045E0009890F8C1
:10AEE0003D0040B9FFE70099002081F83C00009840
:10AEF00000F03EF8FFE70099022081F83D0000993C
:10AF000051F8040B09F08EF80099012081F84800EF
:10AF1000FFE70099012081F83E00009981F83F0089
:10AF2000009981F84000009981F84100009981F86A
:10AF30004200009981F84300FFE7FFE700990120F4
:10AF400081F84400009981F84500009981F8460095
:10AF5000009981F84700FFE70099012081F83D0042
:10AF600000208DF80700FFE79DF8070002B080BDC4
:10AF700085B004900498006842F60041C4F20101D3
:10AF8000884210D1FFE7FFE741F26000C4F20200FF
:10AF9000016841F400610160006800F40060039002
:10AFA0000398FFE74DE00498006840F20041C4F2C6
:10AFB0000001884210D1FFE7FFE741F25800C4F2D8
:10AFC0000200016841F002010160006800F0020027
:10AFD00002900298FFE733E00498006840F60041D1
:10AFE000C4F20001884210D1FFE7FFE741F25800A8
:10AFF000C4F20200016841F008010160006800F03D
:10B00000080001900198FFE719E00498006844F2F5
:10B010000001C4F20101884210D1FFE7FFE741F2CD
:10B020006000C4F20200016841F4803101600068F0
:10B0300000F4803000900098FFE7FFE7FFE7FFE7AC
:10B04000FFE705B07047000083B00190019890F8C9
:10B050003D00012804D0FFE701208DF80B006CE0D3
:10B060000199022081F83D000198006842F60041F4
:10B07000C4F2010188423CD0FFE701980068B0F1BA
:10B08000804F36D0FFE70198006840F20041C4F2DB
:10B09000000188422DD0FFE70198006840F60001CA
:10B0A000C4F20001884224D0FFE70198006840F60E
:10B0B0000041C4F2000188421BD0FFE701980068FC
:10B0C00043F20041C4F20101884212D0FFE7019827
:10B0D000006844F20001C4F20101884209D0FFE790
:10B0E0000198006845F20001C4F20101884219D1BB
:10B0F000FFE70198006880680721C0F2010108405D
:10B100000090009806280CD0FFE70098B0F5803F2B
:10B1100007D0FFE701980168086840F00100086067
:10B12000FFE706E001980168086840F00100086048
:10B13000FFE700208DF80B00FFE79DF80B0003B040
:10B140007047000083B00190019890F83D000128FD
:10B1500004D0FFE701208DF80B0072E00199022076
:10B1600081F83D0001980168C86840F00100C8609E
:10B170000198006842F60041C4F2010188423CD0C7
:10B18000FFE701980068B0F1804F36D0FFE70198E3
:10B19000006840F20041C4F2000188422DD0FFE770
:10B1A0000198006840F60001C4F20001884224D0F2
:10B1B000FFE70198006840F60041C4F200018842B0
:10B1C0001BD0FFE70198006843F20041C4F201017F
:10B1D000884212D0FFE70198006844F20001C4F2EF
:10B1E0000101884209D0FFE70198006845F200019B
:10B1F000C4F20101884219D1FFE701980068806814
:10B200000721C0F2010108400090009806280CD0E8
:10B21000FFE70098B0F5803F07D0FFE7019801688D
:10B22000086840F001000860FFE706E00198016847
:10B23000086840F001000860FFE700208DF80B006F
:10B24000FFE79DF80B0003B07047000080B586B0A3
:10B250000490039100208DF80B00FFE7049890F80C
:10B260003C00012804D1FFE702208DF81700E7E039
:10B270000499012081F83C00FFE7FFE704990220D0
:10B2800081F83D00049800688068019001984FF6AD
:10B290008871CFF6CE7108400190019820F47F406C
:10B2A00001900198049909688860039800680090EB
:10B2B000002800F0AB80FFE70098102800F0A6807F
:10B2C000FFE70098202800F0A180FFE700983028D1
:10B2D00000F09C80FFE70098402800F08A80FFE79C
:10B2E000009850286BD0FFE70098602874D0FFE7E3
:10B2F000009870283FD0FFE70098B0F5805F39D004
:10B30000FFE70098B0F5005F4AD0FFE70098B0F57E
:10B31000801F7BD0FFE70098B0F1101F76D0FFE7C9
:10B3200000982021C0F2100188426FD0FFE70098FA
:10B330003021C0F21001884268D0FFE70098402118
:10B34000C0F21001884261D0FFE700985021C0F29E
:10B35000100188425AD0FFE700986021C0F2100126
:10B36000884253D0FFE700987021C0F21001884254
:10B370004CD052E055E004980068039B5A689968E5
:10B38000DB6808F05FFF049800688068019001980E
:10B3900040F077000190019804990968886040E0C6
:10B3A00004980068039B5A689968DB6808F04AFFB4
:10B3B00004980168886840F48040886031E004980F
:10B3C0000068039A5168D26809F064FB0498006829
:10B3D000502108F051FF24E004980068039A516856
:10B3E000D26809F07FFB04980068602108F044FFF0
:10B3F00017E004980068039A5168D26809F04AFB84
:10B4000004980068402108F037FF0AE004980068BB
:10B410000399096808F030FF03E001208DF80B0064
:10B42000FFE70499012081F83D00FFE7049900201F
:10B4300081F83C00FFE79DF80B008DF81700FFE74F
:10B440009DF8170006B080BD81B0009001B0704734
:10B4500080B584B0039003980068C0680290039898
:10B460000068006901909DF804008007002824D539
:10B47000FFE79DF80800800700281DD5FFE7039827
:10B4800001686FF0020008610399012008770398B2
:10B4900000688069800720B1FFE70398FFF7D4FFB9
:10B4A00006E0039800F006FA039800F037FBFFE788
:10B4B000039900200877FFE7FFE79DF804004007A5
:10B4C000002825D5FFE79DF80800400700281ED575
:10B4D000FFE7039801686FF00400086103990220F8
:10B4E000087703980068806910F4407F04D0FFE774
:10B4F0000398FFF7A9FF06E0039800F0DBF9039833
:10B5000000F00CFBFFE7039900200877FFE7FFE757
:10B510009DF804000007002824D5FFE79DF80800E7
:10B52000000700281DD5FFE7039801686FF00800A9
:10B53000086103990420087703980068C0698007B0
:10B5400020B1FFE70398FFF77FFF06E0039800F0C4
:10B55000B1F9039800F0E2FAFFE7039900200877B9
:10B56000FFE7FFE79DF80400C006002825D5FFE7A8
:10B570009DF80800C00600281ED5FFE70398016863
:10B580006FF010000861039908200877039800689D
:10B59000C06910F4407F04D0FFE70398FFF754FF21
:10B5A00006E0039800F086F9039800F0B7FAFFE789
:10B5B000039900200877FFE7FFE79DF80400C00724
:10B5C00078B1FFE79DF80800C00748B1FFE703988E
:10B5D00001686FF001000861039800F0B9FCFFE713
:10B5E000FFE7019800F08000802806D0FFE79DF873
:10B5F00005008006002810D5FFE79DF8080000062A
:10B60000002809D5FFE7039801686FF4025008612C
:10B610000398FFF7E5FAFFE7FFE79DF80500C0078D
:10B6200080B1FFE79DF808000006002809D5FFE774
:10B63000039801686FF4807008610398FFF7CCFAF3
:10B64000FFE7FFE79DF804004006002810D5FFE75C
:10B650009DF808004006002809D5FFE70398016817
:10B660006FF040000861039800F084FCFFE7FFE7FB
:10B670009DF804008006002810D5FFE79DF808001B
:10B680008006002809D5FFE7039801686FF02000C5
:10B6900008610398FFF7A8FAFFE7FFE79DF80600A7
:10B6A000C006002810D5FFE79DF80A00C006002854
:10B6B00009D5FFE7039801686FF4801008610398CB
:10B6C000FFF73CFBFFE7FFE79DF806008006002838
:10B6D00010D5FFE79DF80A008006002809D5FFE78E
:10B6E000039801686FF4001008610398FFF722FBCC
:10B6F000FFE7FFE79DF806004006002810D5FFE7AA
:10B700009DF80A004006002809D5FFE70398016864
:10B710006FF4800008610398FFF714FBFFE7FFE771
:10B720009DF806000006002810D5FFE79DF80A00E6
:10B730000006002809D5FFE7039801686FF40000B0
:10B7400008610398FFF7BCFBFFE7FFE704B080BD8B
:10B7500080B58AB009900020089007900690059067
:10B7600004900998006842F60041C4F20101884241
:10B770001FD1FFE7FFE741F24C00C4F2020001686D
:10B7800041F004010160006800F004000390039898
:10B79000FFE70E20049002200590002106910791FA
:10B7A000089040F60000C4F6000004A9FBF7BEFCB8
:10B7B0007DE00998006840F20041C4F2000188422F
:10B7C00020D1FFE7FFE741F24C00C4F2020001681C
:10B7D00041F004010160006800F00400029002984A
:10B7E000FFE74FF47070049002200590002106914D
:10B7F0000791089040F60000C4F6000004A9FBF78A
:10B8000095FC53E00998006840F60041C4F200013D
:10B8100088421FD1FFE7FFE741F24C00C4F202006B
:10B82000016841F002010160006800F0020001902F
:10B830000198FFE704200490022005900021069162
:10B840000791089040F20040C4F6000004A9FBF7FD
:10B850006DFC2AE00998006844F20001C4F201017D
:10B86000884221D1FFE7FFE741F24C00C4F2020019
:10B87000016841F020010160006800F020000090A4
:10B880000098FFE74FF4007004900220059000201C
:10B89000069007900320089041F20040C4F6000093
:10B8A00004A9FBF743FCFFE7FFE7FFE7FFE70AB068
:10B8B00080BD000081B0009001B0704780B586B0B7
:10B8C00004900391029200208DF80700FFE704988E
:10B8D00090F83C00012804D1FFE702208DF8170002
:10B8E000C0E00499012081F83C00FFE7FFE70298DF
:10B8F0000090142800F2A7800099DFE801F00BA463
:10B90000A4A424A4A4A43EA4A4A457A4A4A471A45D
:10B91000A4A48A0004980068039908F0C5FC049860
:10B920000168886940F008008861049801688869A6
:10B9300020F004008861039802690498016888690E
:10B940001043886183E004980068039908F066FD5D
:10B9500004980168886940F400608861049801686F
:10B96000886920F4806088610398026904980168FE
:10B97000886940EA0220886169E0049800680399B8
:10B9800008F014FE04980168C86940F00800C86116
:10B9900004980168C86920F00400C861039802692E
:10B9A00004980168C8691043C86150E004980068B1
:10B9B000039908F0C3FE04980168C86940F4006068
:10B9C000C86104980168C86920F48060C861039860
:10B9D000026904980168C86940EA0220C86136E03B
:10B9E00004980068039908F071FF04980168086DD5
:10B9F00040F00800086504980168086D20F0040014
:10BA000008650398026904980168086D1043086589
:10BA10001DE004980068039908F0CAFF04980168C3
:10BA2000086D40F40060086504980168086D20F412
:10BA3000806008650398026904980168086D40EA0F
:10BA40000220086503E001208DF80700FFE7FFE70B
:10BA50000499002081F83C00FFE79DF807008DF86D
:10BA60001700FFE79DF8170006B080BD80B582B0D3
:10BA70000090009820B9FFE701208DF8070045E00D
:10BA8000009890F83D0040B9FFE70099002081F848
:10BA90003C00009800F03EF8FFE70099022081F892
:10BAA0003D00009951F8040B08F0BCFA0099012000
:10BAB00081F84800FFE70099012081F83E000099D5
:10BAC00081F83F00009981F84000009981F8410019
:10BAD000009981F84200009981F84300FFE7FFE7F1
:10BAE0000099012081F84400009981F845000099EF
:10BAF00081F84600009981F84700FFE7009901208E
:10BB000081F83D0000208DF80700FFE79DF8070051
:10BB100002B080BD81B0009001B0704781B000904C
:10BB200001B0704780B590B00E900D910D9828B976
:10BB3000FFE70E9890F83E000B9034E00D98042833
:10BB400005D1FFE70E9890F83F000A9028E00D9885
:10BB5000082805D1FFE70E9890F8400009901CE0F6
:10BB60000D980C2805D1FFE70E9890F84100089039
:10BB700010E00D98102805D1FFE70E9890F84200CC
:10BB8000079004E00E9890F843000790FFE70798AD
:10BB90000890FFE708980990FFE709980A90FFE7E7
:10BBA0000A980B90FFE70B98012804D0FFE70120CB
:10BBB0008DF83F00FEE00D9828B9FFE70E990220AE
:10BBC00081F83E0038E00D98042806D1FFE70E9971
:10BBD000022081F83F0006902CE00D98082806D13D
:10BBE000FFE70E99022081F8400005901FE00D98B4
:10BBF0000C2806D1FFE70E99022081F8410004903D
:10BC000012E00D98102806D1FFE70E99022081F866
:10BC10004200039005E00E99022081F84300039052
:10BC2000FFE703980490FFE704980590FFE7059865
:10BC30000690FFE70698FFE70E9800680D9901222D
:10BC4000019208F0E3FA01980E99096842F6004261
:10BC5000C4F201029142029038D0FFE70E980168C9
:10BC6000012043F20042C4F20102914202902DD021
:10BC7000FFE70E980168012044F20002C4F20102BD
:10BC80009142029022D0FFE70E980168012044F211
:10BC90000042C4F201029142029017D0FFE70E98D1
:10BCA0000168012044F60002C4F2010291420290B0
:10BCB0000CD0FFE70E9800684BF20001CBF6FE7146
:10BCC0000844B0FA80F040090290FFE70298C007EC
:10BCD00038B1FFE70E980168486C40F400404864B2
:10BCE000FFE70E98006842F60041C4F20101884265
:10BCF0003CD0FFE70E980068B0F1804F36D0FFE7E8
:10BD00000E98006840F20041C4F2000188422DD034
:10BD1000FFE70E98006840F60001C4F20001884277
:10BD200024D0FFE70E98006840F60041C4F20001FD
:10BD300088421BD0FFE70E98006843F20041C4F22E
:10BD40000101884212D0FFE70E98006844F200011A
:10BD5000C4F20101884209D0FFE70E98006845F25D
:10BD60000001C4F20101884219D1FFE70E98006872
:10BD700080680721C0F2010108400C900C98062849
:10BD80000CD0FFE70C98B0F5803F07D0FFE70E9886
:10BD90000168086840F001000860FFE706E00E98BF
:10BDA0000168086840F001000860FFE700208DF896
:10BDB0003F00FFE79DF83F0010B080BD80B588B020
:10BDC00007900691079800680699002208F01EFA6D
:10BDD00007980168012042F60042C4F20102914234
:10BDE000059038D0FFE707980168012043F2004230
:10BDF000C4F20102914205902DD0FFE70798016837
:10BE0000012044F20002C4F201029142059022D0C6
:10BE1000FFE707980168012044F20042C4F20102E2
:10BE20009142059017D0FFE707980168012044F67A
:10BE30000002C4F20102914205900CD0FFE707987E
:10BE400000684BF20001CBF6FE710844B0FA80F0B6
:10BE500040090590FFE70598C007D8B1FFE7FFE765
:10BE600007980068006A41F21111084210D1FFE7FB
:10BE700007980068006A44F24441084207D1FFE78E
:10BE800007980168486C20F400404864FFE7FFE72A
:10BE9000FFE7FFE7FFE707980068006A41F211112A
:10BEA000084210D1FFE707980068006A44F2444155
:10BEB000084207D1FFE707980168086820F00100F1
:10BEC0000860FFE7FFE7FFE7069828B9FFE7079953
:10BED000012081F83E0038E00698042806D1FFE7EB
:10BEE0000799012081F83F0004902CE0069808286B
:10BEF00006D1FFE70799012081F8400003901FE079
:10BF000006980C2806D1FFE70799012081F8410027
:10BF1000029012E00698102806D1FFE70799012049
:10BF200081F84200019005E00799012081F8430063
:10BF30000190FFE701980290FFE702980390FFE766
:10BF400003980490FFE70498FFE7002008B080BD45
:10BF500080B582B001900198006845F20001C4F2FA
:10BF60000101884203D1FFE7FBF744FCFFE702B081
:10BF700080BD000081B0009001B0704783B0019097
:10BF8000FFE7019890F88400012804D1FFE7022020
:10BF90008DF80B002CE00199012081F88400FFE767
:10BFA000FFE701992420C1F8880001980068006823
:10BFB000009001980168086820F00100086000986E
:10BFC00020F00050009001990020486600980199E7
:10BFD0000968086001992020C1F88800FFE70199ED
:10BFE000002081F88400FFE700208DF80B00FFE7B8
:10BFF0009DF80B0003B0704780B586B004900391A4
:10C00000ADF80A200498D0F88C00202844D1FFE72E
:10C01000039820B1FFE7BDF80A0020B9FFE701202F
:10C020008DF817003CE004990120C86604990020AF
:10C03000086704980399BDF80A2009F03DFC8DF8C3
:10C0400009009DF8090010BBFFE70498C06E0128A5
:10C0500018D1FFE70498016810200862FFE7FFE7A6
:10C060000498006850E8000F40F010000190FFE7CE
:10C0700001990498026842E800100028F0D1FFE717
:10C08000FFE703E001208DF80900FFE7FFE79DF8D7
:10C0900009008DF8170003E002208DF81700FFE774
:10C0A0009DF8170006B080BD80B586B00590ADF84C
:10C0B0001210059847F61061C2F20001884215D1AE
:10C0C000FFE747F61060C2F2000045F2F811C2F235
:10C0D00000014022FFF790FF47F24C50C2F20000EF
:10C0E0000168086820F00400086085E0059847F6BC
:10C0F0007C51C2F20001884215D1FFE747F67C501F
:10C10000C2F2000045F23821C2F200014022FFF7DE
:10C1100073FF47F28C40C2F200000168086820F00B
:10C120000400086067E0059847F6A461C2F20001C8
:10C1300088421AD1FFE745F64C00C2F20000039096
:10C1400003F034F9039947F6A460C2F200004FF4FB
:10C150008072FFF751FF47F24C20C2F200000168E5
:10C16000086820F00400086044E0059847F638713C
:10C17000C2F2000188421AD1FFE745F64C10C2F224
:10C180000000029003F012F9029947F63870C2F2EB
:10C1900000004FF48072FFF72FFF47F20C30C2F21D
:10C1A00000000168086820F00400086021E005989C
:10C1B00047F6E841C2F20001884219D1FFE745F293
:10C1C000BC40C2F20000019007F0C8F8019947F6A0
:10C1D000E840C2F200004022FFF70EFF47F2CC30E9
:10C1E000C2F200000168086820F004000860FFE760
:10C1F000FFE7FFE7FFE7FFE706B080BD81B00090F3
:10C2000001B0704780B584B002900191FFE70298B9
:10C2100090F88400012804D1FFE702208DF80F0078
:10C2200032E00299012081F88400FFE7FFE70299DC
:10C230002420C1F8880002980068006800900298E5
:10C240000168086820F001000860029800688068B2
:10C2500020F060600199084302990968886002989B
:10C2600008F024FD009802990968086002992020CE
:10C27000C1F88800FFE70299002081F88400FFE7F9
:10C2800000208DF80F00FFE79DF80F0004B080BD7F
:10C2900080B584B002900191FFE7029890F8840085
:10C2A000012804D1FFE702208DF80F0032E0029947
:10C2B000012081F88400FFE7FFE702992420C1F8FC
:10C2C0008800029800680068009002980168086879
:10C2D00020F00100086002980068806820F060404B
:10C2E00001990843029909688860029808F0DEFC09
:10C2F000009802990968086002992020C1F8880016
:10C30000FFE70299002081F88400FFE700208DF804
:10C310000F00FFE79DF80F0004B080BD81B00090D2
:10C3200001B0704781B0009001B0704780B582B015
:10C330000190019847F61061C2F20001884215D1C0
:10C34000FFE747F61060C2F2000045F2F811C2F2B2
:10C3500000014022FFF750FE47F24C50C2F20000AD
:10C360000168086820F00400086079E0019847F649
:10C370007C51C2F20001884215D1FFE747F67C509C
:10C38000C2F2000045F23821C2F200014022FFF75C
:10C3900033FE47F28C40C2F200000168086820F0CA
:10C3A000040008605BE0019847F6A461C2F2000156
:10C3B000884216D1FFE747F6A460C2F2000045F6B6
:10C3C0004C01C2F200014FF48072FFF715FE47F2F4
:10C3D0004C20C2F200000168086820F004000860E8
:10C3E0003CE0019847F63871C2F20001884216D14C
:10C3F000FFE747F63870C2F2000045F64C11C2F272
:10C4000000014FF48072FFF7F7FD47F20C30C2F2E3
:10C4100000000168086820F0040008601DE0019831
:10C4200047F6E841C2F20001884215D1FFE747F61E
:10C43000E840C2F2000045F2BC41C2F200014022D5
:10C44000FFF7DAFD47F2CC30C2F20000016808685D
:10C4500020F004000860FFE7FFE7FFE7FFE7FFE7E2
:10C4600002B080BD80B590B00F900F980068C06991
:10C470000E900F98006800680D900F980068806813
:10C480000C900E9840F60F0108400B900B98E0B905
:10C49000FFE79DF838008006002815D5FFE79DF8D6
:10C4A00034008006002806D4FFE79DF83300C0065C
:10C4B000002809D5FFE70F98406F20B1FFE70F98DC
:10C4C000416F8847FFE796E2FFE70B98002800F0EE
:10C4D0000C81FFE70C980121C1F20001084209D14B
:10C4E000FFE70D9840F22011C0F20041084200F031
:10C4F000FC80FFE79DF83800C00788B1FFE79DF892
:10C500003500C00760B1FFE70F980168012008629D
:10C510000F99D1F8900040F00100C1F89000FFE7BA
:10C520009DF838008007002811D5FFE79DF83000FE
:10C53000C00760B1FFE70F980168022008620F99F9
:10C54000D1F8900040F00400C1F89000FFE79DF89A
:10C5500038004007002811D5FFE79DF83000C007DC
:10C5600060B1FFE70F980168042008620F99D1F8C5
:10C57000900040F00200C1F89000FFE79DF83800FD
:10C580000007002819D5FFE79DF834008006002831
:10C5900007D4FFE70C980121C1F2000108420CD03A
:10C5A000FFE70F980168082008620F99D1F8900002
:10C5B00040F00800C1F89000FFE79DF8390000073F
:10C5C000002813D5FFE79DF83700400700280DD558
:10C5D000FFE70F9801684FF4006008620F99D1F8E7
:10C5E000900040F02000C1F89000FFE70F98D0F8CD
:10C5F0009000002878D0FFE79DF8380080060028DA
:10C6000015D5FFE79DF834008006002806D4FFE723
:10C610009DF83300C006002809D5FFE70F98406F4A
:10C6200020B1FFE70F98416F8847FFE7FFE70F98BA
:10C63000D0F890000A900F980068806800F04000E1
:10C64000402806D0FFE79DF8280010F0280F42D0C0
:10C65000FFE70F9808F09EFD0F980068806840067D
:10C66000002833D5FFE7FFE7FFE70F98006850E8A1
:10C67000020F20F040000990FFE709990F98026827
:10C6800042E802100028F0D1FFE7FFE70F98D0F84A
:10C690008000B0B1FFE70F98D0F8801044F6C57065
:10C6A000C0F6010088630F98D0F88000F9F7CCF845
:10C6B00030B1FFE70F98D0F88000816B8847FFE723
:10C6C00003E00F98FFF732FEFFE703E00F98FFF754
:10C6D0002DFEFFE707E00F98FFF728FE0F990020D7
:10C6E000C1F89000FFE7FFE785E10F98C06E0128D1
:10C6F00040F02281FFE79DF83800C006002840F195
:10C700001B81FFE79DF83400C006002840F114812A
:10C71000FFE70F980168102008620F980068806892
:10C720004006002840F1A680FFE70F98D0F880006F
:10C7300000684068ADF82200BDF8220000287CD0D7
:10C74000FFE7BDF822000F99B1F85C10884274DA57
:10C75000FFE7BDF822000F99A1F85E000F98D0F80E
:10C760008000006800688006002859D4FFE7FFE7D2
:10C77000FFE70F98006850E8000F20F480700790E2
:10C78000FFE707990F98026842E800100028F0D1EF
:10C79000FFE7FFE7FFE7FFE70F98006850E8020FA9
:10C7A00020F001000690FFE706990F98026842E822
:10C7B00002100028F0D1FFE7FFE7FFE7FFE70F983F
:10C7C000006850E8020F20F040000590FFE705994F
:10C7D0000F98026842E802100028F0D1FFE7FFE757
:10C7E0000F992020C1F88C000F990020C866FFE740
:10C7F000FFE70F98006850E8000F20F01000049049
:10C80000FFE704990F98026842E800100028F0D171
:10C81000FFE7FFE70F98D0F88000F8F7C7FFFFE7C2
:10C820000F99022008670F98B0F85C10B0F85E20EE
:10C83000891A89B2FFF738FC1BE0BDF822000F9976
:10C84000B1F85C10884213D1FFE70F98D0F8800050
:10C85000006800688006002809D5FFE70F990220CC
:10C8600008670F98B0F85C10FFF71EFCFFE7FFE7C2
:10C87000FFE7C0E00F99B1F85C00B1F85E10401A14
:10C88000ADF80E000F98B0F85E00002853D0FFE717
:10C89000BDF80E0000284ED0FFE7FFE7FFE70F9836
:10C8A000006850E8000F20F490700290FFE70299B2
:10C8B0000F98026842E800100028F0D1FFE7FFE778
:10C8C000FFE7FFE70F98006850E8020F4FF6FE7190
:10C8D000CEF6FF7108400190FFE701990F980268BA
:10C8E00042E802100028EDD1FFE7FFE70F99202072
:10C8F000C1F88C000F990020C8660F994867FFE7C0
:10C90000FFE70F98006850E8000F20F0100000903B
:10C91000FFE700990F98026842E800100028F0D164
:10C92000FFE7FFE70F99022008670F98BDF80E1088
:10C93000FFF7BAFBFFE75EE09DF83A00C00600286B
:10C940000FD5FFE79DF832004006002809D5FFE724
:10C950000F9801684FF4801008620F98FFF7E2FC0F
:10C9600049E09DF838000006002815D5FFE79DF83E
:10C9700034000006002806D4FFE79DF832000006C8
:10C98000002809D5FFE70F98806F20B1FFE70F98C7
:10C99000816F8847FFE72EE09DF8380040060028A9
:10C9A0000AD5FFE79DF834004006002804D5FFE7CC
:10C9B0000F9808F03FFC1EE09DF83A0000060028A2
:10C9C0000AD5FFE79DF837004006002804D5FFE7A9
:10C9D0000F98FFF7A3FC0EE09DF83B00C00750B195
:10C9E000FFE79DF837000006002804D5FFE70F9801
:10C9F000FFF704FCFFE710B080BD000080B582B0F7
:10CA00000090009820B9FFE701208DF8070046E06C
:10CA10000098806908B1FFE700E0FFE70098D0F8D0
:10CA2000880040B9FFE70099002081F88400009851
:10CA300000F03AF8FFE700992420C1F88800009838
:10CA40000168086820F0010008600098806A20B141
:10CA5000FFE7009808F06EF9FFE7009808F03AFC4D
:10CA6000012804D1FFE701208DF8070017E00098A6
:10CA70000168486820F49040486000980168886820
:10CA800020F02A00886000980168086840F00100E2
:10CA90000860009808F0F2F98DF80700FFE79DF8AC
:10CAA000070002B080BD000080B5CAB049900020E8
:10CAB0001D904890479046904590449043904290F6
:10CAC000419040902BA85421F3F7ECFB4998006863
:10CAD00044F60041C4F20001884240F09380FFE731
:10CAE00008202B9000202F902BA8FCF7DBFB18B11F
:10CAF000FFE7F6F751F9FFE7FFE741F25800C4F20C
:10CB00000200016841F400210160006800F4002087
:10CB10002A902A98FFE7FFE741F24C00C4F2020096
:10CB2000016841F004010160006800F004002990F0
:10CB30002998FFE74FF4406044900220459001207F
:10CB40004690032047900520489040F60000C4F628
:10CB5000000044A9FAF7EAFA47F24C20C2F20000BA
:10CB60001C900821C4F2020101601E2141600021D5
:10CB70008160C1608022026141618161C1610162A5
:10CB8000F8F770FF18B1FFE7F6F706F9FFE7FFE7E0
:10CB9000499847F24C21C2F20001C0F88010499830
:10CBA0008862FFE747F2AC20C2F200001B906C21C4
:10CBB000C4F2020101601F21416010218160002147
:10CBC000C1608022026141618161C1610162F8F747
:10CBD00049FF18B1FFE7F6F7DFF8FFE7FFE74998ED
:10CBE00047F2AC21C2F20001C16749988862FFE7B1
:10CBF00034201A9004210022FAF7C0FE1A98FAF79E
:10CC0000B3FE03E34998006845F20001C4F2000155
:10CC1000884240F0D180FFE710202B900020309018
:10CC20002BA8FCF73FFB18B1FFE7F6F7B5F8FFE7D5
:10CC3000FFE741F25800C4F20200016841F480119C
:10CC40000160006800F4801028902898FFE7FFE753
:10CC500041F24C00C4F20200016841F0040101609D
:10CC6000006800F0040027902798FFE7FFE741F2F3
:10CC70004C00C4F20200016841F008010160006844
:10CC800000F0080026902698FFE74FF4805044906B
:10CC90000220149045900120159046900320169094
:10CCA000479005201790489040F60000C4F6000019
:10CCB00044A91891FAF73AFADDF850C0159B169A74
:10CCC000179818994FF0040ECDF810E1CDF814C163
:10CCD00046934792489040F60040C4F60000FAF7A9
:10CCE00025FA47F20C30C2F2000019901C21C4F260
:10CCF000020101602021416000218160C160802229
:10CD0000026141618161C1610162F8F7ABFE18B156
:10CD1000FFE7F6F741F8FFE70020409041908DF8DB
:10CD2000080101208DF80901439047F20C30C2F24E
:10CD3000000040A9F8F7A8FC18B1FFE7F6F72CF8B7
:10CD4000FFE7FFE7499847F20C31C2F20001C0F853
:10CD5000801049988862FFE747F26C30C2F2000009
:10CD600013908021C4F20201016021214160102151
:10CD700081600021C1608022026141618161C161E5
:10CD80000162F8F76FFE18B1FFE7F6F705F8FFE765
:10CD9000FFE7499847F26C31C2F20001C167499838
:10CDA0008862FFE73520129004210022FAF7E6FDA1
:10CDB0001298FAF7D9FD28E24998006843F6000175
:10CDC000C4F20101884240F09180FFE701202B90DE
:10CDD00000202C902BA8FCF765FA18B1FFE7F5F7B7
:10CDE000DBFFFFE7FFE741F26000C4F202000168E9
:10CDF00041F480410160006800F48040259025984E
:10CE0000FFE7FFE741F24C00C4F20200016841F085
:10CE100004010160006800F0040024902498FFE7FA
:10CE200030204490022045900121469147900720F0
:10CE3000489040F60000C4F6000044A9FAF776F9DD
:10CE400047F2CC30C2F2000011903021C4F202014E
:10CE500001601821416000218160C160802202616F
:10CE600041618161C1610162F8F7FCFD18B1FFE722
:10CE7000F5F792FFFFE7FFE7499847F2CC31C2F29E
:10CE80000001C0F8801049988862FFE747F22C4003
:10CE9000C2F2000010909421C4F202010160192135
:10CEA0004160102181600021C160802202614161E6
:10CEB0008161C1610162F8F7D5FD18B1FFE7F5F7AF
:10CEC0006BFFFFE7FFE7499847F22C41C2F20001F0
:10CED000C16749988862FFE725200F90042100224E
:10CEE000FAF74CFD0F98FAF73FFD8DE1499800687D
:10CEF00044F20041C4F20001884240F0A380FFE701
:10CF000002202B9000202D902BA8FCF7CBF918B114
:10CF1000FFE7F5F741FFFFE7FFE741F25800C4F2F2
:10CF20000200016841F400310160006800F4003043
:10CF300023902398FFE7FFE741F24C00C4F2020080
:10CF4000016841F001010160006800F001002290D9
:10CF50002298FFE702200A9044904590469047901F
:10CF600007200B9048904FF090400C9044A90D91F1
:10CF7000FAF7DCF80A9B0B9A0C980D994FF00C0C01
:10CF8000CDF810C145934FF0010CCDF818C147936F
:10CF90004892FAF7CBF847F28C40C2F200000E90AC
:10CFA0004421C4F2020101601A2141600021816024
:10CFB000C1608022026141618161C1610162F8F753
:10CFC00051FD18B1FFE7F5F7E7FEFFE7FFE74998E6
:10CFD00047F28C41C2F20001C0F880104998886283
:10CFE000FFE747F2EC40C2F20000099040F208412E
:10CFF000C4F2020101601B21416010218160002107
:10D00000C1608022026141618161C1610162F8F702
:10D0100029FD18B1FFE7F5F7BFFEFFE7FFE74998E5
:10D0200047F2EC41C2F20001C16749988862FFE70C
:10D030002620089004210022FAF7A0FC0898FAF7AD
:10D0400093FCE0E04998006844F60001C4F2000156
:10D05000884240F0D780FFE704202B9000202E90DC
:10D060002BA8FCF71FF918B1FFE7F5F795FEFFE7CE
:10D07000FFE741F25800C4F20200016841F4802148
:10D080000160006800F4802021902198FFE7FFE70D
:10D0900041F24C00C4F20200016841F0100101604D
:10D0A000006800F0100020902098FFE7FFE741F2B1
:10D0B0004C00C4F20200016841F002010160006806
:10D0C00000F002001F901F98FFE7FFE741F24C00BD
:10D0D000C4F20200016841F008010160006800F03C
:10D0E00008001E901E98FFE74FF400404490022075
:10D0F00004904590012103914691479007200590A7
:10D10000489041F20000C4F6000044A90691FAF7E5
:10D110000DF8039B049A059806994FF4806CCDF89E
:10D1200010C1459246934792489040F20040C4F6A1
:10D130000000F9F7FBFF049A059806994FF4805315
:10D140004493459246924792489040F60040C4F678
:10D150000000F9F7EBFF47F24C50C2F200000790D5
:10D160005821C4F2020101601C214160002181604C
:10D17000C1608022026141618161C1610162F8F791
:10D1800071FC18B1FFE7F5F707FEFFE7FFE74998E5
:10D1900047F24C51C2F20001C0F8801049988862F1
:10D1A000FFE747F2AC50C2F20000029040F21C418F
:10D1B000C4F2020101601D21416010218160002143
:10D1C000C1608022026141618161C1610162F8F741
:10D1D00049FC18B1FFE7F5F7DFFDFFE7FFE74998E6
:10D1E00047F2AC51C2F20001C16749988862FFE77B
:10D1F0002720019004210022FAF7C0FB0198FAF7DA
:10D20000B3FBFFE7FFE7FFE7FFE7FFE74AB080BDBB
:10D2100081B0009001B0704781B0009001B07047BC
:10D2200081B0009001B0704788B0ADF81E00ADF835
:10D230001C10ADF81A20BDF81E00B0F5B47F05DB58
:10D24000FFE74FF4B470ADF81E00FFE7BDF81C0017
:10D25000642804DBFFE76420ADF81C00FFE7BDF89D
:10D260001A00642804DBFFE76420ADF81A00FFE72A
:10D2700045F27821C2F200010020087040F2EE4130
:10D28000C2F20001087044F67801C2F20001087091
:10D29000BDF81E0044F24541C0F24441A0FB01200C
:10D2A0000590BDF81E00A0FB0121C1EB0111A0EB10
:10D2B00081000490BDF81A0000EE100AB8EEC00A12
:10D2C0009FED8D1A20EE010A8DED030A9DED030AF4
:10D2D000BDF81C00C0F1640001EE100AB8EEC11ADE
:10D2E00020EE010A9FED851A80EE010A8DED020AFB
:10D2F0009DED030A9DED021A30EE410A9DED041AE0
:10D30000B8EEC11A20EE010A9FED7D1A80EE010AE7
:10D310008DED010A05980090042800F2C480009960
:10D32000DFE801F003294F759B009DED030ABDEE78
:10D33000C00A10EE100A45F27821C2F2000108700E
:10D340009DED020A9DED011A30EE010ABDEEC00A04
:10D3500010EE100A44F67801C2F2000108709DED4B
:10D36000020ABDEEC00A10EE100A40F2EE41C2F20F
:10D3700000010870BDE09DED030A9DED011A30EE3D
:10D38000410ABDEEC00A10EE100A45F27821C2F241
:10D39000000108709DED030ABDEEC00A10EE100AF0
:10D3A00044F67801C2F2000108709DED020ABDEE5C
:10D3B000C00A10EE100A40F2EE41C2F200010870FD
:10D3C00097E09DED020ABDEEC00A10EE100A45F28C
:10D3D0007821C2F2000108709DED030ABDEEC00A7B
:10D3E00010EE100A44F67801C2F2000108709DEDBB
:10D3F000020A9DED011A30EE010ABDEEC00A10EEE0
:10D40000100A40F2EE41C2F20001087071E09DED99
:10D41000020ABDEEC00A10EE100A45F27821C2F2EF
:10D42000000108709DED030A9DED011A30EE410ADE
:10D43000BDEEC00A10EE100A44F67801C2F20001F7
:10D4400008709DED030ABDEEC00A10EE100A40F20E
:10D45000EE41C2F2000108704BE09DED020A9DED25
:10D46000011A30EE010ABDEEC00A10EE100A45F2B4
:10D470007821C2F2000108709DED020ABDEEC00ADB
:10D4800010EE100A44F67801C2F2000108709DED1A
:10D49000030ABDEEC00A10EE100A40F2EE41C2F2DD
:10D4A0000001087025E09DED030ABDEEC00A10EEF4
:10D4B000100A45F27821C2F2000108709DED020ABF
:10D4C000BDEEC00A10EE100A44F67801C2F2000167
:10D4D00008709DED030A9DED011A30EE410ABDEE84
:10D4E000C00A10EE100A40F2EE41C2F200010870CC
:10D4F000FFE708B0704700BF333323400000C84245
:10D500000000704280B584B0039003990020019020
:10D510000874039BD3F8F400596848F28C02C2F2F5
:10D520000002009212889B7B5A43F2F7A2FE0099F8
:10D53000039A50680988927B5143F2F7B3FE009931
:10D54000039AD2F818010988927B51435143F2F7AC
:10D55000A9FE0099039AD2F80C010988137B927BEB
:10D5600059435143F2F79EFE01988DF80B00FFE7F7
:10D570009DF80B000399897B884243DAFFE7039803
:10D58000D0F8F4009DF80B1000EB810090ED000A3C
:10D59000B5EE400AF1EE10FA2DD0FFE7039AD2F86B
:10D5A000F4109DF80B0051F82000127C41F8220085
:10D5B0009DF80B00039A516A127C8854DDF80CC068
:10D5C000DCF818009DF80BE050F82E00DCF80C1188
:10D5D0009CF80C209CF81030DCF814C01CF80EC02D
:10D5E00012FB03C201EB820141F8040C0399087C91
:10D5F00001300874FFE7FFE79DF80B0001308DF85C
:10D600000B00B5E700208DF80A00FFE79DF80A003F
:10D610000399097C884216DAFFE7039BD869596AA7
:10D620009DF80A20895C50F82100D3F818111B7C62
:10D6300012FB032241F82200FFE79DF80A000130A7
:10D640008DF80A00E2E70399087CA1F878000399B5
:10D65000087BA1F87A000399087BA1F88000039960
:10D66000087CA1F882000399087CA1F89000039936
:10D67000087CA1F892000399087BA1F8980003990F
:10D68000087CA1F89A000399087CA1F8480004B02E
:10D6900080BD0000FFE7FEE780B582B045F2F47080
:10D6A000C2F2000090ED001A45F29D41C2F2000165
:10D6B000C88800EE100AB8EEC02A46F6B460C2F27E
:10D6C000000090ED000A21EE021A30EE410A80EDD2
:10D6D000000A098900EE101AB8EEC00A90ED001A8F
:10D6E00030EE410A40F28000C2F2000090ED001AD4
:10D6F00030EE410A8DED010A9DED010A40F27C00F9
:10D70000C2F2000090ED001A80EE010A8DED000AD1
:10D710009DED000AB3EE071A20EE010A45F24050D3
:10D72000C2F2000080ED010A90ED010AB5EE400A58
:10D73000F1EE10FA07DCFFE745F24051C2F20001BA
:10D740000020486050E045F24050C2F2000090EDE9
:10D75000010A45F29D40C2F20000C08801EE100AA5
:10D76000B8EEC11AB2EE042A81EE021A9FED3E2AEB
:10D7700021EE021AB4EE410AF1EE10FA18DCFFE7CE
:10D7800045F29D40C2F20000C08800EE100AB8EEDB
:10D79000C00AB2EE041A80EE010A9FED331A20EEA1
:10D7A000010A45F24050C2F2000080ED010A1AE081
:10D7B00045F29D40C2F20000C08800EE100AB8EEAB
:10D7C000C00AB2EE041A80EE010A9FED271A60EE3D
:10D7D000010A45F24050C2F200000430B3EE070ADD
:10D7E00002F05AFFFFE7FFE746F6B460C2F200001E
:10D7F00090ED000AB5EE400AF1EE10FA07DAFFE705
:10D8000046F6B461C2F2000100200860FFE746F668
:10D81000B460C2F2000090ED000A40F28000C2F253
:10D82000000090ED001A30EE010A45F29D40C2F270
:10D830000000008901EE100AB8EEC11AB4EE410AE8
:10D84000F1EE10FA07DBFFE745F24051C2F20001AA
:10D850000120487006E045F24051C2F2000100206C
:10D860004870FFE702B080BDCDCC4C3F80B594B08E
:10D8700004AB0293139012911192139890ED040A45
:10D8800044F6F830C2F2000090ED001A30EE410A82
:10D89000B0EEC00A9FEDE31AB4EE410AF1EE10FAC1
:10D8A00030DCFFE7139890ED050A44F6F030C2F241
:10D8B000000090ED001A30EE410AB0EEC00A9FED74
:10D8C000D91AB4EE410AF1EE10FA1BDCFFE7139807
:10D8D00090ED060A44F6F430C2F2000090ED001A12
:10D8E00030EE410AB0EEC00A9FEDCE1AB4EE410A06
:10D8F000F1EE10FA06DCFFE713980078002800F03C
:10D90000E580FFE7139890ED040A9FEDC71A8DEDAF
:10D91000011A80EE010A0BF083FD9DED011A0298B9
:10D9200080ED0B0A139890ED050A80EE010A0BF0CA
:10D9300077FD9DED011A029880ED0C0A139890ED89
:10D94000060A80EE010A0BF06BFD9DED011A0298AC
:10D9500080ED0A0A139890ED040A80EE010A0CF09B
:10D9600013FA9DED011A029880ED080A139890EDC4
:10D97000050A80EE010A0CF007FA9DED011A0298E3
:10D9800080ED090A139890ED060A80EE010A0CF06A
:10D99000FBF9029880ED070A90ED0B0A90ED0A2A38
:10D9A00090ED081A90ED093A21EE031A90ED073A2E
:10D9B00021EE031A20EE020A30EE010A44F6CC31C1
:10D9C000C2F2000181ED000A90ED0C0A90ED081AF8
:10D9D00020EE010A44F6D031C2F2000181ED000AC6
:10D9E00090ED0B0A90ED072A90ED0A1A90ED083A97
:10D9F00021EE031A90ED093A21EE031A20EE020AF5
:10DA000030EE410A44F6D431C2F2000181ED000A41
:10DA100090ED0B0A90ED091A20EE010A90ED072A0D
:10DA200090ED0A1A90ED083A21EE031A20EE020A50
:10DA300030EE410A44F6D831C2F2000181ED000A0D
:10DA400090ED0B0A90ED0C1A20EE010A44F6DC3141
:10DA5000C2F2000181ED000A90ED080A90ED072A5C
:10DA600090ED0B1A90ED0A3A21EE031A90ED093A67
:10DA700021EE031A20EE420A30EE410A44F6E0316C
:10DA8000C2F2000181ED000A90ED0C0A90ED071A38
:10DA900020EE410A44F6E431C2F2000181ED000AB1
:10DAA0000D9944F6E832C2F20002116090ED0C0AC2
:10DAB00090ED0A1A20EE010A44F6EC30C2F20000A2
:10DAC00080ED000A139900200870FFE700208DF810
:10DAD0001F00FFE79DF81F0002281ADCFFE71298DD
:10DAE0009DF81F1000EB810090ED000A139800EBE9
:10DAF000810090ED011A20EE010A08A800EB8100D8
:10DB000080ED000AFFE79DF81F0001308DF81F002F
:10DB1000E0E7029844F6CC31C2F2000191ED000A30
:10DB200044F6D031C2F2000191ED001A90ED043AB2
:10DB300090ED054A90ED062A21EE041A20EE030A24
:10DB400030EE011A44F6D431C2F2000191ED000A20
:10DB500020EE020A30EE010A129981ED000A44F625
:10DB6000D831C2F2000191ED000A44F6DC31C2F274
:10DB7000000191ED001A90ED043A90ED054A90ED08
:10DB8000062A21EE041A20EE030A30EE011A44F6AA
:10DB9000E031C2F2000191ED000A20EE020A30EEFF
:10DBA000010A129981ED010A44F6E431C2F2000142
:10DBB00091ED000A44F6E831C2F2000191ED001A3D
:10DBC00090ED043A90ED054A90ED062A21EE041AF4
:10DBD00020EE030A30EE011A44F6EC30C2F20000E7
:10DBE00090ED000A20EE020A30EE010A129880ED54
:10DBF000020A00208DF80F00FFE79DF80F000228B1
:10DC000014DCFFE711989DF80F2050F8220004A9BA
:10DC100041F82200FFE79DF80F0001308DF80F005A
:10DC2000EBE700BF6F12833AE12E6542029844F69B
:10DC3000CC31C2F2000191ED000A44F6D031C2F2BB
:10DC4000000191ED001A90ED003A90ED014A90ED3F
:10DC5000022A21EE041A20EE030A30EE011A44F6DD
:10DC6000D431C2F2000191ED000A20EE020A30EE3A
:10DC7000010A119981ED000A44F6D831C2F200017F
:10DC800091ED000A44F6DC31C2F2000191ED001A78
:10DC900090ED003A90ED014A90ED022A21EE041A2F
:10DCA00020EE030A30EE011A44F6E031C2F2000120
:10DCB00091ED000A20EE020A30EE010A119981ED81
:10DCC000010A44F6E431C2F2000191ED000A44F683
:10DCD000E831C2F2000191ED001A90ED003A90EDAA
:10DCE000014A90ED022A21EE041A20EE030A30EEDA
:10DCF000011A44F6EC30C2F2000090ED000A20EE6A
:10DD0000020A30EE010A119880ED020A13980069A8
:10DD100044F6F831C2F2000108601398406944F6F5
:10DD2000F031C2F2000108601398806944F6F431C2
:10DD3000C2F20001086014B080BD000080B584B05C
:10DD400003900398D0F8EC00006844F6FC33C2F26C
:10DD5000000318600398D0F8EC00406844F60042D5
:10DD6000C2F2000210600398D0F8EC00806844F61C
:10DD70000441C2F2000108600398D0F8EC00D0F82A
:10DD80000CC044F60840C2F20000C0F800C093ED99
:10DD9000000A92ED001A21EE011A20EE000A30EE80
:10DDA000011A91ED000A20EE000A30EE011A90ED02
:10DDB000000A20EE000A30EE010A0CF053FA44F695
:10DDC0000C40C2F2000080ED000A00208DF80B002C
:10DDD000FFE79DF80B0003281ADCFFE744F60C4030
:10DDE000C2F2000090ED001A0398D0F8EC009DF804
:10DDF0000B1000EB810090ED000A20EE010A80ED8F
:10DE0000000AFFE79DF80B0001308DF80B00E0E7FA
:10DE100044F60041C2F2000191ED000A45F21800FB
:10DE2000C2F20000019090ED6F1A20EE010AB6EEEA
:10DE3000002A20EE020A039AD2F8002182ED040A99
:10DE400044F60442C2F2000292ED000A90ED6F1A0D
:10DE500020EE010A20EE020A039BD3F8003183ED85
:10DE6000050A44F6FC33C2F2000393ED000A90ED7C
:10DE70006F1A20EE010ABEEE001A20EE010ADDF84C
:10DE80000CC0DCF800C18CED0A0A44F6084CC2F262
:10DE9000000C9CED000A90ED6F3A20EE030A20EE94
:10DEA000020ADDF80CE0DEF800E18EED0B0A9CEDD5
:10DEB000000A90ED6F3A20EE030A20EE010ADDF829
:10DEC0000CC0DCF800C18CED100A93ED000A90ED57
:10DED0006F3A20EE030A20EE010A039BD3F80031CB
:10DEE00083ED110A92ED000A90ED6F3A20EE030ADD
:10DEF00020EE020A039AD2F8002182ED160A91ED73
:10DF0000000A90ED6F2A20EE020A20EE010A039922
:10DF1000D1F8001181ED170A90ED741A0399D1F828
:10DF2000F81091ED1C0A80EE010A81ED1C0A90EDBB
:10DF3000741A0398D0F8F80090ED230A80EE010AD5
:10DF400080ED230A0398D0F8F80090ED1C0A9FEDAD
:10DF5000151AB4EE410AF1EE10FA09DDFFE7039855
:10DF6000D0F8F81044F20000C4F21C600867FFE724
:10DF70000398D0F8F80090ED230A9FED0A1AB4EE4A
:10DF8000410AF1EE10FA0ADDFFE70398D0F8F81025
:10DF900044F20000C4F21C60C1F88C00FFE704B03A
:10DFA00080BD00BF00401C4680B58AB08DED090AD7
:10DFB000CDED080A8DED071ACDED061A8DED052A77
:10DFC00045F21801C2F2000104910120087009987D
:10DFD000C1F8B0010898C1F8B4010798C1F8B801B8
:10DFE0004CF67740C3F22B20C1F8CC01002081F819
:10DFF0003801C1F84401C1F84001C1F84C01C1F831
:10E0000048019DED060AB7EE001AB4EE410AF1EEA2
:10E0100010FA04DDFFE74FF07E500690FFE7069907
:10E0200045F21800C2F200000290C0F8D011059924
:10E03000C0F890110430062100220092032301F061
:10E0400055FA029901F5E07001F5E473012201929D
:10E0500011460BF09DFA009A01990298D0F8ECC095
:10E060004FF07E53CCF80030D0F8EC305A60D0F846
:10E07000EC309A60D0F8EC30DA604EF2E102C0F693
:10E080000002C0F8D0204DF63D52C0F60002C0F8A4
:10E09000D4204EF22912C0F60002C0F8D8204EF665
:10E0A000B502C0F60002C0F8DC2080F82E1080F81F
:10E0B0002F10D0F804014CF29C41C0F601019022CF
:10E0C0000392F2F7D6F80298039AD0F8FC0040F2D7
:10E0D0008401C2F20001F2F7CCF80AB080BD000062
:10E0E00080B582B001900198D0F8F81040F2840019
:10E0F000C2F200009022F2F7BCF80198D0F81C118F
:10E1000044F65840C2F2000048220092F2F7B1F8FB
:10E11000009A0198D0F80C1144F61040C2F20000A9
:10E12000F2F7A7F802B080BD80B586B005900598DB
:10E13000D0F8EC0090ED000A30EE000A44F6A04062
:10E14000C2F20000019080ED000A0598D0F8EC00C2
:10E1500090ED010A30EE000A44F6A440C2F200003D
:10E16000029080ED000A0598D0F8EC0090ED020ACC
:10E1700030EE000A44F6A840C2F20000039080EDA1
:10E18000000A0598D0F8EC0090ED030A30EE000A82
:10E1900044F6AC40C2F20000049080ED000A059BFA
:10E1A000D3F80C0148F28C01C2F2000109881A7BF5
:10E1B0009B7B59435143F2F775F8019B029A0399EF
:10E1C000049891ED000AB1EE400ADDF814C0DCF8C5
:10E1D0000CC18CED000AD0F800C0DDF814E0DEF8C8
:10E1E0000CE1CEF804C093ED000AB1EE400ADDF870
:10E1F00014C0DCF80CC18CED020AD2F800C0DDF8C6
:10E2000014E0DEF80CE1CEF80CC0D2F800C0DDF866
:10E2100014E0DEF80CE1CEF818C0D3F800C0DDF849
:10E2200014E0DEF80CE1CEF81CC0D0F800C0DDF838
:10E2300014E0DEF80CE1CEF820C0D1F800C0DDF823
:10E2400014E0DEF80CE1CEF824C01B68DDF814C041
:10E25000DCF80CC1CCF8303092ED000AB1EE400A87
:10E26000059AD2F80C2182ED0D0A91ED000AB1EE6B
:10E27000400A0599D1F80C1181ED0E0A0068059944
:10E28000D1F80C11C86306B080BD000080B592B013
:10E290000BA8099080ED060AC0ED050A80ED041A6E
:10E2A000C0ED031A80ED022AC0ED012A80ED003A8C
:10E2B00045F21800C2F20000007868B9FFE7B2EE3C
:10E2C000040ADFEDD60A9FEDD61AF7EE001A9FED8D
:10E2D000D52AFFF769FEFFE709990B9A45F2180066
:10E2E000C2F200000890C0F8BC2191ED060A90ED42
:10E2F000581A30EE410A80ED5B0A91ED050A90ED67
:10E30000591A30EE410A80ED5C0A91ED040A90ED55
:10E310005A1A30EE410A80ED5D0A90ED5B0AB6EEC6
:10E32000001A20EE010A91ED002A20EE020A44F6BE
:10E33000B442C2F20002079282ED000A90ED5C0A3C
:10E3400020EE010A91ED002A20EE020A44F6B842BE
:10E35000C2F20002069282ED000A90ED5D0A20EE04
:10E36000010A91ED001A20EE010A44F6BC41C2F206
:10E370000001059181ED000AD0F804014CF29C41A6
:10E38000C0F601019022F1F774FF059B069A0798E9
:10E39000089990ED000AB1EE400AD1F804C18CED65
:10E3A000010A92ED000AB1EE400AD1F804C18CEDE9
:10E3B000020A93ED000AB1EE400AD1F804C18CEDD7
:10E3C000030AD0F800C0D1F804E1CEF818C0D3F8A1
:10E3D00000C0D1F804E1CEF820C092ED000AB1EE01
:10E3E000400AD1F804C18CED090AD2F800C0D1F876
:10E3F00004E1CEF830C093ED000AB1EE400AD1F846
:10E4000004C18CED0D0AD0F800C0D1F804E1CEF8BB
:10E410003CC01B68D1F804C1CCF848301268D1F870
:10E420000431DA6490ED000AB1EE400AD1F804013B
:10E4300080ED140AD1F84801D1F84C11084370B9A5
:10E44000FFE70E9845F21801C2F20001C1F8780109
:10E450000D98C1F87C010C98C1F88001FFE709997B
:10E4600045F21800C2F20000049090ED5E0A90EDB3
:10E47000641A90ED6F3A20EE010A33EE012A80EE25
:10E48000020A91ED031A21EE031A81EE021A30EE10
:10E49000010A80ED5E0A90ED5F0A90ED641A90ED3E
:10E4A0006F3A20EE010A33EE012A80EE020A91ED66
:10E4B000021A21EE031A81EE021A30EE010A80EDF3
:10E4C0005F0A90ED600A90ED641A90ED6F3A20EECD
:10E4D000010A33EE012A80EE020A91ED011A21EEC3
:10E4E000031A81EE021A30EE010A80ED600A90ED07
:10E4F0005E1A90ED5F2A90ED600A22EE022A21EE6C
:10E50000011A31EE021A20EE000A30EE010A0BF079
:10E51000A9FE44F6B040C2F2000080ED000A0020DF
:10E520008DF82B00FFE79DF82B0002281EDCFFE78B
:10E530009DF82B1045F21800C2F2000000EB81029A
:10E5400092ED5E0A44F6B042C2F2000292ED001A69
:10E5500020EE010A806800EB810080ED000AFFE7F1
:10E560009DF82B0001308DF82B00DCE745F21800F8
:10E57000C2F20000039090ED5B1A90ED5C2A90EDE2
:10E580005D0A22EE022A21EE011A31EE021A20EE75
:10E59000000A30EE010A0BF065FE0398B0EE401A57
:10E5A000B7EE000A80EE011A80ED651A44F6B0411C
:10E5B000C2F2000191ED001A80EE010A80ED660AB8
:10E5C00090ED650A9FEDB41AB4EE410AF1EE10FA2F
:10E5D0002ADAFFE745F21800C2F2000090ED660A61
:10E5E0009FEDAE1AB4EE410AF1EE10FA1CDDFFE722
:10E5F00045F21800C2F2000090ED660A9FEDA81ADD
:10E60000B4EE410AF1EE10FA0EDAFFE745F2180116
:10E61000C2F20001012081F839010DE06F12833A46
:10E620008096184B0000000045F21801C2F200016C
:10E63000002081F83901FFE745F21801C2F200011C
:10E64000029191ED6C0A91ED6F1A20EE010A081DFE
:10E65000D1F8182182ED000A91ED6C0A91ED6F1A44
:10E6600020EE010AD1F8182182ED070A91ED6C0A1B
:10E6700091ED6F1A20EE010AD1F8182182ED0E0AF1
:10E6800091ED6C0A91ED6F1A20EE010AD1F8182174
:10E6900082ED150A91ED6D0A91ED6F1A20EE010AD7
:10E6A000D1F8182182ED1C0A91ED6D0A91ED6F1AD7
:10E6B00020EE010AD1F8182182ED230AD1F81C318D
:10E6C000D1F8B8211A60D1F81C31D1F8B8211A61FB
:10E6D000D1F81C21D1F8B811116201F031FB029878
:10E6E00041680968C0F8501141684968C0F8541180
:10E6F00041688968C0F858114168C968C0F85C1160
:10E7000041680969C0F8601141684969C0F864113D
:10E710000021C0F8681190ED541A90ED552A90ED43
:10E72000563A90ED570A22EE033A21EE000A30EEF7
:10E73000030A30EE000A22EE022A21EE011A31EE1F
:10E74000021A31EE011ABFEE002A8DED002A71EE99
:10E75000020A0DF069F99DED002A02989FED511A09
:10E760008DED011A20EE010A80ED6A0A90ED541A2F
:10E7700090ED550A90ED564A90ED573A24EE034A33
:10E7800021EE000A30EE040A30EE000A23EE033ACE
:10E7900021EE011A31EE031A31EE011A71EE020A6E
:10E7A0000DF042F99DED011A029820EE010A80ED6C
:10E7B000690A90ED540A90ED551A90ED563A90ED95
:10E7C000572A20EE030A21EE021A30EE410A30EEFB
:10E7D000000A0DF093F89DED011A029820EE010A4F
:10E7E00080ED680A90ED6A0A90ED761A30EE410AE3
:10E7F0009FED2D1AB4EE410AF1EE10FA0ADDFFE7A3
:10E8000045F21801C2F20001B1F8D4010138A1F8B3
:10E81000D4011CE045F21800C2F2000090ED6A0A33
:10E8200090ED761A30EE410A9FED201AB4EE410ABF
:10E83000F1EE10FA0ADAFFE745F21801C2F2000120
:10E84000B1F8D4010130A1F8D401FFE7FFE745F2A8
:10E850001801C2F20001B1F9D40100EE100AB8EEBD
:10E86000C00A91ED6A1A9FED122A20EE020A30EEDC
:10E87000010A81ED6B0AD1F8A801C1F8D801D1F8DD
:10E880004821D1F84C01013240F10000C1F8482183
:10E89000C1F84C0112B080BD9A99993ECDCC14417B
:10E8A000CDCC2441E12E654200003443000034C346
:10E8B0000000B44380B586B00590059901F1780059
:10E8C00080310BF01BFA059981F8C8000599B1F861
:10E8D0007800A1F8A8000599B1F85A00A1F8AA009B
:10E8E000059A02F1780002F15801A8320BF04AF9BA
:10E8F000059981F8C8000599B1F8A800A1F8B00001
:10E900000599B1F88200A1F8B200059A02F1A800B9
:10E9100002F18001B0320BF035F9059981F8C80099
:10E920000599B1F89000A1F8A0000599B1F89200FE
:10E93000A1F8A200059A02F1B00002F19001A03204
:10E940000AF0F2FD059981F8C800059901F1A000CF
:10E95000B0310AF031FE059981F8C8000598D0F869
:10E96000EC00006844F6C043C2F20003186005984A
:10E97000D0F8EC00406844F6C442C2F200021060D5
:10E980000598D0F8EC00806844F6C841C2F2000156
:10E9900008600598D0F8EC00D0F80CC044F6CC40E4
:10E9A000C2F20000C0F800C0DDF814E0BEF878C084
:10E9B000AEF8B8C0DDF814E04FF0010CAEF8BAC004
:10E9C00092ED000A90ED002A93ED001A91ED003AC5
:10E9D00021EE031A20EE020A30EE410A30EE000A60
:10E9E000DDF814C0DCF82CC18CED000A93ED000AB0
:10E9F00092ED002A91ED001A90ED003A21EE031AF3
:10EA000020EE020A30EE010A30EE000ADDF814C0F2
:10EA1000DCF82CC18CED010A93ED000A92ED001A8E
:10EA200021EE011A20EE000A30EE410A91ED001AA3
:10EA300021EE011A30EE411A90ED000A20EE000A94
:10EA400030EE010A0598D0F82C0180ED020A002072
:10EA50008DF81300FFE79DF8130002281EDCFFE786
:10EA60000598D0F82C019DF8131000EB810090ED73
:10EA7000000AB0EEC00A0CF0B5FE9DF8131045F286
:10EA80001800C2F2000000EB810080ED610AFFE790
:10EA90009DF8130001308DF81300DCE70599B1F8FB
:10EAA0004800A1F8C000059901200190A1F8C2001A
:10EAB000059A02F1480002F1B801C0320BF0EAF801
:10EAC00001460198059A82F8C810059AB2F8C0105C
:10EAD000A2F8A8100599A1F8AA00059A02F1B000C1
:10EAE00002F1C001A8320BF04DF801460198059AD9
:10EAF00082F8C8100599A1F8B8000599B1F8C000CE
:10EB0000A1F8BA00059901F1C000B8310BF0F6F890
:10EB1000059981F8C800059901F1B800A83145F2BE
:10EB20001802C2F20002029202F5E0720BF02AF81B
:10EB300001460298059A82F8C81090ED720A90ED8D
:10EB4000731AB6EE002A21EE021AB4EE410AF1EE73
:10EB500010FA08DAFFE745F21801C2F200010120BD
:10EB600081F83801FFE745F21800C2F2000090ED8D
:10EB7000720A90ED731AB4EE410AF1EE10FA64DDF8
:10EB8000FFE745F21800C2F2000090F838010028B3
:10EB90005BD0FFE745F21800C2F2000090F839019F
:10EBA00080B1FFE745F21801C2F20001D1F840211F
:10EBB000D1F84401013240F10000C1F84021C1F810
:10EBC000440109E045F21801C2F200010020C1F839
:10EBD0004401C1F84001FFE745F21800C2F200000D
:10EBE000D0F84011D0F84401333970F100000BD354
:10EBF000FFE745F21801C2F20001002081F8380158
:10EC0000059981F82C001FE0059BD3F8E800D3F8A4
:10EC1000EC1048F28C02C2F20002009212881B7BB8
:10EC20005A43F1F726FB009A059BD3F8F800D3F876
:10EC3000FC1012881B7B5A435A43F1F71AFB0599C3
:10EC4000012081F82C0063E142E045F21800C2F295
:10EC5000000090ED720A90ED731A9FEDAE2A21EE3E
:10EC6000021AB4EE410AF1EE10FA1BDDFFE745F29D
:10EC70001800C2F2000090F8380198B1FFE745F2A1
:10EC80001800C2F2000090ED720A90ED731A31EE96
:10EC9000400A9FEDA12A21EE021A80EE010A80EDC2
:10ECA000670A08E045F21801C2F200014FF07E50F9
:10ECB000C1F89C01FFE745F21801C2F200010020F3
:10ECC000C1F84401C1F84001059981F82C00FFE723
:10ECD0000599B1F85800A1F8A8000599B1F882008B
:10ECE000A1F8AA00059A02F1580002F18001A832A9
:10ECF0000AF048FF059981F8C800059A02F1A800BA
:10ED000002F1B00198320AF03DFF059981F8C80080
:10ED100000208DF81200FFE79DF81200059AB2F866
:10ED20009810B2F89A20514388421ADAFFE745F268
:10ED30001800C2F2000090ED671A0598D0F81C0187
:10ED40009DF8121000EB810090ED000A20EE010A00
:10ED500080ED000AFFE79DF8120001308DF81200E7
:10ED6000DAE704208DF81100FFE79DF8110005286F
:10ED700035DCFFE700208DF81000FFE79DF810005C
:10ED8000022825DCFFE79DF8111045F21800C2F2B9
:10ED9000000000EB810090ED5D0A9FED621A80EEAD
:10EDA000011A0598D0F81C0101EB41019DF81020D3
:10EDB000114400EB810090ED000A20EE010A80ED85
:10EDC000000AFFE79DF8100001308DF81000D5E72C
:10EDD000FFE79DF8110001308DF81100C5E7059996
:10EDE000B1F89800A1F8B80005990120A1F8BA007F
:10EDF000059A02F1980002F1C001B8320AF0C2FE91
:10EE0000059981F8C80045F21800C2F2000090F898
:10EE1000380100286BD0FFE704208DF80F00FFE7D2
:10EE20009DF80F00052861DCFFE70598D0F8BC00CD
:10EE30009DF80F1000EB810090ED000A45F21800DC
:10EE4000C2F2000090ED6F1A9FED342A21EE021AF3
:10EE5000B4EE410AF1EE10FA14DDFFE745F21800B6
:10EE6000C2F2000090ED6F0A9FED2C1A20EE010A0D
:10EE70000598D0F8BC009DF80F1000EB810080EDE4
:10EE8000000AFFE70598D0F8BC009DF80F1000EBD2
:10EE9000810090ED000A45F21800C2F2000090EDEA
:10EEA0006F1A9FED1F2A21EE021AB4EE410AF1EE0D
:10EEB00010FA14DAFFE745F21800C2F2000090EDF4
:10EEC0006F0A9FED171A20EE010A0598D0F8BC00D2
:10EED0009DF80F1000EB810080ED000AFFE7FFE7CF
:10EEE0009DF80F0001308DF80F0099E7FFE70598B6
:10EEF000D0F8BC100020C860059A02F1380002F179
:10EF0000B80130320AF010FB059981F8C800FFE71C
:10EF100006B080BDCDCCCC3D6666663F0AD7233CAB
:10EF20000AD723BCDA0FC93F80B582B040F2E8109F
:10EF3000C2F2000090ED000A40F2B040C2F20000C0
:10EF4000D0ED070A45F60000C2F20000019003F080
:10EF5000F7F8019840309FED0A0ADFED0A0A01F048
:10EF60009BFB019890ED100ABDEEC00A10EE100A4E
:10EF700047F6B831C2F200010968486302B080BDAB
:10EF800000409C460000000080B584B044F6B031DB
:10EF9000C2F200014FF07E5048608860C8600020D7
:10EFA000029008614861886101200870B2EE040A8D
:10EFB000DFED190A9FED191AF7EE001A9FED182AD6
:10EFC0008DED012AFEF7F0FFDDED011A45F6000098
:10EFD000C2F200009FED130ADFED130A9FED132A22
:10EFE000DFED132AB0EE611A03F082F847F6B8306D
:10EFF000C2F200000390FCF727F802990398FCF78F
:10F0000091FD44F6D041C2F2000144F29630C3F6BD
:10F010000B40086404B080BD6F12833A8096184B91
:10F020000000000000409C450000C8420000FA4576
:10F0300000409C4680B592B0FFF7A6FF44F6A05171
:10F04000C2F2000101200870FFE744F6E450C2F26A
:10F0500000000188013101800088642807DBFFE798
:10F0600044F65C51C2F2000100200870FFE744F64C
:10F07000E450C2F200000088C82807DBFFE744F62E
:10F08000E451C2F2000164200880FFE744F6E45036
:10F09000C2F200000088C72803D1FFE7F2F740FD65
:10F0A000FFE74FF2C350C4F21C10119000200A90E9
:10F0B00010900F9044F65850C2F20000F3F74CFA4B
:10F0C00046F6C060C2F20000089080ED000A90EDA4
:10F0D000001A48F29000C2F2000090ED000A30EEF3
:10F0E000010A80ED000AFFF71FFF40F2B040C2F2B4
:10F0F00000000490F1F788FC0498016844F6D043BE
:10F10000C2F2000309931A4642F81C1F0792416895
:10F11000196281685962D0F80CC0194641F810CFC5
:10F120000691D0F810C0C3F814C04069986144F645
:10F13000B030C2F20000FEF799FB0799099891EDF3
:10F14000000AD0ED090A0CF06FFC09989FED931AA4
:10F150008DED051A20EE410A80ED1A0A90ED080A9D
:10F16000D0ED090A0CF060FC9DED051A069B079A8C
:10F170000898099920EE010A81ED1B0A93ED000A17
:10F18000D2ED001AD1ED050A91ED061A91ED082A8B
:10F19000D1ED092A90ED003AFFF778F8099A45F287
:10F1A000180CC2F2000CDCF85001DCF85411DCF849
:10F1B0005831DCF85CC1C2F80CC09360516010603B
:10F1C00002F144014CF6EC70C0F60100F1F76AFE62
:10F1D000099A02F150014CF6F870C0F60100F1F7FF
:10F1E00061FE099A02F15C014DF20400C0F60100D3
:10F1F000F1F758FE099A0FA80CA9F3F7DDFA0A985F
:10F200008DF82F00FFE79DF82F00022830DCFFE784
:10F210009DF82F0044F6D041C2F200010CAA02EB87
:10F22000800292ED002A01EB800090ED070A90ED3C
:10F230000A1A30EE420A46F6C062C2F2000292EDAD
:10F24000002A20EE020A91ED103A33EE022A80EEF7
:10F25000020A21EE031A81EE021A30EE010A80ED55
:10F260000A0AFFE79DF82F0001308DF82F00CAE74A
:10F2700044F6D042C2F20002039202F1280002F1E9
:10F280003401F1F70FFE039945F21800C2F20000B5
:10F29000D0F8A8218A67D0F8A4214A67D0F8A02125
:10F2A0000A67D0F8AC01C1F8800045F29430C2F290
:10F2B00000000078012835D1FFE744F6D040C2F2C3
:10F2C000000090ED1E0A90ED1F1A30EE410A9FEDEE
:10F2D000341AB4EE410AF1EE10FA08DDFFE744F605
:10F2E000A051C2F20001086A01380862FFE744F643
:10F2F000D040C2F2000090ED1E0A90ED1F1A30EED1
:10F30000410A9FED281AB4EE410AF1EE10FA08DA2C
:10F31000FFE744F6A051C2F20001086A013008621A
:10F32000FFE7FFE744F6D041C2F200010191CA694C
:10F330000B6AD1F824C044F6A050C2F2000002903B
:10F34000C0F834C00363C2620A694B69D1F818C0BF
:10F35000C0F840C0C36382638A6F42604A6FC26074
:10F360000A6F826091ED060A9FED0C1A20EE010AE9
:10F3700080ED040A90ED080AB8EEC00A91ED1E1A5D
:10F380009FED092A20EE020A30EE010A80ED090AFB
:10F39000886FC86701200AF0F7FF56E6E02E654245
:10F3A00000003443000034C30000B44380B582B091
:10F3B00001900020ADF8000001980078A52830D118
:10F3C000FFE7019805210BF03FFF012828D1FFE757
:10F3D000019840780930ADF802000198BDF802109C
:10F3E0000BF0F4FE01281AD1FFE7019948798979D9
:10F3F00040EA0120ADF80000BDF8000040F2023103
:10F4000088420AD1FFE70198C11D44F62000C2F2EC
:10F4100000001E22F0F72DFF00E0FFE7FFE7FFE707
:10F420000EE001980078A92809D1FFE701984078FB
:10F43000532804D1FFE71520ADF80200FFE7FFE7EE
:10F440000198BDF80210405CA52807D0FFE701989D
:10F45000BDF80210405CA92807D1FFE70198BDF86C
:10F4600002100844FFF7A2FFFFE702B080BD0000D2
:10F4700083B0029001918DF8032000208DF80200E6
:10F480008DF80200FFE79DF802009DF80310884206
:10F4900029DAFFE70298000F092809D8FFE7029848
:10F4A000000F303001999DF8022001F8120009E0A8
:10F4B0000299372000EB117001999DF8022001F8A4
:10F4C0001200FFE702980001029001989DF80210D7
:10F4D00000EB410100204870FFE79DF80200013079
:10F4E0008DF80200CFE703B07047000080B58AB006
:10F4F00009908DF823108DF822208DF8213048F2E4
:10F500008C01C2F2000106910420088048F28A01B1
:10F51000C2F20001082008809DF8230009990873B1
:10F520009DF82200099948739DF821000999887374
:10F530000999002008749DF821000BF0B3FA09998D
:10F540004861099840699DF82110F0F7ABFE0698D4
:10F5500000889DF8211048430BF0A4FA0699099AF7
:10F5600090610998806909889DF821205143F0F73E
:10F5700099FE069800889DF8211048430BF092FAF6
:10F580000699099AD0610998C06909889DF82120D7
:10F590005143F0F787FE069800889DF823104843F2
:10F5A0000BF080FA0699099A10620998006A098896
:10F5B0009DF823205143F0F775FE9DF821000BF0D4
:10F5C00071FA099948620998406A9DF82110F0F78C
:10F5D00069FE069800889DF8231048430BF062FAF4
:10F5E0000699099A10600998006809889DF82320F7
:10F5F0005143F0F757FE069800889DF821104843C4
:10F600000BF050FA0699099A5060099840680988E9
:10F610009DF821205143F0F745FE069800889DF89B
:10F62000221048430BF03EFA0699099A9060099817
:10F63000806809889DF822205143F0F733FE069830
:10F6400000889DF8231048430BF02CFA0699099A7C
:10F65000C2F8E8000998D0F8E80009889DF823204E
:10F660005143F0F71FFE099A02F13000117BD2F8E6
:10F67000E8300122079209F08BFF069800889DF878
:10F68000231048430BF00EFA0699099AC2F8EC00D1
:10F690000998D0F8EC0009889DF823205143F0F731
:10F6A00001FE079A099B03F13800197BD3F8EC306F
:10F6B00009F06EFF9DF8220010B3FFE748F28C00BE
:10F6C000C2F20000059000889DF8221048430BF01C
:10F6D000E9F90599099AC2F8F0000998D0F8F00004
:10F6E00009889DF822205143F0F7DCFD099A02F1C8
:10F6F0004000517BD2F8F030012209F049FFFFE7CA
:10F7000048F28C00C2F20000049000889DF821109D
:10F7100048430BF0C7F90499099AC2F8F400099814
:10F72000D0F8F40009889DF821205143F0F7BAFD84
:10F73000099A02F14800917BD2F8F430012209F0D5
:10F7400027FF049800889DF82310484348430BF096
:10F75000A9F90499099AC2F8F8000998D0F8F800B4
:10F7600009889DF8232051435143F0F79BFD0999E7
:10F7700001F150000A7BD1F8F830114609F008FF7A
:10F78000049800889DF82310484348430BF08AF9F9
:10F790000499099AC2F8FC000998D0F8FC0009887D
:10F7A0009DF8232051435143F0F77CFD099901F165
:10F7B00058000A7BD1F8FC30114609F0E9FE0498A4
:10F7C00000889DF82310484348430BF06BF901462D
:10F7D0000498099AC2F8001100889DF82310484344
:10F7E00048430BF05FF90499099AC2F8040109989B
:10F7F000D0F8000109889DF8232051435143F0F7C8
:10F8000051FD04990998D0F8040109889DF8232036
:10F8100051435143F0F746FD099901F160000A7B1D
:10F82000D1F80031114609F0B3FE099901F16800E1
:10F830000A7BD1F80431114609F0AAFE9DF8220096
:10F8400040B3FFE748F28C00C2F20000039000884A
:10F850009DF8231048439DF8221048430BF022F9ED
:10F860000399099AC2F808010998D0F80801098893
:10F870009DF8232051439DF822205143F0F712FDBB
:10F88000099B03F17000197B5A7BD3F8083109F00A
:10F890007FFEFFE748F28C00C2F200000190008872
:10F8A0009DF8211048439DF8231048430BF0FAF8C7
:10F8B00001460198099AC2F80C1100889DF823109E
:10F8C00048439DF8211048430BF0ECF80199099A40
:10F8D000C2F810010998D0F80C0109889DF8212080
:10F8E00051439DF823205143F0F7DCFC019909981E
:10F8F000D0F8100109889DF8232051439DF821205C
:10F900005143F0F7CFFC099B03F178001A7B997BF8
:10F91000D3F80C3109F03CFE099B03F18000197B00
:10F920009A7BD3F8103109F033FE019800889DF8D6
:10F930002310484348430BF0B5F80199099AC2F8DF
:10F9400014010998D0F8140109889DF82320514327
:10F950005143F0F7A7FC099901F188000A7BD1F81F
:10F960001431114609F014FE019800889DF8211009
:10F97000484348430BF096F80199099AC2F81801D8
:10F980000998D0F8180109889DF821205143514366
:10F99000F0F788FC099901F190008A7BD1F81831C1
:10F9A000114609F0F5FD019800889DF823104843A1
:10F9B0009DF8211048430BF075F80199099AC2F897
:10F9C0001C010998D0F81C0109889DF82320514397
:10F9D0009DF821205143F0F765FC099B03F1980045
:10F9E000197B9A7BD3F81C3109F0D2FD019800886D
:10F9F0000999097B484348430BF054F801460198A4
:10FA0000099AC2F8201100880999097B48434843A4
:10FA10000BF048F801460198099AC2F824110088B1
:10FA20000999097B484348430BF03CF8014601988B
:10FA3000099AC2F8281100880999097B48430BF0FC
:10FA400031F801460198099AC2F82C1100880999E9
:10FA5000097B48430BF026F80999C1F83001099950
:10FA600001F1A0000A7BD1F82031114609F090FD88
:10FA7000099901F1A8000A7BD1F82431114609F057
:10FA800087FD099901F1B0000A7BD1F828311146B0
:10FA900009F07EFD099A02F1B800117BD2F82C31F1
:10FAA0000122029209F074FD029A099B03F1C00041
:10FAB000197BD3F8303109F06BFD0999002081F8EA
:10FAC0002800099981F82900099981F82A000999E3
:10FAD00081F82B00099981F82C000AB080BD000044
:10FAE00080B582B001900198C07B20B1FFE70198FA
:10FAF000FDF708FD16E0019BD3F8F400596848F2C1
:10FB00008C02C2F20002009212889B7B5A43F0F7EB
:10FB1000B0FB0099019A50680988927B5143F0F735
:10FB2000C1FBFFE7019BD3F8F000996848F28C0213
:10FB3000C2F2000212885B7B5A43F0F79AFB02B0D4
:10FB400080BD000080B582B00190019890F82C0033
:10FB5000B0BBFFE70199B1F89800A1F8A80001999E
:10FB6000B1F87A00A1F8AA000199B1F8A800A1F8AB
:10FB7000B0000199B1F85A00A1F8B200019A02F15F
:10FB8000980002F17801A83209F0FCFF019981F890
:10FB9000C800019A02F1A80002F15801B03209F040
:10FBA000F1FF019981F8C800019A02F1580002F1B1
:10FBB000B00150320AF06EF8019981F8C800FFE7F1
:10FBC00002B080BD80B582B00190019890F8290004
:10FBD000A8BBFFE7019901F1600068310AF08EF8D7
:10FBE000019981F8C800019A02F1600002F1500108
:10FBF000583209F0C7FF019981F8C8000199B1F89E
:10FC00005800A1F8A8000199B1F86A00A1F8AA006B
:10FC1000019A02F1580002F16801A83209F0B2FF1E
:10FC2000019981F8C800019A02F1A80002F1880147
:10FC3000583209F079FC019981F8C800FFE702B059
:10FC400080BD000080B582B00190019890F82A0034
:10FC5000002872D1FFE7019901F1780080310AF0A4
:10FC60004DF8019981F8C8000199B1F87800A1F820
:10FC7000A8000199B1F85A00A1F8AA00019A02F16E
:10FC8000780002F15801A83209F07CFF019981F84F
:10FC9000C8000199B1F8A800A1F8B0000199B1F825
:10FCA0008200A1F8B200019A02F1A80002F18001DD
:10FCB000B03209F067FF019981F8C8000199B1F8E5
:10FCC0009000A1F8A0000199B1F89200A1F8A2005B
:10FCD000019A02F1B00002F19001A03209F024FC77
:10FCE000019981F8C800019901F1A000B03109F033
:10FCF00063FC019981F8C8000199B1F85800A1F896
:10FD0000A8000199B1F88200A1F8AA00019A02F1B5
:10FD1000580002F18001A83209F034FF019981F8FE
:10FD2000C800019A02F1A80002F1B001983209F06E
:10FD300029FF019981F8C800FFE702B080BD0000EB
:10FD400080B584B003900398FFF7CAFE0398D0F8FB
:10FD5000CC0028B1FFE70398D0F8CC108847FFE724
:10FD6000039800F0B5F80398D0F8D00028B1FFE769
:10FD70000398D0F8D0108847FFE70398FFF722FFD9
:10FD80000398D0F8D40028B1FFE70398D0F8D41036
:10FD90008847FFE70398007C20B9FFE70398C07B02
:10FDA000F0B9FFE70398FFF74DFF0398D0F8D800AC
:10FDB00028B1FFE70398D0F8D8108847FFE70398E9
:10FDC00000F0D8F80398D0F8DC0028B1FFE70398DA
:10FDD000D0F8DC108847FFE70398FFF7B3FE1BE07D
:10FDE000039BD3F8E800D3F8EC1048F28C02C2F27F
:10FDF0000002019212881B7B5A43F0F73AFA019AEB
:10FE0000039BD3F8F800D3F8FC1012881B7B5A43ED
:10FE10005A43F0F72EFAFFE70398D0F8E00028B134
:10FE2000FFE70398D0F8E0108847FFE700208DF83F
:10FE30000B00FFE79DF80B000399097B88422CDA41
:10FE4000FFE70398D0F8F8209DF80B10037B11FB17
:10FE5000031302EB830292ED000A006A00EB8100BB
:10FE600090ED001AB4EE410AF1EE10FA0EDAFFE757
:10FE7000039B186A9DF80B2050F82200D3F8F81065
:10FE80001B7B12FB032241F82200FFE7FFE79DF8EE
:10FE90000B0001308DF80B00CCE7039B1868D3F8FA
:10FEA000E81048F28C02C2F2000212881B7B5A430F
:10FEB000F0F7DFF90398D0F8E40028B1FFE70398E2
:10FEC000D0F8E4108847FFE70398006804B080BDCD
:10FED00080B582B00190019890F82800002846D1A2
:10FEE000FFE70198407B012834DBFFE70199087B9D
:10FEF000A1F8B800019901200090A1F8BA00019A78
:10FF000002F1600002F13001B83209F03BFE014617
:10FF10000098019A82F8C810019A117BA2F8C010CB
:10FF20000199A1F8C200019A02F1700002F14001AA
:10FF3000C03209F027FE019981F8C800019A02F148
:10FF4000B80002F1C001383209F0EEFA019981F8E7
:10FF5000C8000BE0019A02F1600002F13001383272
:10FF600009F010FE019981F8C800FFE7FFE702B031
:10FF700080BD000080B582B00190019890F82B0000
:10FF800000284BD1FFE70199B1F87800A1F8B8003B
:10FF9000019901200090A1F8BA00019A02F17800BD
:10FFA00002F13801B83209F0EDFD01460098019ADE
:10FFB00082F8C810019AB2F84810A2F8C01001994E
:10FFC000A1F8C200019A02F1480002F1B801C03262
:10FFD00009F060FE01460098019A82F8C810019A63
:10FFE000B2F89810A2F8B8100199A1F8BA00019AD5
:10FFF00002F1980002F1C001B83209F0C3FD019985
:020000040801F1
:1000000081F8C800019A02F1380002F1B8013032DB
:1000100009F08AFA019981F8C800FFE702B080BDB3
:1000200081B000208DF80300FFE79DF8030002284F
:100030001BDCFFE79DF80300020144F6EC50C2F21E
:100040000000012181549DF8032000EB0212517041
:100050009DF8031000EB011100200873FFE79DF8E5
:10006000030001308DF80300DFE701B070470000A6
:1000700080B582B00190FFF7D3FF00F061F9FFE790
:1000800000F006F800F0C0F90A200AF07DF9F7E761
:1000900080B584B040F60040C4F600000190102105
:1000A000F7F7F8F90146019844F6EC52C2F2000263
:1000B000029211704021F7F7EDF9029A014601987A
:1000C00011742021F7F7E6F9029981F82000002049
:1000D0008DF80F00FFE79DF80F00022800F3DD8088
:1000E000FFE79DF80F00010144F6EC50C2F200005A
:1000F000405CE0B9FFE79DF80F1044F6EC50C2F207
:10010000000000EB01104078012810D1FFE79DF8B6
:100110000F0044F6EC51C2F2000101EB0012002086
:1001200050609DF80F2001EB02118860FFE79DF8F9
:100130000F00010144F6EC50C2F20000405C00BB2D
:10014000FFE79DF80F1044F6EC50C2F2000000EB00
:1001500001104078A8B9FFE79DF80F1044F6EC5065
:10016000C2F2000000EB01125168013151609DF8AC
:100170000F1000EB011004306E21002200F0B4FAE1
:10018000FFE79DF80F00010144F6EC50C2F20000B9
:10019000405C01282ED1FFE79DF80F1044F6EC508B
:1001A000C2F2000000EB0110407818BBFFE79DF899
:1001B0000F1044F6EC50C2F2000000EB0110406852
:1001C00064280BDBFFE79DF80F1044F6EC50C2F2F9
:1001D000000000EB0111022008730AE09DF80F10E7
:1001E00044F6EC50C2F2000000EB0111012008734C
:1001F000FFE7FFE79DF80F00010144F6EC50C2F263
:100200000000405C012836D1FFE79DF80F1044F64E
:10021000EC50C2F2000000EB0110407801282AD116
:10022000FFE79DF80F1044F6EC50C2F2000000907A
:1002300000EB01129168013191609DF80F1000EB05
:10024000011008306421002200F04EFA00989DF859
:100250000F1000EB0110806832280BDBFFE79DF8E0
:100260000F1044F6EC50C2F2000000EB0111002028
:100270000873FFE7FFE79DF80F2044F6EC50C2F249
:10028000000000EB02111201805C4870FFE79DF84E
:100290000F0001308DF80F001DE704B080BD000095
:1002A00080B582B044F62C60C2F200000090008855
:1002B00064221146FCF7B8FF00990888031D40F638
:1002C0006130C0F2B600A3FB00204FF4B47200FB13
:1002D0001230088045F27820C2F20000007800EE6B
:1002E000100AB8EEC00A9FED151A8DED011A20EE26
:1002F000010A012000F040F89DED011A44F6780053
:10030000C2F20000007800EE100AB8EEC00A20EE3B
:10031000010A022000F030F89DED011A40F2EE4093
:10032000C2F20000007800EE100AB8EEC00A20EE1B
:10033000010A032000F020F802B080BD0000803BDD
:1003400080B582B047F66C30C2F200000190042103
:10035000FBF7E8FB01980821FBF7E4FB01980C216F
:10036000FBF7E0FB01990A68002090630A68D063FC
:100370000968086402B080BD83B08DF80B008DED74
:10038000010A9DF80B0001460091012808D0FFE703
:100390000098022814D0FFE70098032820D02FE00F
:1003A0009DED010A9FED171A20EE010A47F66C3009
:1003B000C2F200000068BCEEC00A80ED0E0A1FE029
:1003C0009DED010A9FED0F1A20EE010A47F66C30F1
:1003D000C2F200000068BCEEC00A80ED0F0A0FE018
:1003E0009DED010A9FED071A20EE010A47F66C30D9
:1003F000C2F200000068BCEEC00A80ED100AFFE700
:1004000003B0704700007A4480B5FFF749FF80BD14
:1004100081B00090009988684FF6C072C5F6FF72EF
:100420001040886001B0704781B0009000988068EB
:1004300040F080504FF6C071C7F6FF710840009938
:10044000886001B07047000081B00090009880681B
:1004500000F0E07001B0704783B002900191029803
:10046000019900EB8100603000900098006800F076
:10047000F84003B07047000081B000900098806899
:10048000C0F3C00001B0704781B000900098806850
:10049000C0F3407001B0704781B000900098806850
:1004A00000F0010001B0704781B0009000988068B2
:1004B00000F0010001B0704781B0009000988068A2
:1004C000C0F3007001B0704781B000900098806860
:1004D000C0F3800001B0704781B000900098806840
:1004E000C0F3800001B0704784B003900291019284
:1004F0000398029901F4407100EB911030300090A4
:1005000000980068029901F01F021F219140884362
:100510000199C1F38461914008430099086004B0D7
:100520007047000084B003900291019203980299F1
:1005300001F0007100EBD150143000900098006879
:100540000299C1F3045207219140884301999140D7
:1005500008430099086004B07047000083B002901F
:10056000019100920298D0F8B00001996FF3DF4139
:100570008843009A02F018034FF6FF72C0F2070298
:10058000DA40114008440299C1F8B00003B0704746
:1005900082B0019000910198806820F47C1000994D
:1005A00008430199886002B07047000082B0019052
:1005B00000910198806820F0E0700099084301994B
:1005C000886002B07047000085B0049003910292E9
:1005D00001930498039900EB81006030009000982B
:1005E00000684FF20001C0F2FF310140029800F0B4
:1005F000F840019A1043084340F000400099086019
:1006000005B0704784B0039002910192039802995B
:1006100000EB8100603000900098006820F00070CE
:10062000019908430099086004B0704784B00390B2
:10063000029101920398029900EB810060300090D2
:100640000098006820F080700199084300990860C4
:1006500004B0704784B0039002910192039802990C
:1006600000EB8100603000900098006820F00040AE
:10067000019908430099086004B0704782B0019066
:1006800000910198406920F00040009908430199C9
:10069000486102B07047000083B002908DED010AFE
:1006A000CDED000A029890ED000A9DED011AB4EE1E
:1006B000410AF1EE10FA04DDFFE7019802990860A3
:1006C0000FE0029890ED000A9DED001AB4EE410A89
:1006D000F1EE10FA04DAFFE7009802990860FFE7EC
:1006E000FFE703B07047000083B0029001910092D1
:1006F000029800680199884204DDFFE70198029999
:1007000008600AE0029800680099884204DAFFE76E
:10071000009802990860FFE7FFE703B07047000008
:1007200080B58EB0002101910D910C910B910A9131
:10073000099108910791069105910491039147F25F
:10074000A810C2F20000029040F20042C5F200027E
:1007500002604FF4403242608160C16001614161DA
:1007600004228261017741770122026280F824101D
:10077000C162016380F83810C16380F84010F4F75B
:1007800037FA18B1FFE7F2F707FBFFE700200B90FD
:1007900047F2A810C2F200000BA9F3F733FC18B11E
:1007A000FFE7F2F7F9FAFFE71020C1F2C00003906B
:1007B00006200490002005907F21069104210791D6
:1007C000089047F2A810C2F2000003A9F3F794FDC5
:1007D00018B1FFE7F2F7E0FAFFE70EB080BD0000C6
:1007E00080B547F21420C2F2000043F20001C4F2C7
:1007F00002010160002101714171416181610121AA
:100800000162F4F7ADFC18B1FFE7F2F7C5FAFFE7B4
:1008100080BD000080B58CB068463021EFF742FD06
:1008200047F23820C2F2000041F20001C5F2000197
:100830000160F4F7E5FE18B1FFE7F2F7ADFAFFE764
:100840000220009000228DF804208DF805200292ED
:100850000392049205900690079247F23820C2F264
:1008600000006946F4F700FD18B1FFE7F2F794FACB
:10087000FFE70CB080BD000080B58CB0FFE741F20F
:100880004800C4F20200016841F004010160006800
:1008900000F004000B900B98FFE7FFE741F24800DF
:1008A000C4F20200016841F001010160006800F03B
:1008B00001000A900A98FFE7FFE741F24800C4F2FE
:1008C0000200016841F002010160006800F00200CE
:1008D00009900998FFE70B2001900421059100225F
:1008E0000792F7F74BF80198F7F73EF80599079A42
:1008F0000C200290F7F742F80298F7F735F80599BF
:10090000079A0D200390F7F739F80398F7F72CF8BA
:100910000599079A0E200490F7F730F80498F7F736
:1009200023F80599079A0F200690F7F727F80698FD
:10093000F7F71AF8079A5E2008900521F7F71EF8D6
:100940000898F7F711F80CB080BD000080B582B0B0
:1009500047F20C60C2F20000009046F20041C4F27F
:10096000000101600021019141608160C1600122AC
:100970000274417481741123436182610423C36151
:100980000523036242628262C26202634163816341
:10099000C163F5F719FE18B1FFE7F2F7FDF9FFE7BC
:1009A00002B080BD80B582B047F27060C2F2000034
:1009B000009046F60001C4F200010160002101919F
:1009C00041608160C160012202744174817411230D
:1009D000436182610423C361052303624262826230
:1009E000C262026341638163C163F5F7EDFD18B133
:1009F000FFE7F2F7D1F9FFE702B080BD80B582B022
:100A000047F2D460C2F20000009046F60041C4F202
:100A1000000101600021019141608160C1600122FB
:100A20000274417481741123436182610423C361A0
:100A30000523036242628262C26202634163816390
:100A4000C163F5F7C1FD18B1FFE7F2F7A5F9FFE7BC
:100A500002B080BD80B5B4B04CF2603CC0F6010C71
:100A6000DCF80000DCF80410DCF80820DCF80C30BE
:100A7000DCF810C0CDF8CCC03293319230912F9079
:100A80002FA80021019109F099FC019946F6BC625A
:100A9000C2F2000210604CF2383EC0F6010EDEF8E1
:100AA0000000DEF80420DEF80830DEF80CC0DEF8C6
:100AB00010E0CDF8B8E0CDF8B4C02C932B922A907A
:100AC0002AA809F07BFC019945F24C42C2F20002CF
:100AD00010604CF2103EC0F6010EDEF80000DEF8A9
:100AE0000420DEF80830DEF80CC0DEF810E0CDF8A7
:100AF000A4E0CDF8A0C027932692259025A809F060
:100B00005DFC019944F65452C2F2000210604CF2AE
:100B1000FC2EC0F6010EDEF80000DEF80420DEF840
:100B20000830DEF80CC0DEF810E0CDF890E0CDF82B
:100B30008CC022932192209020A809F03FFC0199BB
:100B400044F68C02C2F2000210604CF2D42EC0F6C1
:100B5000010EDEF80000DEF80420DEF80830DEF8D2
:100B60000CC0DEF810E0CDF87CE0CDF878C01D9325
:100B70001C921B901BA809F021FC019940F61C0255
:100B8000C2F2000210604CF2243EC0F6010EDEF804
:100B90000000DEF80420DEF80830DEF80CC0DEF8D5
:100BA00010E0CDF868E0CDF864C018931792169065
:100BB00016A809F003FC019944F61C62C2F2000277
:100BC00010604CF2C02EC0F6010EDEF80000DEF818
:100BD0000420DEF80830DEF80CC0DEF810E0CDF8B6
:100BE00054E0CDF850C013931292119011A809F05F
:100BF000E5FB019940F20C52C2F2000210604CF287
:100C00004C3EC0F6010EDEF80000DEF80420DEF8EF
:100C10000830DEF80CC0DEF810E0CDF840E0CDF88A
:100C20003CC00E930D920C900CA809F0C7FB0199E3
:100C300045F23C52C2F2000210604CF2AC2EC0F6FB
:100C4000010EDEF80000DEF80420DEF80830DEF8E1
:100C50000CC0DEF810E0CDF82CE0CDF828C00993E8
:100C60000892079007A809F0A9FB019940F2784281
:100C7000C2F2000210604CF2E82EC0F6010EDEF85F
:100C80000000DEF80420DEF80830DEF80CC0DEF8E4
:100C900010E0CDF818E0CDF814C004930392029050
:100CA00002A809F08BFB44F67401C2F2000108604F
:100CB00034B080BD80B594B0002013901290119094
:100CC00010900F90FFE741F24C00C4F2020001685F
:100CD00041F010010160006800F010000E900E98C5
:100CE000FFE7FFE741F24C00C4F20200016841F067
:100CF00004010160006800F004000D900D98FFE70A
:100D0000FFE741F24C00C4F20200016841F020010B
:100D10000160006800F020000C900C98FFE7FFE7EE
:100D200041F24C00C4F20200016841F0010101608F
:100D3000006800F001000B900B98FFE7FFE741F21D
:100D40004C00C4F20200016841F002010160006839
:100D500000F002000A900A98FFE7FFE741F24C001A
:100D6000C4F20200016841F008010160006800F06F
:100D7000080009900998FFE741F20000C4F600005E
:100D800002901821019101220692F6F79BFB069A28
:100D900040F60040C4F6000007904FF480710391C4
:100DA000F6F790FB019A029806990F921091119113
:100DB0000221049112910FA90891F6F7B7F9089949
:100DC0004FF4C0400F90002005901090119040F615
:100DD0000000C4F60000F6F7A9F9DDF80CC0049A8B
:100DE000069B07980899CDF83CC010931193129276
:100DF000F6F79CF9059B069A079808994FF0700C36
:100E0000CDF83CC010931192F6F790F914B080BD64
:100E100080B582B047F23870C2F20000019045F60A
:100E20000001C4F20001016041F23621C4F2620106
:100E30004160002181600122C260016141618161E4
:100E4000C1610162F6F7F8FB18B1FFE7F1F7A4FF03
:100E5000FFE747F23870C2F200000021F6F74EFBC0
:100E600018B1FFE7F1F798FFFFE747F23870C2F2D9
:100E700000000021F6F78EFB18B1FFE7F1F78CFFB9
:100E8000FFE702B080BD000080B582B047F28C70F1
:100E9000C2F20000019040F21431C4F2010101607D
:100EA00000214160602282600C2202610175816133
:100EB000C162F6F783FD18B1FFE7F1F76DFFFFE7B9
:100EC00002B080BD80B582B047F6A420C2F2000017
:100ED000019043F60001C4F2000101604FF48271F9
:100EE0004160002181604FF4E062C26001614161B4
:100EF0004FF4007282612022C2610162416281620C
:100F00000722C262016308214163F9F70BFB18B1A4
:100F1000FFE7F1F741FFFFE702B080BD80B582B087
:100F200047F60830C2F20000019043F60041C4F2D7
:100F3000010101604FF482714160002181604FF432
:100F4000E062C26002220261012242614FF400723B
:100F500082612022C2610162416281620722C26213
:100F600001634163F9F7DEFA18B1FFE7F1F714FF07
:100F7000FFE702B080BD000080B59EB00020019068
:100F80001D901C901B901A90199018901790169015
:100F900015901490139012901190109003A8342182
:100FA000EFF780F9019947F6B830C2F200000290DD
:100FB00044F20002C4F201020260A9224260816090
:100FC00044F61F62C260016141618161F9F77CFFF3
:100FD00018B1FFE7F1F7E0FEFFE74FF480501A90F9
:100FE00047F6B830C2F200001AA9FAF72FF918B183
:100FF000FFE7F1F7D1FEFFE747F6B830C2F2000095
:10100000FAF734FD18B1FFE7F1F7C6FEFFE700205D
:101010001790199047F6B830C2F2000017A9F9F7F7
:1010200095FE18B1FFE7F1F7B7FEFFE760201090DB
:10103000002211921292139214921592169247F670
:10104000B830C2F2000010A9FAF738FC18B1FFE777
:10105000F1F7A2FEFFE700200390049005900690B0
:1010600007904FF40051089109900F9047F6B8305F
:10107000C2F2000003A9F9F7BBFD18B1FFE7F1F7D1
:101080008BFEFFE747F6B830C2F20000FAF760FBCC
:101090001EB080BD80B59EB0002001901D901C90B8
:1010A0001B901A9019901890179016901590149004
:1010B000139012901190109003A83421EFF7F2F8DA
:1010C000019947F66C30C2F20000029042F60042ED
:1010D000C4F201020260A922426081604FF47A7278
:1010E000C260016141618161F9F7EEFE18B1FFE76D
:1010F000F1F752FEFFE74FF480501A9047F66C303C
:10110000C2F200001AA9FAF7A1F818B1FFE7F1F747
:1011100043FEFFE747F66C30C2F20000FAF7A6FC88
:1011200018B1FFE7F1F738FEFFE70020179018909D
:10113000199047F66C30C2F2000017A9F9F706FEC5
:1011400018B1FFE7F1F728FEFFE7602010900020BC
:10115000119002211291139014901590169047F659
:101160006C30C2F2000010A90422FAF7A7FB18B1F4
:10117000FFE7F1F711FEFFE747F66C30C2F200001F
:1011800010A90822FAF79AFB18B1FFE7F1F704FE5D
:10119000FFE747F66C30C2F2000010A90C22FAF704
:1011A0008DFB18B1FFE7F1F7F7FDFFE70020009096
:1011B000039004900590069007904FF40051089119
:1011C00009900A900B904FF000710C910D900E90C9
:1011D0000F9047F66C30C2F2000003A9F9F708FD42
:1011E00018B1FFE7F1F7D8FDFFE747F66C30C2F220
:1011F0000000FAF7ADFA1EB080BD000080B590B0D7
:10120000002101910F910E910D910C910B910A917A
:10121000099108910791069105910491039102911A
:1012200047F65040C2F2000040F20042C4F2000211
:101230000260A9224260816044F61F62C2600161BF
:101240008161F9F741FE18B1FFE7F1F7A5FDFFE76E
:101250004FF480500C9047F65040C2F200000CA9A9
:10126000F9F7F4FF18B1FFE7F1F796FDFFE747F64E
:101270005040C2F20000FAF7F9FB18B1FFE7F1F7AE
:101280008BFDFFE7002009900B9047F65040C2F21B
:10129000000009A9F9F75AFD18B1FFE7F1F77CFD45
:1012A000FFE760200290002203920492069247F624
:1012B0005040C2F2000002A9FAF700FB18B1FFE7A4
:1012C000F1F76AFDFFE747F65040C2F2000002A9BD
:1012D0000422FAF7F3FA18B1FFE7F1F75DFDFFE733
:1012E00047F65040C2F2000002A90822FAF7E6FAD7
:1012F00018B1FFE7F1F750FDFFE747F65040C2F2A3
:10130000000002A90C22FAF7D9FA18B1FFE7F1F7A9
:1013100043FDFFE747F65040C2F20000FAF718FA23
:1013200010B080BD80B590B0002101910F910E9159
:101330000D910C910B910A910991089107910691D9
:10134000059104910391029147F69C40C2F200007E
:1013500040F60042C4F200020260A92242608160AD
:1013600040F2E732C260016180218161F9F7ACFD92
:1013700018B1FFE7F1F710FDFFE74FF480500C9034
:1013800047F69C40C2F200000CA9F9F75FFF18B1C4
:10139000FFE7F1F701FDFFE747F69C40C2F20000CE
:1013A000FAF764FB18B1FFE7F1F7F6FCFFE700205E
:1013B00009900B9047F69C40C2F2000009A9F9F78A
:1013C000C5FC18B1FFE7F1F7E7FCFFE760200290EA
:1013D0000022039204920420069047F69C40C2F239
:1013E000000002A9FAF76AFA18B1FFE7F1F7D4FC96
:1013F000FFE747F69C40C2F200000268916921F0C5
:1014000008019161FAF7A4F910B080BD80B582B0EF
:1014100047F6A460C2F20000009044F60041C4F216
:10142000000101604FF46121416000210191816060
:10143000C16001610C2242618161C161016241624E
:101440008162FBF7DBFA18B1FFE7F1F7A5FCFFE7D4
:1014500047F6A460C2F200000021FAF719FF18B1A4
:10146000FFE7F1F799FCFFE747F6A460C2F200003E
:101470000021FAF7C7FE18B1FFE7F1F78DFCFFE78F
:1014800047F6A460C2F20000FAF778FD18B1FFE752
:10149000F1F782FCFFE702B080BD000080B582B0AA
:1014A00047F63870C2F20000009045F20001C4F225
:1014B000000101604FF461214160002101918160D0
:1014C000C16001610C2242618161C16101624162BE
:1014D0008162FBF793FA18B1FFE7F1F75DFCFFE7D4
:1014E00047F63870C2F200000021FAF7D1FE18B1B9
:1014F000FFE7F1F751FCFFE747F63870C2F2000052
:101500000021FAF77FFE18B1FFE7F1F745FCFFE78E
:1015100047F63870C2F20000FAF730FD18B1FFE765
:10152000F1F73AFCFFE702B080BD000080B582B061
:1015300047F6E840C2F20000019043F60001C4F211
:101540000101016048F2A061C0F2010141604FF465
:10155000805181600021C1604FF4806202610C22E1
:1015600042618161C161016241628162FBF746FAB9
:1015700018B1FFE7F1F710FCFFE747F6E840C2F2C9
:1015800000000021FAF784FE18B1FFE7F1F704FC30
:10159000FFE747F6E840C2F200000021FAF732FE0A
:1015A00018B1FFE7F1F7F8FBFFE747F6E840C2F2B2
:1015B0000000FAF7E3FC18B1FFE7F1F7EDFBFFE7F6
:1015C00002B080BD80B582B047F67C50C2F2000008
:1015D000009044F20041C4F20001016040F60011A5
:1015E000C0F23D014160002301938360C360036149
:1015F0000C2141618361C3610362436283621946C6
:101600001A46F8F727FF18B1FFE7F1F7C5FBFFE728
:1016100047F67C50C2F200000021FAF739FE18B1FB
:10162000FFE7F1F7B9FBFFE747F67C50C2F2000095
:101630000021FAF7E7FD18B1FFE7F1F7ADFBFFE78F
:1016400047F67C50C2F20000FAF798FC18B1FFE7A9
:10165000F1F7A2FBFFE702B080BD000080B582B0C9
:1016600047F61060C2F20000009044F60001C4F298
:101670000001016040F60011C0F23D01416000230D
:1016800001938360C36003610C2141618361C36185
:1016900003624362836219461A46F8F7DBFE18B10B
:1016A000FFE7F1F779FBFFE747F61060C2F20000B1
:1016B0000021FAF7EDFD18B1FFE7F1F76DFBFFE749
:1016C00047F61060C2F200000021FAF79BFD18B146
:1016D000FFE7F1F761FBFFE747F61060C2F2000099
:1016E000FAF74CFC18B1FFE7F1F756FBFFE702B041
:1016F00080BD000080B546F6D860C2F2000040F21E
:101700005801C2F20001002205F0A6F918B1FFE766
:10171000F1F742FBFFE746F6D860C2F2000040F264
:10172000F811C2F2000105F09BFD18B1FFE7F1F7D7
:1017300033FBFFE746F6D860C2F2000040F21C31EE
:10174000C2F2000104F0E0FC18B1FFE7F1F724FB5E
:10175000FFE746F6D860C2F2000005F0E5FE18B1DA
:10176000FFE7F1F719FBFFE780BD0000FFE7FEE7A9
:1017700080B588B08DED070ACDED060A0590059875
:10178000C030F0F7E9FE8DED040A9DED040A9FEDEF
:10179000401AB4EE410AF1EE10FA03DDFFE7002033
:1017A0000490FFE79DED070ADFED3A0ACDED000A50
:1017B0000AF038FB9DED001A9FED372A20EE020A51
:1017C00080EE010ABDEEC00A10EE100AADF80E0060
:1017D000BDF90E00B0F1FF3F07DCFFE7BDF80E00DA
:1017E00000F58060ADF80E00FFE70598D0F8BC006A
:1017F000BDF90E1050F8210002909DED060AB5EEDD
:10180000400AF1EE10FA12DDFFE7059890ED310A7B
:10181000D0F8BC00BDF90E1000EB810000F580503F
:1018200090ED001A20EE010A8DED010A1AE09DEDFF
:10183000060AB5EE400AF1EE10FA12DAFFE7059853
:1018400090ED310AD0F8BC00BDF90E1000EB81001C
:1018500000F5805090ED001A20EE410A8DED010A4E
:10186000FFE7FFE79DED010A059901F1C800D1ED01
:10187000330A91ED341ADDED041AEEF72BFE9DEDDF
:10188000020A059890ED321A30EE010A08B080BDC8
:10189000CDCCCC3D0000B4430000804410B586B0F0
:1018A0008C46864609980899CDF814E0ADF812C028
:1018B000ADF81020ADF80E30ADF80C10ADF80A0000
:1018C0009DF811008DF80200BDF810008DF803009E
:1018D0009DF80F008DF80400BDF80E008DF805008E
:1018E0009DF80D008DF80600BDF80C008DF807007E
:1018F0009DF80B008DF80800BDF80A008DF809006E
:101900000598BDF812100DF10202F0F73FF806B08D
:1019100010BD000082B001900091019801784078DC
:1019200040EA01200099088001988178C07840EA57
:10193000012000B200EE100AB8EEC00A009880ED57
:10194000090A01980179407940EA012000B200EECD
:10195000100AB8EEC00A009880ED0A0A0198807952
:10196000009981F82C000098B0F9001000EE101AD0
:10197000B8EEC00A9FED291A30EE010A9FED281A31
:1019800020EE010A9FED271A20EE010A80ED020ADF
:101990000099B1F90000B1F90210401AB0F5805F6A
:1019A00005DDFFE700994868013848600FE00099BD
:1019B000B1F90000B1F90210401A10F5805F05DAA4
:1019C000FFE70099486801304860FFE7FFE70098AB
:1019D00090ED010AB8EEC00AB0F9001001EE101A3D
:1019E000B8EEC11A9FED102A21EE021A30EE010A5C
:1019F0009FED0E1A20EE010A80ED040A0099088876
:101A0000488000998868C86000990020C8850099BE
:101A1000012081F8300002B0704700BF000080C58F
:101A20000000344300008039000000390000B44356
:101A3000FFE7FEE788B0079006910592079800F04F
:101A4000070004900498C0F10700052803D3FFE7BE
:101A50000420019004E00498C0F107000190FFE722
:101A60000198039004980430062803D8FFE700206B
:101A7000009003E0049803380090FFE7009802907C
:101A800006980399012202FA01F101390840029BEC
:101A9000984005999A40013A1140084308B07047B0
:101AA00080B592B01190FFE711980068B0F844003B
:101AB0000004002840F11983FFE711980068B0F88E
:101AC0004400ADF83C00BDF83C0000F00F008DF87C
:101AD00037009DF83700002840F0FD80FFE7BDF893
:101AE0003C00C006002842D4FFE7FFE711980068D9
:101AF000008848F60F710840ADF83400BDF8340096
:101B000040F40040119909680880FFE711981030EF
:101B1000109011980068B0F8500010990A7800EB06
:101B2000C200119A12681044B0F802046FF39F20AB
:101B3000C86110994869CA69104448611198002128
:101B4000F6F700F91198007B80B1FFE710988069E3
:101B500060B9FFE71198007B40F080001199096897
:101B6000A1F84C00119900200873FFE7B2E011982A
:101B700000F5A8701090119800680088ADF83A0040
:101B8000BDF83A00000500282ED5FFE7119800683F
:101B9000B0F8500010990A7800EBC200119A126850
:101BA0001044B0F806046FF39F20C86111990868CB
:101BB00001F52671109BDA889B8B07F01BFBFFE772
:101BC00011980068008840F68F710840ADF8320027
:101BD000BDF8320040F08000119909680880FFE7E5
:101BE0001198F7F72DFA74E0BDF83A0000040028C8
:101BF0006ED5FFE7FFE711980068008840F68F7107
:101C00000840ADF83000BDF8300040F08000119978
:101C100009680880FFE711980068B0F85000109933
:101C20000A7800EBC200119A12681044B0F806045A
:101C30006FF39F20C8611098C069B0B1FFE710989A
:101C4000406990B1FFE711980068109B5969DA88E4
:101C50009B8B07F0CFFA10994869CA691044486114
:101C600011980021F6F782F8FFE7119800680088C4
:101C7000ADF83A00BDF83A000005002827D4FFE788
:101C8000BDF83A0000F44050B0F5405F1FD0FFE7C8
:101C9000FFE71198006800884BF68F710840ADF897
:101CA0002E00BDF82E0080F48050ADF82E00BDF857
:101CB0002E0080F40050ADF82E00BDF82E0048F242
:101CC00080010843119909680880FFE7FFE7FFE7F3
:101CD000FFE7FFE708E2119800689DF8371030F839
:101CE0002100ADF83A00BDF83A000004002840F1A8
:101CF000DE80FFE7FFE7119800689DF8371030F8A5
:101D0000210040F68F710840ADF82C00BDF82C0082
:101D100040F08000119909689DF8372021F82200D1
:101D2000FFE711989DF8371001EB810100EBC1002E
:101D300000F5A87010901098007B00BBFFE7119889
:101D40000068B0F850001099097800EBC1001199B3
:101D500009680844B0F806046FF39F20ADF83E0010
:101D6000BDF83E0050B1FFE711980068109A516924
:101D7000D288BDF83E3007F03DFAFFE773E01098D7
:101D8000C078022809D1FFE711981099BDF83A20D0
:101D9000F6F7B8F8ADF83E0064E0FFE7FFE711980A
:101DA00000681099097830F8210048F68F710840D2
:101DB000ADF82A00BDF82A0048F2C0010843119985
:101DC0000968109A127821F82200FFE7FFE71198BE
:101DD00000681099097830F821004004002820D5C7
:101DE000FFE711980068B0F850001099097800EBEF
:101DF000C100119909680844B0F802046FF39F20EC
:101E0000ADF83E00BDF83E0050B1FFE71198006804
:101E1000109A51691289BDF83E3007F0EBF9FFE7DF
:101E20001FE011980068B0F850001099097800EB95
:101E3000C100119909680844B0F806046FF39F20A7
:101E4000ADF83E00BDF83E0050B1FFE711980068C4
:101E5000109A51695289BDF83E3007F0CBF9FFE77F
:101E6000FFE7FFE7FFE7BDF83E201099C86910447F
:101E7000C861BDF83E201099486910444861109827
:101E8000806938B1FFE7BDF83E00109909698842C2
:101E900006D2FFE7119810990978F5F767FF05E07A
:101EA00011980068109906F095FCFFE7FFE7BDF870
:101EB0003A000006002840F11681FFE711989DF8CE
:101EC000371001EB810100EBC10010301090FFE7EB
:101ED000119800689DF8371030F8210048F60F710E
:101EE0000840ADF82800BDF8280040F400401199E2
:101EF00009689DF8372021F82200FFE71098C07884
:101F0000012840F0A180FFE7109900208861109817
:101F1000007B002800F09280FFE7BDF83A00400601
:101F2000002846D5FFE7FFE71098407808BBFFE799
:101F3000FFE711980068099011980068B0F85010F8
:101F400009980844099009981099097800EBC10094
:101F500000F202400890FFE7089908886FF39F207D
:101F600008800899088840F400400880FFE7FFE7F0
:101F70001DE010984078012818D1FFE7FFE711987D
:101F80000068069011980068B0F850100698084450
:101F9000069006981099097800EBC10000F2024003
:101FA0000590059900200880FFE7FFE7FFE7FFE7BE
:101FB00043E0FFE71198006804901098407808BB50
:101FC000FFE7FFE711980068029011980068B0F8E9
:101FD000501002980844029002981099097800EB7A
:101FE000C10000F206400190FFE7019908886FF3F5
:101FF0009F2008800199088840F400400880FFE78E
:10200000FFE718E010984078012813D1FFE71198F6
:102010000068B0F85010049808440490049810998F
:10202000097800EBC10000F20640039003990020FC
:102030000880FFE7FFE7FFE7FFE7FFE71198109948
:102040000978F5F77FFE4DE0BDF83A00C00500289D
:1020500040D4FFE711980068B0F850001099097853
:1020600000EBC100119909680844B0F802046FF34D
:102070009F20ADF8380010988069BDF8381088426C
:1020800007D9FFE7BDF8382010998869801A886160
:1020900003E0109900208861FFE71098806930B94B
:1020A000FFE7119810990978F5F74CFE11E0BDF89B
:1020B00038201099486910444861BDF838201099BB
:1020C000C8691044C86111980068109906F082FB35
:1020D000FFE706E011981099BDF83A20F6F70EF8E0
:1020E000FFE7FFE7FFE7FFE7DEE4002012B080BD77
:1020F00087B006908DED050ACDED040A8DED031A2B
:10210000CDED021A8DED012ACDED002A0598069934
:10211000486004980699886003980699C8600298F8
:1021200006990861019806994864009806998864A0
:10213000069949F69A10C3F61970086207B07047FD
:1021400080B584B003908DED020ACDED010A0398AD
:1021500090ED063A90ED080A9DED022AB7EE001ABE
:1021600031EE401A21EE031A20EE020A30EE010A87
:1021700080ED050A01980399C861039890ED050A5E
:1021800090ED071A30EE410A80ED090A039890EDB0
:10219000010A90ED091A20EE010A80ED0C0A03985D
:1021A00090ED020A90ED091A20EE010A8DED000A69
:1021B000F0F7D2F9B0EE401A9DED000A20EE010AC8
:1021C000039890ED0D1A9FED482A20EE020A30EE9A
:1021D000010A80ED0D0A039890ED030A90ED091AAB
:1021E00090ED0A2A31EE421A20EE010A80ED0E0A25
:1021F000039890ED040A90ED051A20EE010A80ED97
:102200000F0A039890ED0D0A90ED111AB4EE410AF1
:10221000F1EE10FA0DDDFFE7039890ED110AB5EE2F
:10222000400AF1EE10FA04D0FFE70399486C4863C6
:10223000FFE7039890ED0D0A90ED111AB1EE411AE7
:10224000B4EE410AF1EE10FA11DAFFE7039890EDCF
:10225000110AB5EE400AF1EE10FA08D0FFE7039834
:1022600090ED110AB1EE400A80ED0D0AFFE70398E8
:1022700090ED0C0A90ED0D3A90ED0E2A90ED0F1AAC
:1022800030EE030A30EE020A30EE010A80ED100A49
:10229000039890ED100A90ED121AB4EE410AF1EE97
:1022A00010FA04DDFFE70399886C0864FFE70398E0
:1022B00090ED100A90ED121AB1EE411AB4EE410AF7
:1022C000F1EE10FA08DAFFE7039890ED120AB1EE8A
:1022D000400A80ED100AFFE70399486A8862039973
:1022E0004869886104B080BD00007A4400000000A5
:1022F000EFF30980BFF36F8F154B1A681EF0100FB4
:1023000008BF20ED108A20E9F04F10602DE9090088
:102310004FF0500080F31188BFF34F8FBFF36F8FE2
:1023200008F0F4FE4FF0000080F31188BDE80900CA
:1023300019680868B0E8F04F1EF0100F08BFB0EC45
:10234000108A80F30988BFF36F8F704700BF00BF0A
:10235000CC7F002086B041F20C00C4F2020001687C
:1023600001F0030104910068C1B2012000EB1110DB
:10237000029004980090022815D0FFE700980328E7
:1023800012D1FFE7029941F60030C0F2B700B0FB6E
:10239000F1F041F20C01C4F202010968C1F3062117
:1023A0004843059011E0FFE7029942F20040C0F275
:1023B000F400B0FBF1F041F20C01C4F20201096833
:1023C000C1F3062148430590FFE741F20C00C4F237
:1023D0000200006800F0C061022000EB1160039071
:1023E00005980399B0FBF1F00190019806B0704791
:1023F00080B582B045F20431C2F2000100200190A4
:102400000871086045F27C20C2F200008821EDF7D7
:1024100049FF019844F68001C2F20001C1F80700AB
:102420004860086044F67C01C2F20001086045F291
:102430009D41C2F20001087388604860086045F25F
:102440005E42C2F20002906150611061D060906003
:102450005060106045F27C42C2F200029060506011
:10246000106045F25042C2F200021071106045F255
:102470007A42C2F20002107045F28842C2F20002B3
:10248000908190605060106045F29643C2F2000364
:10249000C3F80300186045F25643C2F200035860C7
:1024A000186044F62063C2F2000398605860186018
:1024B00044F62003C2F200039883986158611861C2
:1024C000D860986058601860372010813C2048819F
:1024D0004FF47A70088102B080BD000080B545F2EB
:1024E0004D30C2F20000D0F8190000EE100A9FED46
:1024F000D41AB4EE410AF1EE10FA40F37681FFE708
:1025000045F24D30C2F20000407F022800F06D819C
:10251000FFE745F24D30C2F20000D0F8110000EEA6
:10252000100A9FEDC81AB4EE410AF1EE10FA18DD58
:10253000FFE745F21030C2F20000D0F8110000EEC3
:10254000100A9FEDC01AB4EE410AF1EE10FA08DA53
:10255000FFE745F29431C2F20001002081F86A00E1
:1025600028E045F24D30C2F20000D0F8110000EE34
:10257000100A9FEDB51AB4EE410AF1EE10FA18DA1E
:10258000FFE745F21030C2F20000D0F8110000EE73
:10259000100A9FEDAD1AB4EE410AF1EE10FA08DD13
:1025A000FFE745F29431C2F20001012081F86A0090
:1025B000FFE7FFE745F24D30C2F20000D0F815000A
:1025C00000EE100A9FED9F1AB4EE410AF1EE10FAE8
:1025D00011DDFFE745F21030C2F20000D0F815001F
:1025E00000EE100A9FED971AB4EE410AF1EE10FAD0
:1025F00001DAFFE772E045F24D30C2F20000D0F898
:10260000150000EE100A9FED901AB4EE410AF1EEAB
:1026100010FA62DAFFE745F21030C2F20000D0F89B
:10262000150000EE100A9FED881AB4EE410AF1EE93
:1026300010FA52DDFFE745F29430C2F2000090F844
:102640006A0040B9FFE745F29431C2F2000101206F
:1026500081F86A0010E045F29430C2F2000090F870
:102660006A0040B1FFE745F29431C2F20001002058
:1026700081F86A00FFE7FFE745F29430C2F20000FC
:1026800090F86A00012810D1FFE745F29430C2F2B9
:102690000000012180F86A1090ED060A9FED6B1A88
:1026A00030EE010A80ED060A16E045F29430C2F2DF
:1026B000000090F86A0070B9FFE744F6A050C2F23B
:1026C0000000406A45F29431C2F2000188610020A6
:1026D00081F86A00FFE7FFE7FFE7FFE745F24D30CB
:1026E000C2F20000D0F8090000EE100A9FED551A62
:1026F000B4EE410AF1EE10FA11DDFFE745F21030B9
:10270000C2F20000D0F8090000EE100A9FED4D1A49
:10271000B4EE410AF1EE10FA01DAFFE721E045F2EA
:102720004D30C2F20000D0F8090000EE100A9FED13
:10273000461AB4EE410AF1EE10FA11DAFFE745F25B
:102740001030C2F20000D0F8090000EE100A9FED30
:102750003E1AB4EE410AF1EE10FA01DDFFE7FFE7A1
:10276000FFE745F24D30C2F20000D0F80D0000EE58
:10277000100A9FED341AB4EE410AF1EE10FA11DDA1
:10278000FFE745F21030C2F20000D0F80D0000EE75
:10279000100A9FED2C1AB4EE410AF1EE10FA01DA9C
:1027A000FFE721E045F24D30C2F20000D0F80D0005
:1027B00000EE100A9FED241AB4EE410AF1EE10FA71
:1027C00011DAFFE745F21030C2F20000D0F80D0038
:1027D00000EE100A9FED1C1AB4EE410AF1EE10FA59
:1027E00001DDFFE7FFE7FFE74EE145F24D30C2F2C2
:1027F0000000D0F8190000EE100A9FED151AB4EE93
:10280000410AF1EE10FA80F23E81FFE745F24D30C9
:10281000C2F20000407F022800F03581FFE745F258
:102820004D30C2F20000D0F8110000EE100A9FED0A
:10283000D41AB4EE410AF1EE10FA1CDD0AE000BF32
:102840003333333FCDCC4C3FCDCC4CBF000096430F
:10285000333333BF45F21030C2F20000D0F811001C
:1028600000EE100A9FEDC61AB4EE410AF1EE10FA1E
:1028700001DAFFE721E045F24D30C2F20000D0F866
:10288000110000EE100A9FEDBF1AB4EE410AF1EEFE
:1028900010FA11DAFFE745F21030C2F20000D0F86A
:1028A000110000EE100A9FEDB71AB4EE410AF1EEE6
:1028B00010FA01DDFFE7FFE7FFE745F24D30C2F216
:1028C0000000D0F8150000EE100A9FEDAD1AB4EE2E
:1028D000410AF1EE10FA11DDFFE745F21030C2F2C5
:1028E0000000D0F8150000EE100A9FEDA51AB4EE16
:1028F000410AF1EE10FA01DAFFE721E045F24D302E
:10290000C2F20000D0F8150000EE100A9FED9D1AEB
:10291000B4EE410AF1EE10FA11DAFFE745F2103099
:10292000C2F20000D0F8150000EE100A9FED951AD3
:10293000B4EE410AF1EE10FA01DDFFE7FFE7FFE731
:1029400045F24D30C2F20000D0F8090000EE100A46
:102950009FED8B1AB4EE410AF1EE10FA11DDFFE79C
:1029600045F21030C2F20000D0F8090000EE100A63
:102970009FED831AB4EE410AF1EE10FA01DAFFE797
:1029800021E045F24D30C2F20000D0F8090000EE1F
:10299000100A9FED7C1AB4EE410AF1EE10FA11DA3A
:1029A000FFE745F21030C2F20000D0F8090000EE57
:1029B000100A9FED741AB4EE410AF1EE10FA01DD2F
:1029C000FFE7FFE7FFE745F24D30C2F20000D0F825
:1029D0000D0000EE100A9FED6A1AB4EE410AF1EE06
:1029E00010FA1BDDFFE745F21030C2F20000D0F80C
:1029F0000D0000EE100A9FED621AB4EE410AF1EEEE
:102A000010FA0BDAFFE745F29431C2F2000103201D
:102A100081F840000420EEF7F9FA33E045F24D303A
:102A2000C2F20000D0F80D0000EE100A9FED551A1A
:102A3000B4EE410AF1EE10FA23DAFFE745F2103066
:102A4000C2F20000D0F80D0000EE100A9FED4D1A02
:102A5000B4EE410AF1EE10FA13DDFFE745F29431CE
:102A6000C2F20001002081F8400044F69000C2F25A
:102A7000000082688A61C069C8610520EEF7C6FA65
:102A8000FFE7FFE7FFE7FFE745F24D30C2F2000046
:102A9000807F032808D1FFE745F29431C2F200019C
:102AA000002081F8410010E045F24D30C2F20000F4
:102AB000807F012808D1FFE745F29431C2F200017E
:102AC000012081F84100FFE7FFE745F29430C2F2B0
:102AD000000090F84100002850D0FFE745F24D304B
:102AE000C2F20000D0F8190000EE100A9FED261A7D
:102AF000B4EE410AF1EE10FA37DAFFE745F2103092
:102B0000C2F20000D0F8190000EE100A9FED1E1A64
:102B1000B4EE410AF1EE10FA27DDFFE745F29430FA
:102B2000C2F2000090F8400003280DD1FFE745F203
:102B30009430C2F2000090F8400003280CD1FFE767
:102B4000EDF7BEFD40B1FFE745F29431C2F200015E
:102B5000022081F8410007E045F29431C2F2000101
:102B6000012081F84100FFE707E045F29431C2F20D
:102B70000001012081F84100FFE7FFE780BD00BFB1
:102B8000CDCC4C3FCDCC4CBFCDCCCCBD80B582B0F4
:102B900045F20C30C2F20000EFF7DEFC8DED010AC9
:102BA00045F29430C2F20000007800284ED0FFE7D2
:102BB00045F24D30C2F20000D0F8190000EE100AC4
:102BC0009FED231AB4EE410AF1EE10FA3DDDFFE766
:102BD00045F24D30C2F20000D0F8190000EE100AA4
:102BE0009FED1C1AB4EE410AF1EE10FA2DDAFFE760
:102BF0009DED010A9FED181A20EE010A45F24D31B4
:102C0000C2F20001D1F80D0002EE100A45F2943034
:102C1000C2F2000090ED071A20EE020A30EE010A1F
:102C200080ED070A9DED010A9FED0C1A20EE011AB6
:102C3000D1F8091002EE101A90ED060A21EE021AE0
:102C400030EE010A80ED060AFFE7FFE702B080BD23
:102C5000333333BF3333333F00001643000096C392
:102C600080B586B0059045F24D30C2F20000407844
:102C700060B9FFE745F21030C2F2000045F24D3175
:102C8000C2F200013D22EDF7F4FAFFE7059908785A
:102C9000497840EA01206FF3DF20A0F5806000EE64
:102CA000100AB8EEC00A9FEDF91A80EE010A10EE84
:102CB000101A45F24D30C2F200000190C0F8091020
:102CC000059A51789278C90841EA42116FF3DF21E1
:102CD000A1F5806100EE101AB8EEC00A80EE010A7C
:102CE00010EE101AC0F80D10059A9178D378127969
:102CF000890941EA830141EA82216FF3DF21A1F5CD
:102D0000806100EE101AB8EEC00A80EE010A10EEE3
:102D1000101AC0F81110059A11795279490841EA40
:102D2000C2116FF3DF21A1F5806100EE101AB8EE39
:102D3000C00A80EE010A10EE101AC0F815100599AD
:102D4000098AC1F5806100EE101AB8EEC00A80EE63
:102D5000010A10EE101AC0F819100599497989096D
:102D6000417705994979C1F301118177059A9179E4
:102D7000D27941EA0221ADF81210059A117A527AFD
:102D800041EA0221ADF81010059A917AD27A41EA0F
:102D90000221ADF80E10059A5178927841EA02218D
:102DA0006FF3DF2148F26A02C2F200020292118040
:102DB000059B9978DB78C90841EA43116FF3DF215D
:102DC0005180059BD97893F804C05B79890941EA61
:102DD0008C0141EA83216FF3DF219180059B5979B2
:102DE0009B79490841EAC3116FF3DF21D180059B2C
:102DF0009979DB79090941EA03116FF3DF21118128
:102E0000059BD97993F808C05B7AC90941EA4C015E
:102E100041EA43216FF3DF215181059B597A9B7A67
:102E2000890841EA83116FF3DF219181059B997A2B
:102E3000DB7A490941EAC301D181059B197B5B7BA0
:102E400041EA03216FF3DF211182059B597B9B7BB4
:102E5000C90841EA43116FF3DF215182059B997B39
:102E600093F80FC01B7C890941EA8C0141EA832158
:102E70006FF3DF219182059B197C5B7C490841EA55
:102E8000C3116FF3DF21D182059B597C9B7C09091B
:102E900041EA03116FF3DF211183059B997C93F8BD
:102EA00013C01B7DC90941EA4C0141EA43216FF37C
:102EB000DF215183059B197D5B7D890841EA8311E0
:102EC0006FF3DF219183059B597D9B7D490941EA81
:102ED000C301D1830079002840F03282FFE7BDF9B9
:102EE000120000EE100AB8EEC00A9FED691A20EE3B
:102EF000010A10EE101A45F24D30C2F200000090A7
:102F0000C0F81F10BDF9101000EE101AB8EEC00A7C
:102F100020EE010A10EE101AC0F82310BDF90E10B1
:102F200000EE101AB8EEC00A20EE010A10EE101AD8
:102F3000C0F827100599097B80F82B100599497B6B
:102F400080F82C100599897B01F0010180F82D1083
:102F50000599897BC1F3400180F82F100599897B81
:102F6000C1F3800180F82E100599897BC1F3C0015F
:102F700080F830100599897BC1F3001180F8331077
:102F80000599897BC1F3401180F834100599897B3C
:102F9000C1F3801180F831100599897BC90980F847
:102FA00032100599C97B01F0010180F835100599AF
:102FB000C97BC1F3400180F836100599C97BC1F384
:102FC000800180F837100599C97BC1F3C00180F8F2
:102FD00038100599C97BC1F3001180F839100599A3
:102FE000C97BC1F3401180F83A100599C97BC1F340
:102FF000801180F83B100599C97BC90980F83C1005
:10300000D0F8090000EE100A9FEDD11AB4EE410A83
:10301000F1EE10FA15DDFFE745F24D31C2F2000185
:10302000D1F8090000EE100A9FEDCA1A30EE010A2D
:103030009FEDC91A80EE010A10EE100AC1F80900CE
:1030400031E045F24D30C2F20000D0F8090000EE48
:10305000100A9FEDC01AB4EE410AF1EE10FA19DA27
:10306000FFE745F24D31C2F20001D1F8090000EE50
:10307000100A9FEDB71A30EE010A9FEDB71A80EEE5
:10308000010A10EE100AC1F809000BE00000254407
:103090000000003D45F24D31C2F200010020C1F8B0
:1030A0000900FFE7FFE745F24D30C2F20000D0F81B
:1030B0000D0000EE100A9FEDA61AB4EE410AF1EEE3
:1030C00010FA15DDFFE745F24D31C2F20001D1F8EB
:1030D0000D0000EE100A9FED9F1A30EE010A9FEDE1
:1030E0009E1A80EE010A10EE100AC1F80D002DE0C4
:1030F00045F24D30C2F20000D0F80D0000EE100A8B
:103100009FED941AB4EE410AF1EE10FA15DAFFE7DA
:1031100045F24D31C2F20001D1F80D0000EE100A67
:103120009FED8B1A30EE010A9FED8B1A80EE010A9B
:1031300010EE100AC1F80D0007E045F24D31C2F261
:1031400000010020C1F80D00FFE7FFE745F24D3018
:10315000C2F20000D0F8110000EE100A9FED7C1AB8
:10316000B4EE410AF1EE10FA15DDFFE745F24D31FC
:10317000C2F20001D1F8110000EE100A9FED751A9D
:1031800030EE010A9FED741A80EE010A10EE100A6B
:10319000C1F811002DE045F24D30C2F20000D0F828
:1031A000110000EE100A9FED6B1AB4EE410AF1EE29
:1031B00010FA15DAFFE745F24D31C2F20001D1F8FD
:1031C000110000EE100A9FED621A30EE010A9FED29
:1031D000621A80EE010A10EE100AC1F8110007E031
:1031E00045F24D31C2F200010020C1F81100FFE7A5
:1031F000FFE745F24D30C2F20000D0F8150000EEB6
:10320000100A9FED531AB4EE410AF1EE10FA15DDE3
:10321000FFE745F24D31C2F20001D1F8150000EE92
:10322000100A9FED4C1A30EE010A9FED4B1A80EE0A
:10323000010A10EE100AC1F815002DE045F24D30DC
:10324000C2F20000D0F8150000EE100A9FED411AFE
:10325000B4EE410AF1EE10FA15DAFFE745F24D310E
:10326000C2F20001D1F8150000EE100A9FED381AE5
:1032700030EE010A9FED381A80EE010A10EE100AB6
:10328000C1F8150007E045F24D31C2F200010020FF
:10329000C1F81500FFE7FFE745F24D30C2F200002C
:1032A000D0F8150000EE100A9FED291AB4EE410A7D
:1032B000F1EE10FA15DDFFE745F24D31C2F20001E3
:1032C000D1F8150000EE100A9FED221A30EE010A27
:1032D0009FED211A80EE010A10EE100AC1F81500C8
:1032E0002DE045F24D30C2F20000D0F8150000EE9E
:1032F000100A9FED181AB4EE410AF1EE10FA15DA31
:10330000FFE745F24D31C2F20001D1F8150000EEA1
:10331000100A9FED0F1A30EE010A9FED0F1A80EE92
:10332000010A10EE100AC1F8150007E045F24D3110
:10333000C2F200010020C1F81500FFE7FFE7FFE738
:1033400045F24D31C2F200010120487006B080BD47
:10335000CDCCCC3DCDCCCCBD6666663F80B582B0D1
:10336000019045F24D31C2F20001012008700020A9
:1033700048800198FFF774FC02B080BD44F6A0506D
:10338000C2F20000406A45F29431C2F20001886145
:103390000022CA61022081F86B0081F86A2044F69D
:1033A0003060C2F20000C0F8D420012081F8430050
:1033B00081F8412081F840204A6008707047000081
:1033C00045F29431C2F2000100200870C860086123
:1033D000486181F8410081F8460081F84300704758
:1033E00080B58AB0099045F29431C2F2000105918E
:1033F000002006908861C86145F20040C2F20000DA
:103400009FED8F0AB2EE041A9FED8E2AF3EE012A89
:10341000F0EE420AF0EE421AFEF76AFE05990698AF
:10342000012281F8432081F8410081F84000032205
:1034300081F8422081F84600FEF7DAFFFFE745F207
:10344000B440C2F20000EFF787F845F2B840C2F28C
:10345000000080ED000A45F24D30C2F20000007815
:10346000A8B3FFE745F24D30C2F20000407F0228CA
:1034700010D0FFE745F29430C2F20000007848B95E
:10348000FFE7FFF77BFF45F29431C2F20001022013
:1034900008721BE045F24D30C2F20000407F022866
:1034A00009D0FFE745F29431C2F200010220087210
:1034B0000120087009E045F29431C2F200010020B9
:1034C00008720870FFF77CFFFFE7FFE7FFE745F2B0
:1034D0009430C2F20000007A022819D1FFE7FFF70A
:1034E00055FB45F24D30C2F20000407801280ED164
:1034F000FFE7FEF7F3FF45F24D31C2F20001002075
:10350000487045F21031C2F200014870FFE7FFE752
:1035100044F6A051C2F2000191ED020A44F6306077
:10352000C2F20000D0F80C2101EE102A9FED462ACD
:1035300031EE021A30EE010A8DED080A91ED020A11
:10354000D0F80C0101EE100AB9EE0C2A31EE021A85
:1035500030EE010A8DED070A9DED080A45F2B840EC
:10356000C2F200000090D0ED001A45F2B040C2F265
:1035700000000290B1EE041A8DED011AF0EE410A3E
:10358000ECF7A8FF00989DED011A9DED070AD0ED1C
:10359000001A45F2AC40C2F200000390F0EE410A7E
:1035A000ECF798FF0299039891ED000AD0ED000A1C
:1035B00045F29430C2F2000004901C30FDF76CF824
:1035C000EEF75CFE049890F86900012808D1FFE747
:1035D00045F29431C2F200014FF07E504860FFE79F
:1035E00045F29430C2F20000007868B1FFE745F27E
:1035F0009430C2F2000090ED010A9FED151A30EEF2
:10360000010A80ED010A0CE045F29430C2F200009C
:1036100090ED010A9FED0D1A30EE010A80ED010ACE
:10362000FFE745F29430C2F200000430B7EE000A22
:10363000DFED040AFDF730F8012006F0A5FEFEE6F6
:103640009A99193E00000000000020426F1283BAD0
:103650006F12833A80B586B0049003910292049869
:10366000039B02996A4611604FF4C051002200F09A
:103670003DF848B1FFE70499086E40F02000086665
:1036800003208DF817002CE00498039B02996A46EA
:1036900011608021002200F0CFF848B1FFE70499C3
:1036A000086E40F02000086603208DF8170018E02F
:1036B0000498039B02996A4611604FF4C06100228E
:1036C00000F014F848B1FFE70499086E40F02000BC
:1036D000086603208DF8170003E000208DF817001E
:1036E000FFE79DF8170006B080BD000080B58CB0E4
:1036F000DDF838C00A9009910892079300208DF8F0
:103700000B0007980190F3F7F3FE024601980E991B
:10371000891A08440590F3F7EBFE04900A980068B4
:103720000C300390059840F2F411C2F200010968D0
:1037300023225143090D48430690FFE70A98006889
:10374000806809990840089988426DD0FFE7099878
:10375000B0F5C06F0AD1FFE7089838B9FFE70398C2
:1037600000788DF80B009DF80B00FFE707980130FB
:10377000002858D0FFE7F3F7BBFE0499401A0599DB
:10378000884204D2FFE70598002842D1FFE70A9853
:103790000168486820F0E00048600A984068B0F589
:1037A000827F13D1FFE70A988068B0F5004F06D0FA
:1037B000FFE70A988068B0F5806F07D1FFE70A98A5
:1037C0000168086820F040000860FFE70A98806AF6
:1037D000B0F5005F0FD1FFE7FFE70A9801680868BE
:1037E00020F4005008600A980168086840F400500E
:1037F0000860FFE7FFE70A99012081F85D00FFE715
:103800000A99002081F85C00FFE703208DF82F0063
:103810000EE0069818B9FFE700200590FFE706982C
:1038200001380690FFE789E700208DF82F00FFE7B9
:103830009DF82F000CB080BD80B58AB0DDF830C097
:10384000089007918DF81B20059305980190F3F7D8
:103850004FFE024601980C99891A08440390F3F729
:1038600047FE0290039840F2F411C2F20001096889
:10387000C1F3CB3148430490FFE7089800688068A3
:1038800007990840401AB0FA80F040099DF81B10D3
:1038900088425ED0FFE705980130002858D0FFE746
:1038A000F3F726FE0299401A0399884204D2FFE7F3
:1038B0000398002842D1FFE708980168486820F083
:1038C000E000486008984068B0F5827F13D1FFE7B8
:1038D00008988068B0F5004F06D0FFE70898806828
:1038E000B0F5806F07D1FFE708980168086820F0FD
:1038F00040000860FFE70898806AB0F5005F0FD1CC
:10390000FFE7FFE708980168086820F400500860A6
:1039100008980168086840F400500860FFE7FFE776
:103920000899012081F85D00FFE70899002081F8DF
:103930005C00FFE703208DF827000EE0049818B91B
:10394000FFE700200390FFE7049801380490FFE7A9
:1039500093E700208DF82700FFE79DF827000AB0C5
:1039600080BD00000000000000000000000000001A
:10397000074B19680868B0E8F04F80F30988BFF377
:103980006F8F4FF0000080F31188704700BF00BFB9
:10399000CC7F002084B003900398009000980078BA
:1039A000ADF8080000980130009000980078ADF85C
:1039B0000600BDF80610BDF8080040EA0120ADF889
:1039C0000A00BDF80A0004B07047000081B08DED18
:1039D000000A45F24050C2F2000090ED100A44F691
:1039E0003060C2F20000D0F8B00101EE100A9FED85
:1039F000332A81EE021A30EE010AB0EEC00A9FEDC2
:103A0000301AB4EE410AF1EE10FA55DCFFE745F248
:103A10004050C2F20000407800284DD1FFE745F247
:103A20004050C2F2000090ED020AB5EE400AF1EEFD
:103A300010FA41D1FFE745F24050C2F2000090F881
:103A4000A802C8BBFFE745F24050C2F2000090ED6B
:103A5000010AB5EE400AF1EE10FA2DDDFFE79DED0B
:103A6000000A9FED181A20EE010AB2EE021A80EE4B
:103A7000011A45F24050C2F2000090ED100A30EEFB
:103A8000010A80ED100A9DED001A90ED012A90EDDB
:103A9000020A81EE021A30EE010A80ED020A46F6B1
:103AA000B460C2F2000090ED000AB2EE041A30EEEB
:103AB000010A80ED000AFFE701B07047862CACC216
:103AC0000000A0420000B44380B59AB0199045F2BE
:103AD0004050C2F20000189044309FEDE80A8DED8E
:103AE000130AF2EE040ACDED150ADFEDE51ACDED6D
:103AF000171A9FEDE42A8DED162ADFEDE32ACDEDAE
:103B0000142AB0EE611AFEF7F3FA9DED130ADDED0B
:103B1000142ADDED150A9DED162ADDED171A189809
:103B20009030B0EE611AFEF7E3FA9DED150A9DEDB7
:103B3000161A9DED172A189800F50370DFEDE42A98
:103B4000F0EE420AF0EE421AFEF7D2FA9DED171A95
:103B5000189800F516709FEDDF0AF1EE040AF3EEF7
:103B60000E1ADFEDDD2AB0EE622AFEF7C1FA1899CF
:103B70000020C4F2B8104860FFE745F24050C2F29E
:103B8000000012900C30EEF7E7FC129945F2F47049
:103B9000C2F2000080ED000A90ED001A01F1080069
:103BA00091ED020A30EE410A81ED020A9FEDCB0A47
:103BB000DFEDC60AFCF770FD129945F29430C2F2AF
:103BC000000090F841000870F9F766FD129800783F
:103BD00030BBFFE745F24050C2F200000021016116
:103BE000416144F63061C2F20001D1F8A4C14BF644
:103BF0008362C2F6A0725CFB02F31A1102EBD3726D
:103C0000562302FB13C2C1F8A421D1F8B01100EE73
:103C1000101A9FEDB31A80EE010A80ED100A59E0E8
:103C200045F24050C2F200000078012811D1FFE7B0
:103C300040F2EC10C2F20000006845F24051C2F2BE
:103C40000001086140F2F010C2F200000068486113
:103C50003FE045F24050C2F200000078032819D13D
:103C6000FFE740F2EC10C2F2000090ED000AB1EE66
:103C7000400A45F24050C2F2000080ED040A40F2D2
:103C8000F011C2F2000191ED000AB1EE400A80EDA0
:103C9000050A1DE045F24050C2F2000000780228FB
:103CA00015D1FFE740F2EC10C2F20000006845F2C7
:103CB0004051C2F20001086140F2F010C2F200006F
:103CC00000684861B7EE000AFFF780FEFFE7FFE7F4
:103CD000FFE7FFE745F24050C2F20000119090ED7F
:103CE000040A45F2F471C2F200010B91D1ED001A01
:103CF0001C300D90B3EE041A8DED0C1AF0EE410A53
:103D0000ECF7E8FB0B999DED0C1A119890ED050A64
:103D1000D1ED001A20300E90F0EE410AECF7DAFBFC
:103D20000D98119991ED040AF1EE400AFCF7B4FCEC
:103D30000E98119991ED050AF1EE400AFCF7ACFCE2
:103D4000119890ED070A44F63061C2F200010F911C
:103D5000D1F85C1101EE101A9FED622A8DED102A48
:103D600061EE020A4430FEF7EBF90F999DED102A3F
:103D7000119890ED080AB1EE400AD1F8901101EEC9
:103D8000101A61EE020A9030FEF7DAF91198007805
:103D900040B9FFE745F24051C2F200010020C1F8EE
:103DA000A4022FE045F24050C2F200000A9090EDCC
:103DB000100A44F63061C2F200010891D1F8B01146
:103DC00001EE101A9FED462A8DED092AC1EE020A76
:103DD00000F50370FEF7B4F908999DED092A0A98D9
:103DE00090ED930AD1F8C41101EE101AC1EE020A47
:103DF00000F51670FEF7A4F90A99D1F89802C1F8F7
:103E0000A402FFE700F098FE45F29430C2F20000F1
:103E10000078D8B3FFE745F24050C2F200000590A9
:103E200090ED210A90ED341ABDEEC11A11EE102A60
:103E3000BDEEC00A10EE103A6946002007904860B7
:103E4000086047F20C60C2F200004FF40071069166
:103E5000FDF724FD05980699079B90EDA90ABDEE94
:103E6000C00A10EE102A68464260036047F2D46030
:103E7000C2F200001A46FDF711FD23E000409C4508
:103E8000000000000000484300204B466846002325
:103E900004934360036047F20C60C2F200004FF4E9
:103EA000007103911A46FDF7F9FC0399049B6846DB
:103EB0004360036047F2D460C2F200001A46FDF787
:103EC000EDFCFFE7012006F05FFA56E60000000077
:103ED0000000FA430000964300007A460000C84202
:103EE000862CAC422EE34D3B45F28840C2F20000E6
:103EF000408900EE100AB8EE400A46F6B460C2F2FD
:103F0000000080ED000A704780B582B00190FDF797
:103F1000F1FBFFE744F63060C2F20000009000F5CC
:103F200082709FED070AEFF71DFB0098D030B6EEC8
:103F3000000AEFF717FB052006F026FAEAE700BFB4
:103F40009A99993E80B582B04FF0500080F3118865
:103F5000BFF36F8FBFF34F8F009007F097FA40B118
:103F6000FFE74EF60451CEF200014FF0805008609A
:103F7000FFE700200190019880F3118802B080BD16
:103F800080B500F001F880BD80B594B006A800901F
:103F90003821ECF787F900200590049003900290F7
:103FA0000190F5F79BF80098212106914FF480319C
:103FB000079101210C9102210D9103220E920F9283
:103FC000552210921191082212921391F5F766FE74
:103FD00018B1FFE7EEF7E0FEFFE70F2001900320A6
:103FE0000290002003900490059001A80421F5F7A9
:103FF000EBFB18B1FFE7EEF7CFFEFFE714B080BD93
:104000004EF68851CEF20001086840F47000086056
:104010007047000080B547F60440C2F20000F7F791
:1040200017FA80BD83B00290019102980068009059
:10403000029842F60041C4F2010188422DD0FFE708
:104040000298B0F1804F28D0FFE7029840F200417B
:10405000C4F20001884220D0FFE7029840F6000138
:10406000C4F20001884218D0FFE7029840F60041F0
:10407000C4F20001884210D0FFE7029843F20041E9
:10408000C4F20101884208D0FFE7029845F200011E
:10409000C4F2010188420AD1FFE7009820F07000C5
:1040A000009001984168009808430090FFE702984B
:1040B00042F60041C4F20101884245D0FFE7029870
:1040C000B0F1804F40D0FFE7029840F20041C4F2C7
:1040D0000001884238D0FFE7029840F60001C4F2A0
:1040E0000001884230D0FFE7029840F60041C4F258
:1040F0000001884228D0FFE7029843F20041C4F251
:104100000101884220D0FFE7029844F20001C4F286
:104110000101884218D0FFE7029844F20041C4F23E
:104120000101884210D0FFE7029844F60001C4F272
:104130000101884208D0FFE7029845F20001C4F26D
:10414000010188420AD1FFE7009820F440700090F6
:104150000198C168009808430090FFE7009820F09C
:10416000800001994969084300900098029908600D
:10417000019880680299C862019800680299886273
:10418000029842F60041C4F20101884228D0FFE7BC
:10419000029843F20041C4F20101884220D0FFE7B7
:1041A000029844F20001C4F20101884218D0FFE7EE
:1041B000029844F20041C4F20101884210D0FFE7A6
:1041C000029844F60001C4F20101884208D0FFE7DA
:1041D000029845F20001C4F20101884205D1FFE7CF
:1041E0000198006902990863FFE70299012048617C
:1041F00002980069C00730B1FFE70299086920F012
:1042000001000861FFE703B07047000084B003902D
:1042100002910192029800F01F0101208840009055
:10422000009A0399086A904308620198029901F084
:104230001F0100FA01F20399086A1043086204B0F2
:104240007047000085B00490039102920193049896
:1042500080680090009820F47F40009003980299B5
:10426000019A41EA02210143009808430090009816
:104270000499886005B0704783B00290019102985C
:104280008068009000984FF68F71CFF6CF7108408C
:10429000009001980099084340F0070000900098B2
:1042A0000299886003B0704785B004900391049828
:1042B000006A01900499086A20F0010008620498DD
:1042C0004068009004988069029002984FF68F71C0
:1042D000CFF6FE7108400290029820F00300029091
:1042E00003980168029808430290019820F00200A8
:1042F000019003988168019808430190049842F660
:104300000041C4F20101884228D0FFE7049843F23B
:104310000041C4F20101884220D0FFE7049844F232
:104320000001C4F20101884218D0FFE7049844F26A
:104330000041C4F20101884210D0FFE7049844F61E
:104340000001C4F20101884208D0FFE7049845F259
:104350000001C4F2010188420ED1FFE7019820F06C
:10436000080001900398C1680198084301900198E2
:1043700020F004000190FFE7049842F60041C4F2E7
:104380000101884228D0FFE7049843F20041C4F2BB
:104390000101884220D0FFE7049844F20001C4F2F2
:1043A0000101884218D0FFE7049844F20041C4F2AA
:1043B0000101884210D0FFE7049844F60001C4F2DE
:1043C0000101884208D0FFE7049845F20001C4F2D9
:1043D0000101884213D1FFE7009820F4807000901B
:1043E000009820F4007000900398416900980843F9
:1043F000009003988169009808430090FFE70098B7
:104400000499486002980499886103984068049967
:10441000486301980499086205B0704785B004901C
:1044200003910498006A01900499086A20F0100032
:10443000086204984068009004988069029002988D
:1044400048F6FF71CFF6FF6108400290029820F411
:104450004070029003980168029840EA012002909F
:10446000019820F02000019003988168019840EAAB
:1044700001100190049842F60041C4F20101884203
:1044800031D0FFE7049843F20041C4F201018842B1
:1044900029D0FFE7049844F20001C4F201018842E8
:1044A00003D1FFE70020F0B9FFE7049844F2004190
:1044B000C4F20101884203D1FFE7002098B9FFE769
:1044C000049844F60001C4F20101884203D1FFE7D9
:1044D000002040B9FFE7049845F20001C4F2010151
:1044E00088420FD1FFE7019820F0800001900398E7
:1044F000C168019840EA01100190019820F0400045
:104500000190FFE7049842F60041C4F2010188429D
:1045100028D0FFE7049843F20041C4F20101884229
:1045200020D0FFE7049844F20001C4F20101884260
:1045300018D0FFE7049844F20041C4F20101884218
:1045400010D0FFE7049844F60001C4F2010188424C
:1045500008D0FFE7049845F20001C4F20101884247
:1045600015D1FFE7009820F480600090009820F4B7
:104570000060009003984169009840EA8100009033
:1045800003988169009840EA81000090FFE7009855
:1045900004994860029804998861039840680499D6
:1045A000886301980499086205B0704785B004904B
:1045B00003910498006A01900499086A20F48070BD
:1045C00008620498406800900498C06902900298BC
:1045D0004FF68F71CFF6FE7108400290029820F0DE
:1045E0000300029003980168029808430290019822
:1045F00020F40070019003988168019840EA01203E
:104600000190049842F60041C4F20101884231D081
:10461000FFE7049843F20041C4F20101884229D027
:10462000FFE7049844F20001C4F20101884203D17B
:10463000FFE70020F0B9FFE7049844F20041C4F21C
:104640000101884203D1FFE7002098B9FFE70498F1
:1046500044F60001C4F20101884203D1FFE70020C3
:1046600040B9FFE7049845F20001C4F20101884215
:104670000FD1FFE7019820F4006001900398C16812
:10468000019840EA01200190019820F48060019097
:10469000FFE7049842F60041C4F20101884228D0A5
:1046A000FFE7049843F20041C4F20101884220D0A0
:1046B000FFE7049844F20001C4F20101884218D0D7
:1046C000FFE7049844F20041C4F20101884210D08F
:1046D000FFE7049844F60001C4F20101884208D0C3
:1046E000FFE7049845F20001C4F20101884215D1A8
:1046F000FFE7009820F480500090009820F40050CC
:10470000009003984169009840EA011000900398D6
:104710008169009840EA01100090FFE70098049931
:10472000486002980499C861039840680499C86376
:1047300001980499086205B07047000085B00490A4
:1047400003910498006A01900499086A20F480504B
:1047500008620498406800900498C069029002982A
:1047600048F6FF71CFF6FF6108400290029820F4EE
:104770004070029003980168029840EA012002907C
:10478000019820F40050019003988168019840EA54
:1047900001300190049842F60041C4F201018842C0
:1047A00031D0FFE7049843F20041C4F2010188428E
:1047B00029D0FFE7049844F20001C4F201018842C5
:1047C00003D1FFE70020F0B9FFE7049844F200416D
:1047D000C4F20101884203D1FFE7002098B9FFE746
:1047E000049844F60001C4F20101884203D1FFE7B6
:1047F000002040B9FFE7049845F20001C4F201012E
:1048000088420FD1FFE7019820F4004001900398FF
:10481000C168019840EA01300190019820F480407D
:104820000190FFE7049842F60041C4F2010188427A
:1048300028D0FFE7049843F20041C4F20101884206
:1048400020D0FFE7049844F20001C4F2010188423D
:1048500018D0FFE7049844F20041C4F201018842F5
:1048600010D0FFE7049844F60001C4F20101884229
:1048700008D0FFE7049845F20001C4F20101884224
:1048800015D1FFE7009820F480400090009820F4B4
:104890000040009003984169009840EA8110009020
:1048A00003988169009840EA81100090FFE7009822
:1048B0000499486002980499C86103984068049973
:1048C000086401980499086205B0704785B00490A7
:1048D00003910498006A01900499086A20F48030DA
:1048E00008620498406800900498006D0290029855
:1048F0004FF68F71CFF6FE71084002900398016861
:10490000029808430290019820F400300190039827
:104910008168019840EA01400190049842F6004104
:10492000C4F20101884228D0FFE7049843F2004115
:10493000C4F20101884220D0FFE7049844F200014C
:10494000C4F20101884218D0FFE7049844F2004104
:10495000C4F20101884210D0FFE7049844F6000138
:10496000C4F20101884208D0FFE7049845F2000133
:10497000C4F2010188420BD1FFE7009820F4803097
:10498000009003984169009840EA01200090FFE7F9
:104990000098049948600298049908650398406853
:1049A0000499886401980499086205B07047000072
:1049B00085B0049003910498006A01900499086AF4
:1049C00020F4801008620498406800900498006DFC
:1049D0000290029848F6FF71CFF6FF6108400290FE
:1049E00003980168029840EA01200290019820F49F
:1049F0000010019003988168019840EA01500190ED
:104A0000049842F60041C4F20101884228D0FFE731
:104A1000049843F20041C4F20101884220D0FFE72C
:104A2000049844F20001C4F20101884218D0FFE763
:104A3000049844F20041C4F20101884210D0FFE71B
:104A4000049844F60001C4F20101884208D0FFE74F
:104A5000049845F20001C4F2010188420BD1FFE73E
:104A6000009820F48020009003984169009840EA63
:104A700081200090FFE7009804994860029804990B
:104A80000865039840680499C8640198049908620D
:104A900005B0704785B00490039102920498006AB3
:104AA00000900499086A20F0010008620498806967
:104AB0000190019820F0F00001900299019840EADD
:104AC00001100190009820F00A00009003990098CE
:104AD000084300900198049988610098049908623D
:104AE00005B0704785B00490039102920498006A63
:104AF00000900499086A20F0100008620498806908
:104B00000190019820F4704001900299019840EAC8
:104B100001300190009820F0A000009003990098C7
:104B200040EA011000900198049988610098049966
:104B3000086205B07047000045F24050C2F2000024
:104B400090EDA90AB0EEC00A9FED4C1AB4EE410AEE
:104B5000F1EE10FA25DDFFE744F63060C2F2000006
:104B6000D0F8C40120F0004000EE100A9FED441A76
:104B7000B4EE410AF1EE10FA13DAFFE745F24050C5
:104B8000C2F2000090F8A80250B9FFE745F2405188
:104B9000C2F20001B1F8AA020130A1F8AA02FFE7AF
:104BA00007E045F24051C2F200010020A1F8AA023C
:104BB000FFE745F24050C2F20000B0F8AA02B0F59B
:104BC000967F0DDBFFE745F24051C2F20001012064
:104BD00081F8A8020020A1F8AC02A1F8AA02FFE720
:104BE00045F24050C2F2000090F8A802002843D0DD
:104BF000FFE745F24050C2F20000B0F8AC020128D5
:104C00001BD1FFE744F63060C2F20000D0F8B001DB
:104C100000EE100A9FED1B1A80EE010A45F240508B
:104C2000C2F2000080ED100A90ED100A9FED161AF6
:104C300030EE010A80ED100AFFE745F24050C2F263
:104C40000000B0F8AC02B0F5FA7F0ADAFFE745F2EF
:104C50004051C2F20001B1F8AC020130A1F8AC023F
:104C600009E045F24051C2F20001002081F8A8029B
:104C7000A1F8AC02FFE7FFE7704700BF00C05A464B
:104C80000000C842862CAC42000000C280B547F646
:104C9000A460C2F20000F7F7E5FB80BD80B547F6DF
:104CA0003870C2F20000F7F7DDFB80BD82B00190E2
:104CB0000198406E40B9FFE701990120A1F86A0010
:104CC0000199A1F8680032E008208DF803008DF802
:104CD0000200019800688068C0F342608DF801000E
:104CE000019800688068400F8DF800009DF8020070
:104CF0009DF800204CF23453C0F60103995C484300
:104D00004CF22C51C0F601018A5CB0FBF2F0019A22
:104D1000A2F86A009DF803009DF801209B5C5843AF
:104D2000895CB0FBF1F00199A1F86800FFE702B0DF
:104D30007047000081B00090009890F828000007AC
:104D400000280BD5FFE700980068406820F4004079
:104D5000009A1168926B10434860FFE7009890F842
:104D60002800C00758B1FFE700980068406820F4A9
:104D70000030009A1168D26A10434860FFE700983B
:104D800090F82800800700280BD5FFE700980068FE
:104D9000406820F48030009A1168126B104348601C
:104DA000FFE7009890F82800400700280BD5FFE7A0
:104DB00000980068406820F48020009A1168526BC7
:104DC00010434860FFE7009890F82800C0060028CC
:104DD0000BD5FFE700980068806820F48050009AA7
:104DE0001168D26B10438860FFE7009890F82800A4
:104DF000800600280BD5FFE700980068806820F443
:104E00000050009A1168126C10438860FFE7009808
:104E100090F82800400600281CD5FFE7009800689D
:104E2000406820F48010009A1168526C104348606A
:104E30000098406CB0F5801F0BD1FFE70098006828
:104E4000406820F4C000009A1168926C10434860DA
:104E5000FFE7FFE7009890F82800000600280BD530
:104E6000FFE700980068406820F40020009A11686D
:104E7000D26C10434860FFE701B0704780B588B03E
:104E8000069006990020C1F89000F2F731FB0590DA
:104E9000069800680068000700282FD5FFE70698ED
:104EA000059B6A466FF07E4111604FF400110022AD
:104EB00000F09AFD08B3FFE7FFE7FFE706980068F8
:104EC00050E8000F20F080000490FFE70499069856
:104ED000026842E800100028F0D1FFE7FFE70699DA
:104EE0002020C1F88800FFE70699002081F884009F
:104EF000FFE703208DF81F005FE0FFE706980068DA
:104F000000684007002842D5FFE70698059B6A46DF
:104F10006FF07E4111604FF48001002200F064FDCB
:104F2000A0B3FFE7FFE7FFE70698006850E8000F2F
:104F300020F490700390FFE703990698026842E816
:104F400000100028F0D1FFE7FFE7FFE7FFE7069832
:104F5000006850E8020F20F001000290FFE702997C
:104F60000698026842E802100028F0D1FFE7FFE748
:104F700006992020C1F88C00FFE70699002081F8EF
:104F80008400FFE703208DF81F0016E0FFE7069975
:104F90002020C1F888000699C1F88C0006990020ED
:104FA000C86606990867FFE70699002081F8840023
:104FB000FFE700208DF81F00FFE79DF81F0008B0F5
:104FC00080BD000080B582B001900198806A009099
:104FD00000990020A1F85E000098F7F7A7F902B049
:104FE00080BD000080B584B003900398806A029071
:104FF0000298D0F8880001900298D0F88C000090B8
:10500000029800688068000600280CD5FFE7019828
:10501000212808D1FFE702990020A1F85600029844
:1050200000F02AF9FFE7029800688068400600282F
:105030000CD5FFE70098222808D1FFE7029900204D
:10504000A1F85E00029800F0A5F8FFE70299D1F8F8
:10505000900040F01000C1F890000298F7F766F950
:1050600004B080BD80B586B005900598806A049034
:10507000059800680068800600285BD4FFE7049963
:105080000020A1F85E00FFE7FFE70498006850E801
:10509000000F20F480700390FFE7039904980268E2
:1050A00042E800100028F0D1FFE7FFE7FFE7FFE745
:1050B0000498006850E8020F20F001000290FFE71A
:1050C00002990498026842E802100028F0D1FFE734
:1050D000FFE7FFE7FFE70498006850E8020F20F0C1
:1050E00040000190FFE701990498026842E802102D
:1050F0000028F0D1FFE7FFE704992020C1F88C00D9
:105100000498C06E012814D1FFE7FFE7FFE7049879
:10511000006850E8000F20F010000090FFE70099B1
:105120000498026842E800100028F0D1FFE7FFE78A
:10513000FFE7FFE70499002008670498C06E012884
:1051400006D1FFE70498B0F85C10F6F7ADFF03E076
:105150000498F8F75DF8FFE706B080BD80B582B02F
:1051600001900198806A00900099012008670098DA
:10517000C06E012807D1FFE70098B0F85C1049081D
:10518000F6F792FF03E00098F8F746F8FFE702B061
:1051900080BD000084B00390FFE7FFE7039800683C
:1051A00050E8000F20F490700290FFE702990398F6
:1051B000026842E800100028F0D1FFE7FFE7FFE7B0
:1051C000FFE70398006850E8020F4FF6FE71CEF635
:1051D000FF7108400190FFE701990398026842E8D7
:1051E00002100028EDD1FFE7FFE70398C06E012809
:1051F00014D1FFE7FFE7FFE70398006850E8000FCE
:1052000020F010000090FFE700990398026842E840
:1052100000100028F0D1FFE7FFE7FFE70399202007
:10522000C1F88C0003990020C8660399486704B050
:105230007047000080B582B00190FFE7FFE701985A
:10524000006850E8000F20F040000090FFE7009950
:105250000198026842E800100028F0D1FFE7FFE75C
:1052600001992020C1F888000199002088670198E1
:10527000F7F7D6FF02B080BD83B00290FFE7FFE7EB
:105280000298006850E8000F20F0C0000190FFE78E
:1052900001990298026842E800100028F0D1FFE767
:1052A000FFE7FFE7FFE70298006850E8020F20F4ED
:1052B00000000090FFE700990298026842E802109F
:1052C0000028F0D1FFE7FFE702992020C1F888000D
:1052D00003B0704780B592B0119000208DF8370070
:1052E0001198006848F20001C4F20001884201D11F
:1052F000FFE700E0FFE7119988680B694A69C9690F
:10530000184310430843109011980068006846F64F
:10531000F311CCF6FF710840109908431199096800
:10532000086011980068406820F44050119A116894
:10533000D2681043486011988069109011980068F5
:1053400048F20001C4F20001884206D0FFE711983C
:10535000016A109808431090FFE711980068806870
:105360004FF2FF41C1F2FF11084010990843119913
:105370000968886011980068C06A20F00F00119ACF
:105380001168526A1043C862FFE71198006843F63B
:105390000001C4F20101884225D1FFE741F28800F3
:1053A000C4F20200006800F0030001460A910328DD
:1053B00014D80A99DFE801F0020A060E01208DF8E0
:1053C0003D000FE002208DF83D000BE004208DF839
:1053D0003D0007E008208DF83D0003E010208DF827
:1053E0003D00FFE715E11198006844F20041C4F266
:1053F000000188422AD1FFE741F28800C4F202008E
:10540000006800F00C00014609910C2819D8099990
:10541000DFE801F0071717170F1717170B171717E4
:10542000130000208DF83D000FE002208DF83D00B4
:105430000BE004208DF83D0007E008208DF83D00CA
:1054400003E010208DF83D00FFE7E1E011980068CF
:1054500044F60001C4F2000188422CD1FFE741F27A
:105460008800C4F20200006800F030000146089194
:1054700060B1FFE70898102810D0FFE708982028AF
:1054800008D0FFE7089830280CD00FE000208DF8F6
:105490003D000FE002208DF83D000BE004208DF868
:1054A0003D0007E008208DF83D0003E010208DF856
:1054B0003D00FFE7ABE01198006844F60041C4F2FC
:1054C000000188422CD1FFE741F28800C4F20200BB
:1054D000006800F0C0000146079160B1FFE707983F
:1054E000402810D0FFE70798802808D0FFE70798EA
:1054F000C0280CD00FE000208DF83D000FE0022006
:105500008DF83D000BE004208DF83D0007E00820F9
:105510008DF83D0003E010208DF83D00FFE775E0B9
:105520001198006845F20001C4F2000188422FD1B1
:10553000FFE741F28800C4F20200006800F4407006
:105540000146069178B1FFE70698B0F5807F12D04A
:10555000FFE70698B0F5007F09D0FFE70698B0F5A1
:10556000407F0CD00FE000208DF83D000FE00220BE
:105570008DF83D000BE004208DF83D0007E0082089
:105580008DF83D0003E010208DF83D00FFE73CE082
:105590001198006848F20001C4F2000188422FD13E
:1055A000FFE741F28800C4F20200006800F44060A6
:1055B0000146059178B1FFE70598B0F5806F12D0EC
:1055C000FFE70598B0F5006F09D0FFE70598B0F543
:1055D000406F0CD00FE000208DF83D000FE002205E
:1055E0008DF83D000BE004208DF83D0007E0082019
:1055F0008DF83D0003E010208DF83D00FFE703E04B
:1056000010208DF83D00FFE7FFE7FFE7FFE7FFE72A
:10561000FFE7FFE71198006848F20001C4F20001BB
:10562000884240F07E80FFE79DF83D0001460491EE
:10563000082819D80499DFE801F0051709170F1792
:1056400017171300F4F784FA0B9013E042F20040AE
:10565000C0F2F4000B900DE0F4F7A2FA0B9009E011
:105660004FF400400B9005E000200B9001208DF8D6
:105670003700FFE70B98002852D0FFE70B981199ED
:105680004A6A4CF23C51C0F6010131F81210B0FBED
:10569000F1F00C900C981199496801EB4101884296
:1056A00007D3FFE70C9811994968B0EB013F04D983
:1056B000FFE701208DF8370031E00B9811994A6817
:1056C00002924A6A4CF23C51C0F6010131F81220B4
:1056D000002303931946EAF79BFD029A039B0902F4
:1056E00041EA1061000210EB520041F10001EAF7BB
:1056F0008FFD0E900E98B0F5407F0BD3FFE70E990B
:105700000020B0EB115F05D1FFE70E9811990968F1
:10571000C86003E001208DF83700FFE7FFE7FFE7EF
:10572000B9E01198C069B0F5004F61D1FFE79DF86D
:105730003D000146019108281DD80199DFE801F0DC
:1057400005090D1B131B1B1B1700F4F701FA0B9027
:1057500017E0F4F711FA0B9013E042F20040C0F2A8
:10576000F4000B900DE0F4F71BFA0B9009E04FF4F6
:1057700000400B9005E000200B9001208DF83700D1
:10578000FFE70B9898B3FFE70B98119A5168536A9B
:105790004CF23C52C0F6010232F81320B0FBF2F09A
:1057A000400000EB5100B0FBF1F00E900E98102875
:1057B00018D3FFE7BDF83A00A0B9FFE70E9820F034
:1057C0000F00ADF83E000E9800F00E01BDF83E004F
:1057D00040EA5100ADF83E00BDF83E00119909685D
:1057E000C86003E001208DF83700FFE7FFE751E0D4
:1057F0009DF83D000146009108281DD80099DFE87A
:1058000001F005090D1B131B1B1B1700F4F7A0F972
:105810000B9017E0F4F7B0F90B9013E042F2004060
:10582000C0F2F4000B900DE0F4F7BAF90B9009E028
:105830004FF400400B9005E000200B9001208DF804
:105840003700FFE70B9820B3FFE70B98119A5168D8
:10585000536A4CF23C52C0F6010232F81320B0FBFE
:10586000F2F000EB5100B0FBF1F00E900E98102812
:105870000AD3FFE7BDF83A0030B9FFE7BDF83800BA
:1058800011990968C86003E001208DF83700FFE72F
:10589000FFE7FFE7FFE711990120A1F86A001199DE
:1058A000A1F86800119900204867119988679DF850
:1058B000370012B080BD000080B588B00690059119
:1058C000ADF81220059806998865BDF81200069972
:1058D000A1F85C0006990020C1F8900006992220EA
:1058E000C1F88C000698D0F88000B0B3FFE70698A6
:1058F000D0F8801045F26500C0F60100C862069835
:10590000D0F8801045F25D10C0F6010008630698DB
:10591000D0F8801044F6E570C0F6010048630698A0
:10592000D0F880100020886306980168826DD0F856
:1059300080002431BDF81230F0F740F960B1FFE784
:1059400006991020C1F8900006992020C1F88C001B
:1059500001208DF81F0042E0FFE706980069A0B122
:10596000FFE7FFE7FFE70698006850E8000F40F404
:1059700080700390FFE703990698026842E80010E0
:105980000028F0D1FFE7FFE7FFE7FFE7FFE7069812
:10599000006850E8020F40F001000290FFE7029912
:1059A0000698026842E802100028F0D1FFE7FFE7FE
:1059B000FFE7FFE70698006850E8020F40F040005C
:1059C0000190FFE701990698026842E8021000285A
:1059D000F0D1FFE7FFE700208DF81F00FFE79DF8FB
:1059E0001F0008B080BD000080B586B0DDF820C083
:1059F000049003918DF80B200193FFE70498006851
:105A0000C06903990840401AB0FA80F040099DF837
:105A10000B10884266D1FFE708980130002860D05B
:105A2000FFE7F1F765FD0199401A0899884203D80C
:105A3000FFE7089820B9FFE703208DF8170055E02D
:105A40000498006800684007002849D5FFE70398DC
:105A5000802845D0FFE70398402841D0FFE704980D
:105A60000068C06900F008010120B0EBD10F16D129
:105A7000FFE7049801680820009008620498FFF787
:105A800089FB00980499C1F89000FFE70499002071
:105A900081F88400FFE701208DF8170026E00498C4
:105AA0000068C06900F400610120B0EBD12F16D16D
:105AB000FFE7049801684FF4006008620498FFF75C
:105AC00069FB04992020C1F89000FFE704990020A9
:105AD00081F88400FFE703208DF8170006E0FFE758
:105AE000FFE78BE700208DF81700FFE79DF8170010
:105AF00006B080BD80B547F6E840C2F20000F6F778
:105B0000B1FC80BD80B547F67C50C2F20000F6F7CC
:105B1000A9FC80BD80B547F61060C2F20000F6F720
:105B2000A1FC80BD80B582B047F61060C2F20000D3
:105B300045F2F811C2F2000140220192F6F75CFA38
:105B4000019A47F67C50C2F2000045F23821C2F2B9
:105B50000001F6F751FA47F6A460C2F2000045F6DC
:105B60004C01C2F200014FF480720092F6F744FA41
:105B7000009A47F63870C2F2000045F64C11C2F2A6
:105B80000001F6F739FA019A47F6E840C2F2000040
:105B900045F2BC41C2F20001F6F72EFA47F24C5032
:105BA000C2F200000168086820F00400086047F2B3
:105BB0008C40C2F200000168086820F00400086010
:105BC00047F2CC30C2F200000168086820F00400FF
:105BD000086047F24C20C2F200000168086820F01B
:105BE0000400086047F20C30C2F200000168086847
:105BF00020F00400086002B080BD000080B582B0D3
:105C00008DF8070000919DF8070060B9FFE7009A42
:105C10004CF6B350C0F6010045F65021C2F2000127
:105C200000F0A4FE0BE0009A4CF6B350C0F6010061
:105C300045F65021C2F2000100F098FEFFE745F65C
:105C40005020C2F2000002B080BD000080B586B0D6
:105C500004908DF80F100498D0F8C40201900498B5
:105C6000D0F8BC0220B9FFE703208DF817004BE005
:105C70000498D0F8BC02029004989DF80F1001EB34
:105C8000810100EB8100806910B3FFE704989DF863
:105C90000F1001EB810100EB81008269019800EB9C
:105CA000C100016AB2FBF1F000FB112080B9FFE7EF
:105CB00004989DF80F1001EB810100EB8100002397
:105CC000836104989DF80F101A4601F075FA17E0E9
:105CD00002990020C1F814020498D0F8C0020069AB
:105CE00068B1FFE70498D0F8C00203690299D1F8BF
:105CF000080201F504719DF80F209847FFE7FFE7C0
:105D000000208DF81700FFE79DF8170006B080BD52
:105D100080B584B002908DF807100298D0F8BC02CC
:105D200000900298D0F8BC0220B9FFE703208DF85C
:105D30000F0015E002989DF8071001F021F8009976
:105D4000C1F80C020298D0F8C002C2680099D1F8DC
:105D5000040201F50371904700208DF80F00FFE762
:105D60009DF80F0004B080BD80B584B003908DF81D
:105D70000B100398812100F0C3FE039900200190CD
:105D800008870398012100F0BBFE01980399A1F850
:105D900078010398822100F0B3FE01980399A1F8DD
:105DA0004C000399A1F84E000398D0F8BC0278B1DA
:105DB000FFE70398D0F8C002406880470398D0F806
:105DC000BC0201F0F5FD03990020C1F8BC02FFE719
:105DD000002004B080BD000082B08DF80700009163
:105DE00000991220088040F2B820C2F2000002B0F0
:105DF0007047000080B584B002900298D0F8BC02D1
:105E00000190019820B9FFE703208DF80F001DE0F5
:105E10000298D0F8C002A8B1FFE7019890F80002FC
:105E2000FF280FD0FFE70298D0F8C00283680199DD
:105E300091F8000291F8012298470199FF2081F81A
:105E40000002FFE700208DF80F00FFE79DF80F002C
:105E500004B080BD81B0009000990A20088040F213
:105E6000CC20C2F2000001B07047000081B0009069
:105E700000994320088040F23020C2F2000001B0B7
:105E80007047000081B0009000994320088040F2E4
:105E90007420C2F2000001B07047000081B0009091
:105EA00000994320088040F2D820C2F2000001B0DF
:105EB0007047000080B58AB008908DF81F104FF42D
:105EC000077001F079FD0690069840B9FFE7089940
:105ED0000020C1F8BC0202208DF827006DE0069872
:105EE0000899C1F8BC020898007CD8B9FFE7089867
:105EF0008121022203924FF40073049300F0CEFF3D
:105F0000039A049B0898012105910187089800F0E5
:105F1000C5FF05980899A1F8780108991020A1F803
:105F20004E0019E00898812102220092402301933B
:105F300000F0B4FF009A019B0898012102910187AB
:105F4000089800F0ABFF02980899A1F87801089929
:105F50001020A1F84E00FFE70898822103220823B1
:105F600000F09CFF08990120A1F84C000898D0F897
:105F7000C0020068804706990020C1F81402069903
:105F8000C1F818020898007C50B9FFE708980699F4
:105F9000D1F8042201214FF4007300F0A5FF08E0BE
:105FA00008980699D1F804220121402300F09CFFB3
:105FB000FFE700208DF82700FFE79DF827000AB0D3
:105FC00080BD000080B582B08DF8070000919DF87B
:105FD000070060B9FFE7009A4CF6A550C0F6010033
:105FE00045F65021C2F2000100F0C0FC0BE0009A1F
:105FF0004CF6A550C0F6010045F65021C2F2000152
:1060000000F0B4FCFFE745F65020C2F2000002B0F9
:1060100080BD000082B08DF8070000910099042037
:10602000088040F23030C2F2000002B07047000039
:1060300080B584B08DF80F000291029A4CF6BE50E4
:10604000C0F6010045F65021C2F20001019100F0B6
:106050008DFC019804B080BD80B582B08DF807003A
:1060600000919DF8070060B9FFE7009A4CF6D15007
:10607000C0F6010045F65021C2F2000100F076FCA6
:106080000BE0009A4CF6D150C0F6010045F65021C5
:10609000C2F2000100F06AFCFFE745F65020C2F2B0
:1060A000000002B080BD000080B584B0029002986C
:1060B000D0F8BC0201900298D0F8BC0220B9FFE7EA
:1060C00003208DF80F001AE00298007C50B9FFE71A
:1060D00002980199D1F8042201214FF4007300F0D5
:1060E00003FF08E002980199D1F80422012140231E
:1060F00000F0FAFEFFE700208DF80F00FFE79DF8A3
:106100000F0004B080BD000083B0019000910098A2
:1061100020B9FFE703208DF80B0007E000980199F4
:10612000C1F8C00200208DF80B00FFE79DF80B00BE
:1061300003B0704780B582B08DF8070000910099D8
:106140001A200880EDF7E0F940F23430C2F2000086
:1061500002B080BD84B0029001910298D0F8BC02D8
:106160000090009820B9FFE703208DF80F0007E0AA
:1061700001980099C1F8040200208DF80F00FFE794
:106180009DF80F0004B0704785B003900291019212
:106190000398D0F8BC020090009820B9FFE70320D4
:1061A0008DF813000BE002980099C1F808020198DD
:1061B0000099C1F8100200208DF81300FFE79DF848
:1061C000130005B07047000080B58AB008900791B1
:1061D0000898D0F8BC02069000208DF81500ADF8A4
:1061E00012008DF81100069820B9FFE703208DF802
:1061F0002700B3E00798007800F0600001460391A3
:1062000000284AD0FFE70398202840F09A80FFE753
:106210000798C088B8B3FFE7079800780006002801
:106220001FD5FFE70898D0F8C0028368079A507816
:106230000699D28898470798C088082803D3FFE7B3
:106240000720029003E00798C0880290FFE70298B9
:10625000ADF8160008980699BDF8162000F04CF924
:1062600010E007984078069981F800020798807935
:10627000069981F8010208980699079AD28800F0D9
:106280000DF9FFE708E00898D0F8C0028368079985
:10629000487800229847FFE75BE00798407801467E
:1062A00001910B2844D80199DFE801F006414242F0
:1062B0004242424242421C32089890F89C02032813
:1062C00007D1FFE708980DF11201022200F014F93E
:1062D00007E00898079900F0D3F803208DF8110023
:1062E000FFE72DE0089890F89C02032807D1FFE70C
:1062F00008980DF11501012200F0FEF807E008985A
:10630000079900F0BDF803208DF81100FFE717E0B2
:10631000089890F89C02032808D0FFE7089807998E
:1063200000F0AEF803208DF81100FFE708E007E069
:106330000898079900F0A4F803208DF81100FFE7F2
:1063400007E00898079900F09BF803208DF81100EA
:10635000FFE79DF811008DF82700FFE79DF8270063
:106360000AB080BD80B584B002900298D0F8BC021B
:10637000019001208DF803000298D0F8BC0220B9EA
:10638000FFE703208DF80F001FE00198D0F81402FA
:10639000B0B9FFE701990120C1F814020198D0F8C3
:1063A00010020299C86202980199D1F80822D1F826
:1063B0001032812100F000FF00208DF80300FFE77C
:1063C0009DF803008DF80F00FFE79DF80F0004B063
:1063D00080BD000080B582B001908DF80310019857
:1063E000D0F8B80240B1FFE70198D0F8B8124A6877
:1063F0009DF803109047FFE7002002B080BD000029
:1064000080B582B001900091019890F89C0201380B
:1064100002280ED8FFE700984088012808D1FFE73E
:1064200001990020C1F8A402019800F07FF8FFE76D
:1064300004E00198009900F023F8FFE702B080BD66
:1064400080B584B00390029101920398029A019B57
:106450000021009100F048FD009804B080BD0000CC
:1064600080B584B00390029101920398029A019B37
:106470000021009100F0A0FE009804B080BD000053
:1064800080B582B0019000910198802100F04CFE0F
:106490000198002100F048FE02B080BD80B584B0B4
:1064A00003900291019203990320C1F8940201988C
:1064B0000399C1F8580101980399C1F85C01039848
:1064C000029A019B0021009100F00EFD009804B09B
:1064D00080BD000080B582B0019001990520C1F80F
:1064E000940201980023009319461A4600F0FCFC20
:1064F000009802B080BD000080B584B00390029186
:10650000019203990220C1F89402019803998861CD
:1065100001980399C8610398029A019B0021009198
:1065200000F04AFE009804B080BD000080B582B043
:10653000019001990420C1F894020198002300936E
:1065400019461A4600F038FE009802B080BD0000DF
:1065500080B584B0039002910298C088012805D0CC
:10656000FFE703980299FFF78BFF21E0039890F86B
:106570009C12481E0191022804D3FFE701980328CA
:106580000AD00FE0039900208860039800F1080109
:106590000122FFF7B1FF0AE00398011D0122FFF776
:1065A000ABFF04E003980299FFF76AFFFFE7FFE7FC
:1065B00004B080BD80B588B0079006910020ADF88A
:1065C000160004908DF80F000698C0780138014637
:1065D00002910E2800F241810299DFE811F02A00B1
:1065E000340051003E013E010B0123013E013E01FA
:1065F0003E013E013E013E013E010F000798D0F8EA
:10660000B402C06950B1FFE70798D0F8B412CA6964
:10661000007C0DF116019047049009E00798069957
:10662000FFF72EFF9DF80F0001308DF80F00FFE7F8
:106630001DE10798D0F8B4120A68007C0DF116012C
:106640009047049013E10798007C60B9FFE7079832
:10665000D0F8B802816A0DF11600884704900499B9
:10666000022048700BE00798D0F8B802C16A0DF11B
:10667000160088470490049902204870FFE7F6E06E
:106680000698807801460191052800F2A8800199BA
:10669000DFE801F0031E39546F8A0798D0F8B4027E
:1066A000406850B1FFE70798D0F8B4124A68007C00
:1066B0000DF116019047049009E007980699FFF73D
:1066C000DFFE9DF80F0001308DF80F00FFE790E02E
:1066D0000798D0F8B402806850B1FFE70798D0F867
:1066E000B4128A68007C0DF116019047049009E00D
:1066F00007980699FFF7C4FE9DF80F0001308DF84A
:106700000F00FFE775E00798D0F8B402C06850B1F9
:10671000FFE70798D0F8B412CA68007C0DF11601A3
:106720009047049009E007980699FFF7A9FE9DF8A5
:106730000F0001308DF80F00FFE75AE00798D0F8FE
:10674000B402006950B1FFE70798D0F8B4120A69A3
:10675000007C0DF116019047049009E00798069916
:10676000FFF78EFE9DF80F0001308DF80F00FFE758
:106770003FE00798D0F8B402406950B1FFE70798AE
:10678000D0F8B4124A69007C0DF1160190470490CC
:1067900009E007980699FFF773FE9DF80F00013096
:1067A0008DF80F00FFE724E00798D0F8B402806965
:1067B00050B1FFE70798D0F8B4128A69007C0DF158
:1067C00016019047049009E007980699FFF758FED4
:1067D0009DF80F0001308DF80F00FFE709E00798E2
:1067E0000699FFF74DFE9DF80F0001308DF80F0060
:1067F000FFE73CE00798007C48B9FFE70798D0F82E
:10680000B802416B0DF116008847049009E0079823
:106810000699FFF735FE9DF80F0001308DF80F0047
:10682000FFE724E00798007C60B9FFE70798D0F8FD
:10683000B802016B0DF116008847049004990720F7
:10684000487009E007980699FFF71AFE9DF80F00B7
:1068500001308DF80F00FFE709E007980699FFF770
:106860000FFE9DF80F0001308DF80F00FFE79DF837
:106870000F0008B1FFE72AE00698C08818B3FFE7C9
:10688000BDF81600C8B1FFE7BDF816000699C98823
:10689000884204DAFFE7BDF81600009003E006988E
:1068A000C0880090FFE70098ADF81600079804999B
:1068B000BDF81620FFF720FE04E007980699FFF7C1
:1068C000DFFDFFE703E00798FFF730FEFFE708B0C2
:1068D00080BD000083B0029000208DF80700029870
:1068E0000090FFE70098007848B1FFE79DF80700A7
:1068F00001308DF80700009801300090F2E79DF814
:10690000070003B07047000080B582B0019000918D
:10691000019890F89C02013802281FD8FFE70098E0
:10692000C088022805D0FFE701980099FFF7A8FD6D
:1069300019E001990120C8600198D0F8A40230B193
:10694000FFE70199C86840F00200C860FFE70198BE
:1069500000F10C010222FFF7CFFD04E0019800993D
:10696000FFF78EFDFFE702B080BD000080B586B066
:1069700005900491039200208DF80B00059808B94A
:10698000FFE73DE0059801900198FFF7A3FF01465E
:10699000022000EB410003990880039800780499D5
:1069A0009DF80B2088549DF80B0001308DF80B00EA
:1069B00004999DF80B20032088549DF80B000130AA
:1069C0008DF80B00FFE701980078C8B1FFE7019848
:1069D000007804999DF80B208854019801300190AB
:1069E0009DF80B0001308DF80B0004999DF80B20E9
:1069F000002088549DF80B0001308DF80B00E2E771
:106A000006B080BD82B08DF8070000208DF806002A
:106A10009DF8070001460091032814D80099DFE88B
:106A200001F002060A0E00208DF806000FE0032098
:106A30008DF806000BE001208DF8060007E003202A
:106A40008DF8060003E003208DF80600FFE79DF8AF
:106A5000060002B07047000080B584B0029001913A
:106A60008DF80320029820B9FFE703208DF80F006E
:106A700023E002990020C1F8B8020299C1F8C002CF
:106A80000299C1F8CC02019828B1FFE70198029958
:106A9000C1F8B402FFE70299012081F89C029DF839
:106AA000030002990870029800F078F98DF802004E
:106AB0009DF802008DF80F00FFE79DF80F0004B06D
:106AC00080BD000080B582B001908DF803100020D9
:106AD0008DF802008DF801000198D0F8C4029DF8ED
:106AE0000310F1F7ABF98DF802009DF80200FFF7F3
:106AF00089FF8DF801009DF8010002B080BD000003
:106B000080B582B001908DF8031000208DF802004E
:106B10008DF801000198D0F8C4029DF80310F1F738
:106B200039F98DF802009DF80200FFF76BFF8DF830
:106B300001009DF8010002B080BD000080B588B062
:106B400006908DF8171004929DF81700002872D156
:106B5000FFE70698143003900698D0F894020228B4
:106B600059D1FFE703998868C968884212D9FFE7BD
:106B700003998868CA68801A886006980499039AFD
:106B80009268FFF76DFC0698002319461A4600F03C
:106B9000ABF93FE003988168C06888421ED1FFE7E7
:106BA00003994868C968884218D3FFE7039840688A
:106BB0000699D1F89812884210D2FFE70698002271
:106BC00001921146FFF74CFC019B0698C0F89832E1
:106BD000069819461A4600F087F91AE0069890F8C8
:106BE0009C0203280DD1FFE70698D0F8B802C068D0
:106BF00030B1FFE70698D0F8B812C9688847FFE7B8
:106C0000FFE70698802100F08FFA0698FFF762FCF4
:106C1000FFE7FFE700E0FFE7069890F8A0020128F1
:106C200008D1FFE7069800F047FB0699002081F89D
:106C3000A002FFE720E0069890F89C0203281AD1F2
:106C4000FFE70698D0F8B802406998B1FFE70698C8
:106C5000D0F8B8124A699DF8171090478DF80B00CC
:106C60009DF80B0028B1FFE79DF80B008DF81F0081
:106C700006E0FFE7FFE7FFE700208DF81F00FFE7D2
:106C80009DF81F0008B080BD80B58AB008908DF8CF
:106C90001F1006929DF81F00002847D1FFE70898B3
:106CA00000F5AA7005900898D0F8940203283BD10B
:106CB000FFE705998868C96888421DD9FFE70599EB
:106CC0008868CA68801A88600898029006980390BD
:106CD00005998868C968884204D2FFE705988068EA
:106CE000019003E00598C0680190FFE703990298BE
:106CF000019AFFF7A5FB16E0089890F89C0203287C
:106D00000DD1FFE70898D0F8B802006930B1FFE76D
:106D10000898D0F8B81209698847FFE7FFE7089894
:106D2000FFF704FCFFE700E0FFE720E0089890F899
:106D30009C0203281AD1FFE70898D0F8B8028069AE
:106D400098B1FFE70898D0F8B8128A699DF81F102B
:106D500090478DF813009DF8130028B1FFE79DF8C8
:106D600013008DF8270006E0FFE7FFE7FFE70020AC
:106D70008DF82700FFE79DF827000AB080BD0000CE
:106D800080B582B001908DF803100198D0F8C4024C
:106D90009DF80310F1F7AAFD02B080BD80B584B064
:106DA0000390039947F2C870C2F200000290C0F845
:106DB000D8120399C1F8C40245F60041C4F200019B
:106DC00001600821017102214171C171002101722C
:106DD00041728172C172F1F7C3FF18B1FFE7EBF79F
:106DE000DBFFFFE70398D0F8C402002201921823CA
:106DF0001146F0F769FF019A0398D0F8C402802188
:106E00005823F0F761FF019A0398D0F8C40281215A
:106E1000C023F0F759FF019A0398D0F8C40201216A
:106E20004FF48873F0F750FF019A0398D0F8C4022A
:106E300082214FF48073F0F747FF019804B080BDC2
:106E400084B002908DF807100298D0F8C402009028
:106E50009DF80700000600280DD5FFE700989DF873
:106E6000071001F07F0101EB810100EBC100807C84
:106E70008DF80F000DE000989DF8071001F07F01DC
:106E800001EB810100EBC10090F852018DF80F0079
:106E9000FFE79DF80F0004B07047000080B584B094
:106EA00003908DF80B108DF80A20ADF80830002003
:106EB0008DF807008DF806000398D0F8C4029DF8FD
:106EC0000B10BDF808209DF80A30F1F721FD8DF870
:106ED00007009DF80700FFF795FD8DF806009DF867
:106EE000060004B080BD000080B586B005908DF826
:106EF00013100392029300208DF807008DF806000E
:106F00000598D0F8C4029DF81310039A029BF1F77C
:106F10006FFD8DF807009DF80700FFF773FD8DF8F2
:106F200006009DF8060006B080BD000080B586B062
:106F300004900499012081F89C0204990020C1F872
:106F40009402049948600499C1F8A4020498D0F806
:106F5000B80220B9FFE703208DF8170032E004984B
:106F6000D0F8BC0270B1FFE70498D0F8B8024068CE
:106F700038B1FFE70498D0F8B8124A680179904711
:106F8000FFE7FFE704980022039240230293114693
:106F9000FFF784FF029B039A049901200190A1F856
:106FA00064010498C0F8603104988021FFF776FFEF
:106FB000019A02990398049B9A84049A11628DF8AD
:106FC0001700FFE79DF8170006B080BD81B0009064
:106FD000009890F89C02042807D1FFE7009890F8E9
:106FE0009D02009981F89C02FFE7002001B07047E4
:106FF00080B582B000900098D0F8B80220B9FFE7C1
:1070000003208DF8070016E0009890F89C020328F2
:107010000DD1FFE70098D0F8B802C06930B1FFE7A2
:107020000098D0F8B812C9698847FFE7FFE7002049
:107030008DF80700FFE79DF8070002B080BD000053
:1070400082B001908DF803109DF803000199087437
:10705000002002B07047000080B582B001908DF82A
:10706000031000208DF802008DF801000198D0F87F
:10707000C4029DF80310F1F7B5FF8DF802009DF8EA
:107080000200FFF7BFFC8DF801009DF8010002B07F
:1070900080BD000080B584B003900291039800F297
:1070A000AA20029900F0AAF803990120C1F89402DD
:1070B0000399B1F8B002C1F89802039890F8AA02B7
:1070C00000F01F000146009140B1FFE70098012841
:1070D0000CD0FFE70098022810D017E0039800F2C8
:1070E000AA2100F029FA8DF8070019E0039800F2B0
:1070F000AA2100F00FFC8DF8070011E0039800F2C0
:10710000AA2100F07BFA8DF8070009E0039890F8B7
:10711000AA1201F0800100F007F88DF80700FFE7E0
:107120009DF8070004B080BD80B582B001908DF855
:10713000031000208DF802008DF801000198D0F8AE
:10714000C4029DF80310F1F781FC8DF802009DF850
:107150000200FFF757FC8DF801009DF8010002B016
:1071600080BD000080B582B0019000208DF8030042
:107170008DF802000198D0F8C402F1F76DFF8DF888
:1071800003009DF80300FFF73DFC8DF802009DF819
:10719000020002B080BD000081B00090009890F81D
:1071A0009C02009981F89D020099042081F89C02BC
:1071B000002001B07047000080B586B005908DF8C2
:1071C00013100392029300208DF807008DF806003B
:1071D0000598D0F8C4029DF81310039A029BF1F7AA
:1071E00097FC8DF807009DF80700FFF70BFC8DF862
:1071F00006009DF8060006B080BD000080B584B092
:107200000390029102980190019800780399087008
:107210000198013001900198007803994870019815
:10722000013001900198FCF7B5FB03994880019863
:10723000013001900198013001900198FCF7AAFB00
:1072400003998880019801300190019801300190E4
:107250000198FCF79FFB0399C88004B080BD000033
:1072600080B584B0029001910020ADF80200019831
:1072700020B9FFE703208DF80F0018E0019802996C
:10728000C1F8B8020298D0F8B802C06A58B1FFE756
:107290000298D0F8B802C16A0DF10200884702993D
:1072A000C1F8CC02FFE700208DF80F00FFE79DF842
:1072B0000F0004B080BD000081B00090002001B03C
:1072C0007047000080B584B00390029102988088D6
:1072D000B8BBFFE70298C08898BBFFE702984088D8
:1072E0007F282ED8FFE70298807800F07F008DF885
:1072F0000700039890F89C02032805D1FFE7039844
:107300000299FFF7BDF81BE09DF80700039981F88B
:107310009E0203989DF80710FFF79EFE0398FFF763
:1073200005F99DF8070028B1FFE70399022081F8CD
:107330009C0204E00399012081F89C02FFE7FFE72B
:1073400004E003980299FFF79BF8FFE704B080BDC3
:1073500080B582B001908DF8031003208DF80200F3
:107360000198D0F8B80250B1FFE70198D0F8B812F0
:107370000A689DF8031090478DF80200FFE79DF81A
:10738000020002B080BD000080B586B00490039179
:1073900000208DF80B000398817845F64C20C2F24E
:1073A000000001700078022808D3FFE704980399D1
:1073B000FFF766F803208DF817009CE0049890F81A
:1073C0009C0201460191022804D0FFE7019803289E
:1073D0002BD07BE045F64C20C2F200000078F8B1DB
:1073E000FFE745F64C21C2F200010878049A50608C
:1073F00004980978FFF7ACFF8DF80B009DF80B009F
:1074000028B1FFE704980399FFF73AF807E00498DA
:10741000FFF78CF80499032081F89C02FFE703E052
:107420000498FFF783F8FFE760E045F64C20C2F2CE
:107430000000007898B9FFE70499022081F89C02C7
:1074400045F64C21C2F200010878049A5060049875
:107450000978FEF7BFFF0498FFF768F835E045F6B6
:107460004C20C2F20000007804994968884227D075
:10747000FFE704980179FEF7ADFF45F64C21C2F213
:1074800000010878049A506004980978FFF760FFBB
:107490008DF80B009DF80B0068B1FFE70498039985
:1074A000FEF7EEFF04980179FEF794FF049902209D
:1074B00081F89C0203E00498FFF738F8FFE703E047
:1074C0000498FFF733F8FFE7FFE70FE0049803990C
:1074D000FEF7D6FF049845F64C21C2F20001097868
:1074E000FEF778FF03208DF80B00FFE79DF80B00F7
:1074F0008DF81700FFE79DF8170006B080BD00006B
:1075000080B582B00190009100984088012808D190
:10751000FFE701990120C1F8A4020198FFF706F8DE
:10752000FFE702B080BD000080B582B001900198F5
:10753000FFF718FE02B080BD80B586B005900491BB
:1075400000208DF80F000498007800F060000146DC
:10755000029188B1FFE70298202804D0FFE7029843
:10756000402842D1FFE70598D0F8B8128A680499FC
:1075700090478DF80F003DE0049840780146019156
:1075800009282CD80199DFE801F01B252A202A0AB6
:10759000052A160F05980499FFF70CF824E00598C2
:1075A0000499FFF78FFE1FE005980499FFF7ECFEA2
:1075B0008DF80F0018E005980499FEF7C9FF13E055
:1075C00005980499FFF7A0F90EE005980499FFF7D4
:1075D00097FF09E005980499FEF712FF04E005986B
:1075E0000499FEF74DFFFFE704E005980499FEF7C4
:1075F00047FFFFE79DF80F0006B080BD80B58CB057
:107600000B900A9100208DF822000A9880888DF84E
:1076100023000A98007800F060000146079190B1BD
:10762000FFE70798202805D0FFE70798402840F09B
:107630006881FFE70B98D0F8B8128A680A999047DA
:107640008DF8220062E10A984078014606910028F0
:1076500000F09880FFE7069801284CD0FFE70698D5
:10766000032840F04881FFE70B9890F89C02014600
:107670000591022804D0FFE70598032819D034E0CB
:107680009DF8230078B1FFE79DF8230080280AD0F9
:10769000FFE70B989DF82310FFF746FD0B9880211C
:1076A000FFF742FD04E00B980A99FEF7E9FEFFE7B9
:1076B00020E00A984088A0B9FFE79DF8230078B140
:1076C000FFE79DF8230080280AD0FFE70A98C088CA
:1076D00030B9FFE70B989DF82310FFF725FDFFE772
:1076E000FFE70B98FEF722FF04E00B980A99FEF7DC
:1076F000C7FEFFE704E10B9890F89C020146049155
:10770000022804D0FFE70498032819D034E09DF83C
:10771000230078B1FFE79DF8230080280AD0FFE717
:107720000B989DF82310FFF7FFFC0B988021FFF7C3
:10773000FBFC04E00B980A99FEF7A2FEFFE720E0AD
:107740000A984088B8B9FFE79DF82300400630B199
:10775000FFE70B989DF82310FFF7B4F9FFE70B98AC
:10776000FEF7E4FE0B98D0F8B8128A680A999047A1
:107770008DF82200FFE704E00B980A99FEF780FEDF
:10778000FFE7BDE00B9890F89C02014603910228A8
:1077900004D0FFE70398032838D0A6E09DF8230023
:1077A00050B1FFE79DF82300802805D0FFE70B9834
:1077B0000A99FEF765FE9DE09DF82300000600286B
:1077C0000CD5FFE70B989DF8231001F07F0101EB2A
:1077D000810100EB8100143002900CE00B989DF8C1
:1077E000231001F07F0101EB810100EB810000F526
:1077F000AA700290FFE7029809900999002008609A
:107800000B9809990222FEF777FE73E09DF823009A
:107810000006002812D5FFE70B989DF8231001F011
:107820000F0101EB810100EB8100808C28B9FFE79B
:107830000B980A99FEF724FE5CE012E00B989DF885
:10784000231001F00F0101EB810100EB8100B0F882
:10785000640128B9FFE70B980A99FEF711FE49E089
:10786000FFE79DF82300000600280CD5FFE70B98E2
:107870009DF8231001F07F0101EB810100EB8100F5
:10788000143001900CE00B989DF8231001F07F015B
:1078900001EB810100EB810000F5AA700190FFE788
:1078A000019809909DF8230028B1FFE79DF8230077
:1078B000802804D1FFE70999002008600FE00B98A9
:1078C0009DF82310FFF7BCFA20B1FFE709990120CA
:1078D000086003E0099900200860FFE7FFE70B98C4
:1078E00009990222FEF708FE04E00B980A99FEF7B8
:1078F000C7FDFFE704E00B980A99FEF7C1FDFFE71B
:1079000004E00B980A99FEF7BBFDFFE79DF8220003
:107910000CB080BD80B584B00390029100208DF83A
:1079200007000298007800F060000146009140B125
:10793000FFE70098202804D0FFE7009840282DD1C9
:10794000FFE7039890F89C020138022820D8FFE74F
:1079500002980079012815D8FFE70398D0F8B812EB
:107960008A68029990478DF807000298C08840B94C
:10797000FFE79DF8070020B9FFE70398FEF7D6FD63
:10798000FFE704E003980299FEF77AFDFFE704E0C1
:1079900003980299FEF774FDFFE704E0039802994B
:1079A000FEF76EFDFFE79DF8070004B080BD000004
:1079B00081B0009001B0704781B0009045F6504012
:1079C000C2F2000001B07047A6B0259024910020BB
:1079D0008DF88F0025982499097830F8210048F611
:1079E0008F110840ADF88C002498C07801460091B2
:1079F00003281AD80099DFE801F00211090ABDF83E
:107A00008C0040F40070ADF88C0012E011E0BDF87D
:107A10008C0040F4C060ADF88C000AE0BDF88C002A
:107A200040F48060ADF88C0003E001208DF88F00F9
:107A3000FFE7BDF88C0048F2800108432599249A9D
:107A4000127821F82200FFE725982499097830F868
:107A5000210048F68F710840249909780843ADF851
:107A60008A00BDF88A0048F2800108432599249ACB
:107A7000127821F82200FFE72498007B002840F0CC
:107A80005981FFE724984078002878D0FFE7FFE786
:107A9000259820902598B0F8501020980844209000
:107AA00020982499097800EBC10000F580602190AE
:107AB0002498C08820F0010021990880FFE7FFE7A3
:107AC00025982499097830F82100ADF87E00BDF89A
:107AD0007E004006002817D5FFE7FFE72598249988
:107AE000097830F8210048F68F710840ADF87C0025
:107AF000BDF87C0048F2C00108432599249A127809
:107B000021F82200FFE7FFE7FFE72498C07801286B
:107B10001DD0FFE7FFE725982499097830F8210068
:107B200048F6BF710840ADF87A00BDF87A0080F0E1
:107B30002000ADF87A00BDF87A0048F280010843D1
:107B40002599249A127821F82200FFE716E0FFE732
:107B500025982499097830F8210048F6BF7108402B
:107B6000ADF87800BDF8780048F280010843259907
:107B7000249A127821F82200FFE7FFE7D9E0FFE717
:107B800025981C902598B0F850101C9808441C901B
:107B90001C982499097800EBC10000F204401D9064
:107BA0002498C08820F001001D990880FFE7FFE7B6
:107BB00025981B902598B0F850101B9808441B90EE
:107BC0001B982499097800EBC10000F206401A9036
:107BD000FFE71A9908886FF39F20088024980069AE
:107BE00030B9FFE71A99088840F40040088033E074
:107BF000249800693E2816D8FFE7FFE7249800691B
:107C0000400819902498007CC00720B1FFE719981C
:107C100001301990FFE7199A1A99088840EA8220E2
:107C20000880FFE717E0FFE72498006940091990F2
:107C30002498007CC00620B9FFE7199801381990F4
:107C4000FFE7199A1A99088840EA822040F4004018
:107C50000880FFE7FFE7FFE7FFE7FFE7FFE725987B
:107C60002499097830F82100ADF86200BDF862006F
:107C70004004002817D5FFE7FFE7259824990978E5
:107C800030F8210048F68F710840ADF86000BDF86B
:107C900060004CF2800108432599249A127821F85B
:107CA0002200FFE7FFE7FFE72498007818BBFFE713
:107CB000FFE725982499097830F821004BF68F7159
:107CC0000840ADF85E00BDF85E0080F48050ADF86D
:107CD0005E00BDF85E0080F40050ADF85E00BDF8B7
:107CE0005E0048F2800108432599249A127821F811
:107CF0002200FFE71CE0FFE725982499097830F877
:107D000021004BF68F710840ADF85C00BDF85C00B7
:107D100080F40050ADF85C00BDF85C0048F28001D2
:107D200008432599249A127821F82200FFE7FFE7FB
:107D3000FFE788E22498C078022817D1FFE7FFE721
:107D400025982499097830F8210048F68F71084069
:107D5000ADF85A00BDF85A0048F280110843259941
:107D6000249A127821F82200FFE716E0FFE7259811
:107D70002499097830F8210048F68F610840ADF861
:107D80005800BDF8580048F2800108432599249A0C
:107D9000127821F82200FFE7FFE7FFE7FFE7FFE7A0
:107DA000259814902598B0F8501014980844149011
:107DB00014982499097800EBC10000F580601590B3
:107DC0002498008920F0010015990880FFE7FFE75B
:107DD000FFE7FFE7259812902598B0F85010129809
:107DE0000844129012982499097800EBC10000F21F
:107DF000044013902498408920F0010013990880D2
:107E0000FFE7FFE7FFE724984078002840F07E81F5
:107E1000FFE7FFE725982499097830F82100ADF8AD
:107E20004600BDF846004004002817D5FFE7FFE7ED
:107E300025982499097830F8210048F68F71084078
:107E4000ADF84400BDF844004CF280010843259988
:107E5000249A127821F82200FFE7FFE7FFE7FFE707
:107E600025982499097830F82100ADF84200BDF832
:107E700042004006002817D5FFE7FFE72598249920
:107E8000097830F8210048F68F710840ADF84000BD
:107E9000BDF8400048F2C00108432599249A1278A1
:107EA00021F82200FFE7FFE7FFE7FFE7FFE724985D
:107EB0004078002858D1FFE7FFE725980F902598D4
:107EC000B0F850100F9808440F900F982499097833
:107ED00000EBC10000F202400E90FFE70E99088807
:107EE0006FF39F2008802498006930B9FFE70E994E
:107EF000088840F40040088033E0249800693E2858
:107F000016D8FFE7FFE72498006940080D902498F1
:107F1000007CC00720B1FFE70D9801300D90FFE70E
:107F20000D9A0E99088840EA82200880FFE717E042
:107F3000FFE72498006940090D902498007CC00652
:107F400020B9FFE70D9801380D90FFE70D9A0E99C3
:107F5000088840EA822040F400400880FFE7FFE7FD
:107F6000FFE7FFE7FFE71CE024984078012817D1DE
:107F7000FFE7FFE725980C902598B0F850100C9873
:107F800008440C900C982499097800EBC10000F289
:107F900002400B90249800690B990880FFE7FFE7E7
:107FA000FFE7FFE7FFE725980A902498407800282C
:107FB00058D1FFE7FFE7259808902598B0F85010B2
:107FC00008980844089008982499097800EBC100A3
:107FD00000F206400790FFE7079908886FF39F209B
:107FE00008802498006930B9FFE70799088840F4B1
:107FF0000040088033E0249800693E2816D8FFE747
:10800000FFE724980069400806902498007CC00788
:1080100020B1FFE7069801300690FFE7069A07991E
:10802000088840EA82200880FFE717E0FFE72498ED
:108030000069400906902498007CC00620B9FFE73B
:10804000069801380690FFE7069A0799088840EAE3
:10805000822040F400400880FFE7FFE7FFE7FFE7EA
:10806000FFE718E024984078012813D1FFE725980E
:10807000B0F850100A9808440A900A982499097890
:1080800000EBC10000F206400990249800690999AC
:108090000880FFE7FFE7FFE7FFE7FFE72598249960
:1080A000097830F821004BF68F710840ADF81600C2
:1080B000BDF8160080F48050ADF81600BDF816002B
:1080C00080F40050ADF81600BDF8160048F28001AB
:1080D00008432599249A127821F82200FFE7FFE748
:1080E00025982499097830F8210048F6BF71084096
:1080F000ADF81400BDF8140048F28001084325993A
:10810000249A127821F82200FFE79BE0FFE72598E8
:108110002499097830F82100ADF81200BDF812005A
:108120004004002817D5FFE7FFE725982499097830
:1081300030F8210048F68F710840ADF81000BDF806
:1081400010004CF2800108432599249A127821F8F6
:108150002200FFE7FFE7FFE7FFE72598249909786A
:1081600030F82100ADF80E00BDF80E0040060028E2
:1081700017D5FFE7FFE725982499097830F8210003
:1081800048F68F710840ADF80C00BDF80C0048F2BD
:10819000C00108432599249A127821F82200FFE7AC
:1081A000FFE7FFE72498C07801281DD0FFE7FFE72D
:1081B00025982499097830F8210048F6BF710840C5
:1081C000ADF80A00BDF80A0080F02000ADF80A0002
:1081D000BDF80A0048F2800108432599249A1278D4
:1081E00021F82200FFE716E0FFE725982499097897
:1081F00030F8210048F6BF710840ADF80800BDF81E
:10820000080048F2800108432599249A127821F841
:108210002200FFE7FFE7FFE725982499097830F867
:1082200021004BF68F710840ADF80600BDF806003E
:1082300048F2800108432599249A127821F82200F7
:10824000FFE7FFE7FFE79DF88F0026B070470000CB
:108250008CB00B900A910A98007B002840F0808037
:10826000FFE70A984078E8B3FFE7FFE70B980A9921
:10827000097830F82100ADF82600BDF82600400648
:10828000002817D5FFE7FFE70B980A99097830F81F
:10829000210048F68F710840ADF82400BDF8240095
:1082A00048F2C00108430B990A9A127821F822007B
:1082B000FFE7FFE7FFE7FFE70B980A99097830F837
:1082C000210048F6BF710840ADF82200BDF8220039
:1082D00048F2800108430B990A9A127821F822008B
:1082E000FFE73CE0FFE70B980A99097830F8210096
:1082F000ADF82000BDF820004004002817D5FFE7A6
:10830000FFE70B980A99097830F8210048F68F7139
:108310000840ADF81E00BDF81E004CF28001084375
:108320000B990A9A127821F82200FFE7FFE7FFE78E
:10833000FFE70B980A99097830F821004BF68F7106
:108340000840ADF81C00BDF81C0048F2800108434D
:108350000B990A9A127821F82200FFE7FFE724E13F
:108360000A984078002840F09080FFE7FFE70B98DC
:108370000A99097830F82100ADF81A00BDF81A0002
:108380004004002817D5FFE7FFE70B980A99097802
:1083900030F8210048F68F710840ADF81800BDF89C
:1083A00018004CF2800108430B990A9A127821F8C0
:1083B0002200FFE7FFE7FFE7FFE70B980A9909783C
:1083C00030F82100ADF81600BDF816004006002870
:1083D00017D5FFE7FFE70B980A99097830F82100D5
:1083E00048F68F710840ADF81400BDF8140048F24B
:1083F000C00108430B990A9A127821F82200FFE77E
:10840000FFE7FFE7FFE70B980A99097830F82100AA
:1084100048F68F710840ADF81200BDF8120048F21E
:10842000C00108430B990A9A127821F82200FFE74D
:10843000FFE70B980A99097830F821004BF68F7105
:108440000840ADF81000BDF8100048F28001084364
:108450000B990A9A127821F82200FFE7FFE70B98A0
:108460000A99097830F8210048F6BF710840ADF844
:108470000E00BDF80E0048F2800108430B990A9ADD
:10848000127821F82200FFE78EE0FFE70B980A99A7
:10849000097830F82100ADF80C00BDF80C0040045C
:1084A000002817D5FFE7FFE70B980A99097830F8FD
:1084B000210048F68F710840ADF80A00BDF80A00A7
:1084C0004CF2800108430B990A9A127821F8220095
:1084D000FFE7FFE7FFE7FFE70B980A99097830F815
:1084E0002100ADF80800BDF808004006002817D5A7
:1084F000FFE7FFE70B980A99097830F8210048F662
:108500008F710840ADF80600BDF8060048F2C001C2
:1085100008430B990A9A127821F82200FFE7FFE737
:10852000FFE7FFE70B980A99097830F8210048F631
:108530008F710840ADF80400BDF804004CF28001D2
:1085400008430B990A9A127821F82200FFE7FFE707
:108550000B980A99097830F8210048F6BF71084055
:10856000ADF80200BDF8020048F2800108430B9903
:108570000A9A127821F82200FFE7FFE70B980A9980
:10858000097830F821004BF68F710840ADF80000F3
:10859000BDF8000048F2800108430B990A9A12784E
:1085A00021F82200FFE7FFE7FFE700200CB070474B
:1085B00081B000900099B1F8580040F40040A1F853
:1085C0005800002001B0704783B0029201910090E2
:1085D00000990120A1F8400000990020A1F8400076
:1085E0000099A1F844000099A1F8500003B0704729
:1085F00082B001904BF680700090009A0199B1F81A
:1086000040009043A1F84000002002B070470000F5
:1086100085B00490039103984078002849D0FFE783
:10862000FFE704980399097830F82100ADF80A00B3
:10863000BDF80A004006002817D5FFE7FFE70498B9
:108640000399097830F8210048F68F710840ADF899
:108650000800BDF8080048F2C00108430499039AD5
:10866000127821F82200FFE7FFE7FFE70398C078C0
:1086700001281DD0FFE7FFE704980399097830F837
:10868000210048F6BF710840ADF80600BDF80600AD
:1086900080F02000ADF80600BDF8060048F2800129
:1086A00008430499039A127821F82200FFE7FFE7B4
:1086B00048E0FFE704980399097830F82100ADF805
:1086C0000400BDF804004004002817D5FFE7FFE7C9
:1086D00004980399097830F8210048F68F71084012
:1086E000ADF80200BDF802004CF280010843049985
:1086F000039A127821F82200FFE7FFE7FFE7FFE780
:1087000004980399097830F821004BF68F710840DE
:10871000ADF80000BDF8000080F48050ADF8000016
:10872000BDF8000080F40050ADF80000BDF8000076
:1087300048F2800108430499039A127821F8220034
:10874000FFE7FFE7002005B07047000083B002900C
:10875000019101984078E8B1FFE7FFE7029801999D
:10876000097830F8210048F6BF710840ADF80200E2
:10877000BDF8020080F01000ADF80200BDF8020064
:1087800048F2800108430299019A127821F82200E8
:10879000FFE71CE0FFE702980199097830F8210013
:1087A0004BF68F710840ADF80000BDF8000080F472
:1087B0008050ADF80000BDF8000048F28001084389
:1087C0000299019A127821F82200FFE7FFE70020C2
:1087D00003B0704780B5ACB02A90299129984078B1
:1087E000012840F01B84FFE72998016980698842CD
:1087F00004D9FFE729980069289003E02998806947
:108800002890FFE72998007BF0B9FFE72A98299A7A
:108810005169D288BDF8A03000F062FDFFE72A98C8
:1088200026902A98B0F8501026980844269026984A
:108830002999097800EBC10000F2024025902898A0
:1088400025990880FFE7C6E32998C078022840F000
:10885000A982FFE729980169006A884240F265828F
:10886000FFE7FFE72A982999097830F8210048F6B0
:108870008F710840ADF89200BDF8920048F2801167
:1088800008432A99299A127821F82200FFE7289AAA
:108890002999086A801A08622A982999097830F873
:1088A00021004006002840F12081FFE7FFE72A98D9
:1088B000239029984078002854D1FFE7FFE72A98B1
:1088C00021902A98B0F850102198084421902198BE
:1088D0002999097800EBC10000F206402090FFE7DB
:1088E000209908886FF39F200880289830B9FFE707
:1088F0002099088840F40040088030E028983E28FD
:1089000015D8FFE7FFE7289840081F909DF8A000C2
:10891000C00720B1FFE71F9801301F90FFE71F9AA3
:108920002099088840EA82200880FFE716E0FFE7E8
:10893000289840091F909DF8A000C00620B9FFE7C5
:108940001F9801381F90FFE71F9A2099088840EA76
:10895000822040F400400880FFE7FFE7FFE7FFE7E1
:10896000FFE717E029984078012812D1FFE72A98FD
:10897000B0F8501023980844239023982999097837
:1089800000EBC10000F2064022902898229908804E
:10899000FFE7FFE7FFE729984089ADF89E002A9896
:1089A00029994969BDF89E20BDF8A03000F098FCD7
:1089B000289A299948691044486129980169006AF0
:1089C000884206D9FFE7289A2999086A801A08621E
:1089D00006E02998006A2890299900200862FFE79C
:1089E000FFE729984078002854D1FFE7FFE72A984D
:1089F0001E902A98B0F850101E9808441E901E9899
:108A00002999097800EBC10000F202401D90FFE7B0
:108A10001D9908886FF39F200880289830B9FFE7D8
:108A20001D99088840F40040088030E028983E28CE
:108A300015D8FFE7FFE7289840081C909DF8A00094
:108A4000C00720B1FFE71C9801301C90FFE71C9A7B
:108A50001D99088840EA82200880FFE716E0FFE7BA
:108A6000289840091C909DF8A000C00620B9FFE797
:108A70001C9801381C90FFE71C9A1D99088840EA51
:108A8000822040F400400880FFE7FFE7FFE7FFE7B0
:108A9000FFE71BE029984078012816D1FFE7FFE7A0
:108AA0002A981B902A98B0F850101B9808441B90E5
:108AB0001B982999097800EBC10000F202401A9036
:108AC00028981A990880FFE7FFE7FFE7FFE7299852
:108AD0000089ADF89E002A9829994969BDF89E2021
:108AE000BDF8A03000F0FCFB1EE1FFE729984078BC
:108AF000002854D1FFE7FFE72A9819902A98B0F888
:108B0000501019980844199019982999097800EB80
:108B1000C10000F202401890FFE7189908886FF32F
:108B20009F200880289830B9FFE71899088840F4FA
:108B30000040088030E028983E2815D8FFE7FFE77E
:108B40002898400817909DF8A000C00720B1FFE7C3
:108B5000179801301790FFE7179A1899088840EA8C
:108B600082200880FFE716E0FFE728984009179069
:108B70009DF8A000C00620B9FFE7179801381790AC
:108B8000FFE7179A1899088840EA822040F40040CD
:108B90000880FFE7FFE7FFE7FFE7FFE71BE0299813
:108BA0004078012816D1FFE7FFE72A9816902A9807
:108BB000B0F850101698084416901698299909781C
:108BC00000EBC10000F2024015902898159908802A
:108BD000FFE7FFE7FFE7FFE729980089ADF89E0070
:108BE0002A9829994969BDF89E20BDF8A03000F067
:108BF00077FB289A299948691044486129980169A6
:108C0000006A884206D9FFE7289A2999086A801ADB
:108C1000086206E02998006A2890299900200862D5
:108C2000FFE7FFE72A98149029984078002854D14C
:108C3000FFE7FFE72A9812902A98B0F85010129890
:108C40000844129012982999097800EBC10000F2AB
:108C500006401190FFE7119908886FF39F20088064
:108C6000289830B9FFE71199088840F4004008803F
:108C700030E028983E2815D8FFE7FFE728984008FD
:108C800010909DF8A000C00720B1FFE710980130B8
:108C90001090FFE7109A1199088840EA8220088016
:108CA000FFE716E0FFE72898400910909DF8A00024
:108CB000C00620B9FFE7109801381090FFE7109A1E
:108CC0001199088840EA822040F400400880FFE7BC
:108CD000FFE7FFE7FFE7FFE717E029984078012863
:108CE00012D1FFE72A98B0F8501014980844149055
:108CF00014982999097800EBC10000F206401390FE
:108D0000289813990880FFE7FFE7FFE72998408933
:108D1000ADF89E002A9829994969BDF89E20BDF8B2
:108D2000A03000F0DDFAFFE73BE02998006A2890C8
:108D3000FFE72A982999097830F8210048F68F61D1
:108D40000840ADF83E00BDF83E0048F280010843FF
:108D50002A99299A127821F82200FFE7FFE72A983A
:108D60000E902A98B0F850100E9808440E900E9865
:108D70002999097800EBC10000F202400D90289873
:108D80000D990880FFE729980089ADF89E002A9880
:108D900029994969BDF89E20BDF8A03000F0A0FADD
:108DA000FFE717E1289A2999086A801A08622A9829
:108DB0002999097830F821004006002840F1848084
:108DC000FFE7FFE72A980C9029984078002854D1B3
:108DD000FFE7FFE72A980A902A98B0F850100A98FF
:108DE00008440A900A982999097800EBC10000F21A
:108DF00006400990FFE7099908886FF39F200880D3
:108E0000289830B9FFE70999088840F400400880A5
:108E100030E028983E2815D8FFE7FFE7289840085B
:108E200008909DF8A000C00720B1FFE70898013026
:108E30000890FFE7089A0999088840EA822008808C
:108E4000FFE716E0FFE72898400908909DF8A0008A
:108E5000C00620B9FFE7089801380890FFE7089A94
:108E60000999088840EA822040F400400880FFE722
:108E7000FFE7FFE7FFE7FFE717E0299840780128C1
:108E800012D1FFE72A98B0F850100C9808440C90C3
:108E90000C982999097800EBC10000F206400B906C
:108EA00028980B990880FFE7FFE7FFE7299840899A
:108EB000ADF89E002A9829994969BDF89E20BDF811
:108EC000A03000F00DFA84E0FFE7299840780028F0
:108ED00054D1FFE7FFE72A9807902A98B0F850107E
:108EE00007980844079007982999097800EBC10072
:108EF00000F202400690FFE7069908886FF39F2072
:108F00000880289830B9FFE70699088840F40040A7
:108F1000088030E028983E2815D8FFE7FFE728981A
:108F2000400805909DF8A000C00720B1FFE7059814
:108F300001300590FFE7059A0699088840EA8220EB
:108F40000880FFE716E0FFE72898400905909DF8A4
:108F5000A000C00620B9FFE7059801380590FFE79B
:108F6000059A0699088840EA822040F4004008806B
:108F7000FFE7FFE7FFE7FFE7FFE71BE029984078FF
:108F8000012816D1FFE7FFE72A9804902A98B0F845
:108F9000501004980844049004982999097800EB2B
:108FA000C10000F202400390289803990880FFE76F
:108FB000FFE7FFE7FFE729980089ADF89E002A98B0
:108FC00029994969BDF89E20BDF8A03000F088F9C4
:108FD000FFE7FFE7FFE7FFE72A982999097830F8CC
:108FE000210048F6BF710840ADF80A00BDF80A003C
:108FF00080F01000ADF80A00BDF80A0080F02000F3
:10900000ADF80A00BDF80A0048F2800108432A9929
:10901000299A127821F82200FFE7C0E02998007B06
:10902000002847D1FFE729988069D8B9FFE7299838
:10903000C078B8B9FFE7FFE72A982999097830F88E
:10904000210048F68F710840ADF80800BDF808000F
:1090500048F2801108432A99299A127821F82200AF
:10906000FFE716E0FFE72A982999097830F82100F0
:1090700048F68F610840ADF80600BDF8060048F2DA
:10908000800108432A99299A127821F82200FFE7E3
:10909000FFE7299801698069884206D9FFE7299985
:1090A0000A698869801A886103E02999002088612B
:1090B000FFE751E02998C07802283ED1FFE72998C0
:1090C000C069C8B3FFE72A982999097830F82100C8
:1090D000ADF89C00BDF89C004004002806D5FFE7D1
:1090E000BDF89C00400600280CD4FFE7BDF89C00AA
:1090F000400400281FD4FFE7BDF89C00400600286C
:1091000019D4FFE7FFE7FFE72A982999097830F893
:10911000210048F68F710840ADF80400BDF8040046
:1091200048F2C00108432A99299A127821F82200AE
:10913000FFE7FFE7FFE7FFE70DE02998C078012888
:1091400004D1FFE729990020886103E001208DF810
:10915000AF0028E0FFE7FFE7FFE72A9829990978A1
:1091600030F821004BF68F710840ADF80200BDF8D1
:10917000020080F48050ADF80200BDF8020080F4D7
:109180000050ADF80200BDF8020048F2800108432B
:109190002A99299A127821F82200FFE7FFE7002098
:1091A0008DF8AF00FFE79DF8AF002CB080BD000048
:1091B00082B0019001990020A1F844004BF6807123
:1091C00000910099019AA2F8401002B07047000087
:1091D00080B547F2C870C2F20000EFF7CDFC80BD49
:1091E00082B001900198B0F844000090009802B05D
:1091F0007047000089B008900791ADF81A20ADF8CB
:109200001830BDF818004008059008980490079899
:1092100000900498BDF81A10084400F58060019091
:1092200005980390FFE70398C0B1FFE70198008815
:1092300002900198023001900298009908700098FD
:10924000013000900298000A0099087000980130DF
:109250000090FFE7039801380390E4E79DF81800B9
:10926000C00738B1FFE70198008802900298009982
:109270000870FFE709B0704780B582B00190009197
:109280000199009A45F67060C2F20000E6F7F1FF1E
:1092900045F6B061C2F2000108680130086001982B
:1092A000E7F7D4F902B080BD80B582B001908DF8A7
:1092B000031001989DF80310E8F702FC02B080BD8E
:1092C00082B001908DF803109DF8030028B9FFE7E4
:1092D00001998020A1F84C00FFE7002002B0704700
:1092E00089B008900791ADF81A20ADF81830BDF894
:1092F00018000130400805900898049007980090E5
:109300000498BDF81A10084400F580600190059893
:109310000390FFE70398F0B1FFE700980078ADF8FD
:109320000A0000984178BDF80A0040EA0120ADF833
:109330000A00BDF80A0001990880019802300190E6
:10934000009801300090009801300090FFE70398EA
:1093500001380390DEE709B070470000FFE7FEE741
:1093600081B08DF803009DF9030000280ED4FFE7BB
:109370009DF9031001F01F02012090404A094EF2AE
:109380000011CEF2000141F82200FFE701B0704762
:109390004EF60C50CEF200000068C0F30220704779
:1093A00082B08DF8070000919DF9070000280AD4CB
:1093B000FFE7009800019DF907104EF20042CEF23F
:1093C000000288540BE0009800019DF8071001F09E
:1093D0000F014EF61452CEF200028854FFE702B09D
:1093E0007047000083B00290029800F007000090E0
:1093F0004EF60C51CEF200010868019001984FF62C
:10940000FF02104001900198009A40EA02200022D9
:10941000C0F2FA52104301900198086003B07047FF
:1094200089B08DED080A9DED080A9FED3C1A20EEEB
:10943000010AB5EE001A30EE010A8DED050A9DED28
:10944000050ABDEEC00A8DED010A9DED050AB5EED7
:10945000400AF1EE10FA04DAFFE7019801380190B2
:10946000FFE79DED050A9DED011AB8EEC11A30EE39
:10947000410A8DED050A9DED050A9FED291A20EEA2
:10948000010A8DED000A9DED000ABDEEC00A10EE46
:10949000100AADF81200BDF81200B0F5007F0CDB29
:1094A000FFE70020ADF812009DED000A9FED1D1AA8
:1094B00030EE010A8DED000AFFE79DED000ABDF8D0
:1094C000120001EE100AB8EE411A30EE410A8DED9D
:1094D000060ABDF812104CF25450C0F6010050F8C4
:1094E00021100391BDF8121000EB8100406802903A
:1094F0009DED061AB7EE000A30EE410A9DED032AF3
:109500009DED023A21EE031A20EE020A30EE010A26
:109510008DED070A9DED070A09B0704783F9223ED9
:1095200000000044000000C489B008900791069232
:10953000089840680590079840680490069840682D
:10954000039008990888498848430290029801903E
:10955000FFE70198A8B1FFE70598011D059190ED7F
:10956000000A0498011D049190ED001A30EE010AE2
:109570000398011D039180ED000A019801380190C4
:10958000E7E700208DF803009DF9030009B070475C
:1095900083B00290ADF80610ADF804200093BDF83A
:1095A000060002990880BDF80400029948800098DE
:1095B0000299486003B07047BBB039903891399830
:1095C00040683790389840683690399800883490D1
:1095D0003998408833900020329031902B90369803
:1095E000359034982C90FFE72C9858B3FFE73498C7
:1095F0002C99401A2A90FFE72A9848B1FFE735993D
:10960000081D3590002008602A9801382A90F3E759
:109610003599081D35904FF07E5008602C98013820
:109620002A90FFE72A9848B1FFE73599081D359041
:10963000002008602A9801382A90F3E72C98013816
:109640002C90D1E700202990FFE729983399884290
:1096500080F05582FFE700202B9029982F903999B0
:1096600048684988299A01FB022100EB8100359066
:1096700035980068329029983090299801302D90C3
:10968000FFE72D983499884225D2FFE73999486839
:1096900049882D9A299B01FB023100EB810035900E
:1096A0003598006831909DED310AB0EEC00A9DED0D
:1096B000321AB0EEC11AB4EE410AF1EE10FA05DD2D
:1096C000FFE72D98309031983290FFE7FFE72D9813
:1096D00001302D90D5E79DED320AB5EE400AF1EE4E
:1096E00010FA76D0FFE730982999884271D0FFE7C9
:1096F0003998406825903998406824903998408876
:10970000239023982999401A22902F982399299AD7
:1097100000FB0121259800EB8100259030982399CA
:10972000299A00FB0121249800EB8100249000205D
:109730002790FFE727982299884213DAFFE72598B8
:10974000006826902498006825990A1D25920860D3
:10975000269824990A1D24920860FFE72798013073
:109760002790E7E7389840681F90389840681E9027
:10977000389840881D901D981C902F981D99414342
:109780001F9800EB81001F9030981D9941431E984F
:1097900000EB81001E9000202190FFE721981C998A
:1097A000884213DAFFE71F98006820901E9800682F
:1097B0001F990A1D1F92086020981E990A1D1E926B
:1097C0000860FFE7219801302190E7E701202B9006
:1097D000FFE72B9801280CD0FFE79DED320AB5EE8C
:1097E000400AF1EE10FA04D1FFE7FB208DF8EB0000
:1097F000C4E19DED321AB7EE000A80EE010A8DED4C
:10980000320A399840681A90399840881990199806
:109810002999401A18902F981999299A00FB01212B
:109820001A9800EB81001A9000201B90FFE71B980C
:109830001899884210DAFFE79DED321A1A98011D37
:109840001A9190ED000A20EE010A80ED000AFFE770
:109850001B9801301B90EAE73898406816903898BA
:1098600040881590159814902F9815994143169893
:1098700000EB8100169000201790FFE717981499CD
:10988000884210DAFFE79DED321A1698011D1691F5
:1098900090ED000A20EE010A80ED000AFFE717981C
:1098A00001301790EAE700202D90FFE72D982F99BF
:1098B000884280F08B80FFE73999486849882D9A63
:1098C000299B01FB023100EB81003590359800683F
:1098D00032903998406812903998406811903998C0
:1098E0004088109010982999401A0F9012982D993D
:1098F000109A514300EB8100299900EB81001290EE
:1099000011982F99109A514300EB8100299900EB8F
:109910008100119000201390FFE713980F9988425F
:1099200017DAFFE79DED321A1198011D119190EDA4
:10993000002A1298011D129190ED000A21EE021AE0
:1099400030EE410A80ED000AFFE7139801301390D2
:10995000E3E7389840680D90389840680C90389844
:1099600040880B900B980A900D982D990B9A5143B3
:1099700000EB81000D900C982F990B9A514300EB4E
:1099800081000C9000200E90FFE70E980A99884203
:1099900017DAFFE79DED321A0C98011D0C9190ED3E
:1099A000002A0D98011D0D9190ED000A21EE021A7A
:1099B00030EE410A80ED000AFFE70E9801300E906C
:1099C000E3E7FFE72D9801302D906FE72F980130E6
:1099D0002D90FFE72D983499884280F08B80FFE727
:1099E0003999486849882D9A299B01FB023100EB7F
:1099F0008100359035980068329039984068089019
:109A000039984068079039984088069006982999B7
:109A1000401A059008982D99069A514300EB810051
:109A2000299900EB8100089007982F99069A5143D5
:109A300000EB8100299900EB81000790002009903C
:109A4000FFE709980599884217DAFFE79DED321A7A
:109A50000798011D079190ED002A0898011D0891B3
:109A600090ED000A21EE021A30EE410A80ED000A64
:109A7000FFE7099801300990E3E7389840680390C0
:109A8000389840680290389840880190019800907A
:109A900003982D99019A514300EB8100039002989D
:109AA0002F99019A514300EB81000290002004900D
:109AB000FFE704980099884217DAFFE79DED321A14
:109AC0000298011D029190ED002A0398011D039157
:109AD00090ED000A21EE021A30EE410A80ED000AF4
:109AE000FFE7049801300490E3E7FFE72D98013089
:109AF0002D906FE7FFE7299801302990A5E5002018
:109B00008DF8A3002B98012833D0FFE79DED320A92
:109B1000B5EE400AF1EE10FA2BD1FFE73998406814
:109B2000379000202E90FFE72E983499339A5143B6
:109B3000884212D2FFE737982E9900EB810090ED12
:109B4000000AB5EE400AF1EE10FA01D0FFE704E09A
:109B5000FFE72E9801302E90E6E72E983499339A3D
:109B60005143884204D1FFE7FB208DF8A300FFE7B3
:109B7000FFE79DF8A3008DF8EB00FFE79DF9EB00F0
:109B80003BB0704792B008AB0093119010910F92C8
:109B9000119840680E90109840680D901198406898
:109BA0000C90109840680B900F9840680A9011989C
:109BB0000088ADF81E0010984088ADF81C00119880
:109BC0004088ADF81A0000200490BDF81E000390F4
:109BD000FFE70A98049900EB81000990BDF81C008A
:109BE0000590109840680D90FFE7002008900C98B1
:109BF0000E90BDF81A000290FFE70298D8B1FFE777
:109C000000980E990A1D0E9291ED000A0D9991EDA2
:109C1000002A90ED001A20EE020A30EE010A80EDD3
:109C2000000ABDF81C100D9800EB81000D90029801
:109C300001380290E1E7089809990A1D0992086025
:109C40000598013805900B98BDF81C10059A891AE3
:109C500000EB81000D90FFE705980028C5D1FFE7D4
:109C60000498BDF81C10084404900C98BDF81A1014
:109C700000EB81000C90039801380390FFE70398F4
:109C80000028A6D1FFE700208DF807009DF9070006
:109C900012B0704789B00890079106920898406802
:109CA00005900798406804900698406803900899CA
:109CB000088849884843029002980190FFE701987C
:109CC000A8B1FFE70598011D059190ED000A0498E1
:109CD000011D049190ED001A30EE410A0398011D18
:109CE000039180ED000A019801380190E7E7002018
:109CF0008DF803009DF9030009B070478AB0099000
:109D0000089109984068079008984068069009985B
:109D10000088ADF8120009984088ADF81000BDF831
:109D20001200029000200190FFE70698019900EBD5
:109D300081000590BDF810000390FFE7039880B103
:109D4000FFE70798011D0791006805990860BDF8B5
:109D50001210059800EB81000590039801380390DC
:109D6000ECE7019801300190029801380290FFE77A
:109D700002980028D9D1FFE700208DF803009DF953
:109D800003000AB07047000089B08DED080A9DED10
:109D9000080A9FED3A1A20EE010A8DED050A9DEDA5
:109DA000050ABDEEC00A8DED010A9DED050AB5EE6E
:109DB000400AF1EE10FA04DAFFE701980138019049
:109DC000FFE79DED050A9DED011AB8EEC11A30EED0
:109DD000410A8DED050A9DED050A9FED291A20EE39
:109DE000010A8DED000A9DED000ABDEEC00A10EEDD
:109DF000100AADF81200BDF81200B0F5007F0CDBC0
:109E0000FFE70020ADF812009DED000A9FED1D1A3E
:109E100030EE010A8DED000AFFE79DED000ABDF866
:109E2000120001EE100AB8EE411A30EE410A8DED33
:109E3000060ABDF812104CF25450C0F6010050F85A
:109E400021100391BDF8121000EB810040680290D0
:109E50009DED061AB7EE000A30EE410A9DED032A89
:109E60009DED023A21EE031A20EE020A30EE010ABD
:109E70008DED070A9DED070A09B0704783F9223E70
:109E800000000044000000C480B58AB0E6F79EFDE3
:109E900080200590E6F7DEFF55200690E6F7DAFF12
:109EA0000698E6F7D7FF48F26801C2F20001089170
:109EB0000870E6F781FD01200790EBF7FDFEE6F75D
:109EC00085FD0598E6F7C6FF0698E6F7C3FF0698F6
:109ED000E6F7C0FF08990870E6F76EFD0798EBF704
:109EE000EBFEE6F773FD7E20B621E6F7CBFFE6F743
:109EF00063FD5020EBF7E0FEE6F768FD0598E6F716
:109F0000A9FF0698E6F7A6FF0698E6F7A3FF0899CB
:109F10000870E6F751FD0798EBF7CEFEE6F756FD21
:109F20000598E6F797FF0698E6F794FF0698E6F798
:109F300091FF08990870E6F73FFD0798EBF7BCFE24
:109F4000089800781E2804D0FFE7FF208DF827002E
:109F500074E040F2B401C2F2010100200870FFE792
:109F600040F2B400C2F201000078052862DCFFE78D
:109F7000E6F72CFD40F2B400C2F201000390007835
:109F800000EB400240F25440C2F2000004908118FD
:109F9000805C4978E6F776FFE6F70EFD0120019038
:109FA000EBF78AFEE6F712FD03990498097801EBB6
:109FB0004101405C40F08000E6F74CFF55200090E6
:109FC000E6F748FF0098E6F745FF48F26801C2F25D
:109FD000000102910870E6F7EFFC0198EBF76CFEC8
:109FE0000298039A04990078127802EB4202114415
:109FF0004978884215D0FFE740F2B400C2F2010070
:10A00000007800EB400140F25440C2F200000844E6
:10A01000827846F6C461C2F20001087810430870E5
:10A02000FFE7FFE740F2B401C2F201010878013016
:10A03000087095E700208DF82700FFE79DF82700BE
:10A040000AB080BD80B588B0E6F7D4FC48F268015C
:10A05000C2F20001069100200490E6F7E9FEE6F75F
:10A06000BFFC01200590EBF727FEE6F7C3FC049840
:10A070000699E6F7DDFEE6F7B3FC0598EBF71CFE64
:10A08000E6F7B8FC1420B621E6F7FCFEE6F7A8FCDC
:10A090005020EBF711FEE6F7ADFC04980699E6F7C1
:10A0A000C7FEE6F79DFC0598EBF706FEE6F7A2FC77
:10A0B00004980699E6F7BCFEE6F792FC0598EBF7E4
:10A0C000FBFD069800780F2804D0FFE7FF208DF8ED
:10A0D0001F006DE040F2B401C2F2010100200870DF
:10A0E000FFE740F2B400C2F20100007805285BDC13
:10A0F000FFE7E6F77FFC40F2B400C2F201000290F5
:10A10000007800EB400240F26640C2F2000003908B
:10A110008118805C4978E6F7B5FEE6F761FC01201E
:10A120000090EBF7C9FDE6F765FC02990398097802
:10A1300001EB4101405C48F26801C2F2000101916B
:10A14000E6F776FEE6F74CFC0098EBF7B5FD0198D4
:10A15000029A03990078127802EB4202114449787E
:10A16000884218D0FFE740F2B400C2F20100017843
:10A1700001390170007800EB400140F25440C2F216
:10A1800000000844827846F6C461C2F200010878F3
:10A1900010430870FFE7FFE740F2B401C2F201018B
:10A1A0000878013008709CE700208DF81F00FFE759
:10A1B0009DF81F0008B080BD84B002900191ADF8F9
:10A1C0000220029828B9FFE74FF6FF70ADF80E00A5
:10A1D00021E0FFE70198411E0191B8B1FFE7029825
:10A1E000411C029100788DF80100BDF802109DF825
:10A1F00001004840C2B24CF6EC50C0F6010030F805
:10A20000120080EA1120ADF80200E3E7BDF8020079
:10A21000ADF80E00FFE7BDF80E0004B07047000077
:10A2200083B0029001918DF80320FFE70198411E51
:10A23000019198B1FFE79DF8030002994A1C029230
:10A24000097848408DF802009DF802104CF28C30DD
:10A25000C0F60100405C8DF80300E7E79DF80300BD
:10A2600003B0704784B08DED030A9DED030AB6EE8E
:10A27000001A20EE010A8DED020A03980190019860
:10A280000090009945F68620C5F63770A0EB610076
:10A290000090009801909DED010A9DED021A21EEBB
:10A2A000001A21EE002AB7EE081A31EE421A20EE0B
:10A2B000010A8DED010A9DED010A04B0704700000E
:10A2C00080B582B000200190EDF7A2FAF9F75CFEAC
:10A2D000F6F7F0FCF6F7D0FAF6F738FBF6F762FB84
:10A2E000F6F78CFBF7F792F8F7F7D8F8F7F71EF9BF
:10A2F000F7F768F9F7F7B2F9F6F712FAF6F78AFA0C
:10A30000F6F786FDF6F7C0FDF6F7DCFDF6F706FE7C
:10A31000F6F7C0FEF6F772FFF7F704F8F6F72CFE33
:10A32000F6F75EFAE6F762FEAA20E8F781F9FFE7A2
:10A3300047F60830C2F200000121E6F7B1FC08B18F
:10A34000FFE7F5E7E7F700FBFBF7ECFB0120E6F79B
:10A350005DFEF6F77FFB00F02BF8FFE7FEE700005D
:10A3600082B0ADF8060000200090BDF906008428F8
:10A3700007D0FFE7BDF906000099084403300090BC
:10A38000FFE7009802B0704780B584B0039003984F
:10A390000290029818B1FFE70298019002E00120B4
:10A3A0000190FFE7019800F021FE002004B080BD7D
:10A3B00080B500F053FE002080BD000010B58AB0CB
:10A3C0000890079108980168029141680591018AF7
:10A3D000039107990491B0F90800FFF7C1FF0299B2
:10A3E000039A049B84460598EE4606ACCEF80440DA
:10A3F000CEF800C000F0FEFF012803D0FFE70020E8
:10A40000099002E006980990FFE709980AB010BD8C
:10A4100080B584B00390029140F24C10C2F201006A
:10A420000068009047F6CC70C2F20000006804306B
:10A4300000F05EFC88B9FFE747F6CC70C2F200007E
:10A440000068C16A012000FA01F240F2B001C2F2D4
:10A45000010108689043086000E0FFE703980130BD
:10A4600080B9FFE7029868B1FFE747F6CC70C2F207
:10A4700000000068011D40F22410C2F2010000F04B
:10A48000B1FC3DE00098039908440190019847F61B
:10A49000CC71C2F2000109684860019800998842B5
:10A4A0000ED2FFE747F6D870C2F20000006847F608
:10A4B000CC71C2F200010968043100F05DFC1EE0BD
:10A4C00047F6D070C2F20000006847F6CC71C2F2C5
:10A4D00000010968043100F04FFC019840F2F001DE
:10A4E000C2F201010968884207D2FFE7019840F2F1
:10A4F000F001C2F20101086000E0FFE7FFE7FFE7BB
:10A5000004B080BD80B582B0019000F093FC40F2B1
:10A51000A001C2F2010108680130086047F6CC7062
:10A52000C2F20000006898B9FFE7019847F6CC71C5
:10A53000C2F20001086040F2A000C2F2010000680F
:10A54000012803D1FFE700F0A3F900E0FFE71CE0DA
:10A5500040F21810C2F201000068A0B9FFE747F608
:10A56000CC70C2F200000068C06A0199C96A8842D2
:10A5700007D8FFE7019847F6CC71C2F200010860E6
:10A5800000E0FFE700E0FFE7FFE740F2AC01C2F2C6
:10A5900001010868013008600198C16A012000FAD1
:10A5A00001F240F2B001C2F20101086810430860F4
:10A5B0000199C86A00EB800247F6DC70C2F2000025
:10A5C00000EB8200043100F00DFC00F05FFC40F273
:10A5D0001810C2F201000068C8B1FFE747F6CC705E
:10A5E000C2F200000068C06A0199C96A88420CD2B0
:10A5F000FFE74EF60451CEF200014FF080500860A4
:10A60000BFF34F8FBFF36F8F00E0FFE700E0FFE77E
:10A6100002B080BD80B582B0FFE740F2A400C2F274
:10A620000100006808B3FFE700F004FC40F23810B6
:10A63000C2F20100C068C06801900198043000F0C7
:10A6400057FB40F2A001C2F201010868013808601E
:10A6500040F2A401C2F2010108680138086000F06C
:10A6600015FC019800F004F8D7E702B080BD0000A7
:10A6700080B582B001900198006B00F02DFC01982C
:10A6800000F02AFC02B080BD84B04FF4004000907E
:10A6900048F29400C2F2000001909DF804004007C7
:10A6A00088B1FFE7019807300190019820F007007A
:10A6B0000190019A48F29401C2F200010098891AAF
:10A6C00008440090FFE701980290029940F21C10A4
:10A6D000C2F201000160002141600298009A10441A
:10A6E0000190019808380190019820F0070001902E
:10A6F000019A47F6D470C2F200000260026851600D
:10A7000002681160029903910199039A891A5160B4
:10A710000068039908600398406840F2EC01C2F2B7
:10A72000010108600398406840F2E401C2F20101AF
:10A73000086040F2B801C2F201014FF00040086029
:10A7400004B0704780B582B00190FFE7FFF762FF69
:10A7500047F6DC70C2F20000006802280CD3FFE765
:10A760004EF60451CEF200014FF080500860BFF366
:10A770004F8FBFF36F8F00E0FFE7E7E780B588B04A
:10A78000DDF834C0DDF830C0DDF82CC0DDF828C0BD
:10A7900006900591049203930C98006B049900EBCA
:10A7A000810004380290029820F0070002909DF882
:10A7B0000800400758B1FFE74FF0500080F31188C0
:10A7C000BFF36F8FBFF34F8F0790FFE7FEE705984A
:10A7D000F8B1FFE700200190FFE701980F2813D898
:10A7E000FFE70598019A805C0C99114481F83400C8
:10A7F00005980199405C08B9FFE705E0FFE7FFE72E
:10A80000019801300190E8E70C99002081F843009D
:10A8100004E00C99002081F83400FFE70A9807282B
:10A8200003D3FFE706200A9000E0FFE70A980C999F
:10A83000C8620A980C9948640C99002000908864BA
:10A840000C98043000F090FA0C98183000F08CFA54
:10A8500000980C9909610A99C1F107010C9A91615C
:10A860000C9949620C99C8640C9981F850000298BF
:10A870000699039A00F00CFA0C9908600B9820B125
:10A88000FFE70C980B99086000E0FFE708B080BD77
:10A8900080B584B000200390FFE70398062810D805
:10A8A000FFE7039800EB800147F6DC70C2F200007E
:10A8B00000EB810000F040FAFFE7039801300390BD
:10A8C000EBE740F2BC00C2F20100019000F034FA64
:10A8D00040F2D000C2F20100029000F02DFA40F2E6
:10A8E0000410C2F2010000F027FA40F23810C2F260
:10A8F000010000F021FA40F22410C2F2010000F041
:10A900001BFA0199029847F6D072C2F20002116058
:10A9100047F6D871C2F20001086004B080BD0000A3
:10A9200083B0029040F21C10C2F201000190FFE7D8
:10A93000019800680299884205D2FFE7FFE7019875
:10A9400000680190F4E70198009000980199496827
:10A9500008440299884209D1FFE7029842680199A8
:10A960004868104448600198029000E0FFE70298B0
:10A970000090009802994968084401990968884242
:10A9800020D1FFE70198006847F6D471C2F20001B8
:10A99000096888420DD0FFE7019800684268029973
:10A9A000486810444860019800680068029908608F
:10A9B00007E047F6D470C2F2000000680299086010
:10A9C000FFE704E00198006802990860FFE701983A
:10A9D0000299884204D0FFE702980199086000E0DC
:10A9E000FFE703B07047000008480068006880F384
:10A9F00008884FF0000080F3148862B661B6BFF398
:10AA00004F8FBFF36F8F00DF00BF000008ED00E045
:10AA100081B047F6D070C2F200000068006840B90B
:10AA2000FFE740F2F001C2F201014FF0FF30086091
:10AA30000FE047F6D070C2F200000068C068C0683E
:10AA400000900098406840F2F001C2F201010860F5
:10AA5000FFE701B07047000083B00020009040F293
:10AA60005040C2F200000068013058B1FFE74FF0DB
:10AA7000500080F31188BFF36F8FBFF34F8F0290A8
:10AA8000FFE7FEE74FF0500080F31188BFF36F8FB0
:10AA9000BFF34F8F0190FFE7009808B9FFE7FBE78E
:10AAA00003B0704780B58AB006900020029000F095
:10AAB00025FB47F6D470C2F20000006818B9FFE722
:10AAC000FFF7E2FD00E0FFE7069840F2B801C2F2AE
:10AAD00001010968084240F0C580FFE7069800B30D
:10AAE000FFE70698083006909DF818004007B0B1BF
:10AAF000FFE7069820F00700083006909DF8180040
:10AB0000400758B1FFE74FF0500080F31188BFF3C2
:10AB10006F8FBFF34F8F0990FFE7FEE700E0FFE77D
:10AB200000E0FFE70698002800F09A80FFE706980B
:10AB300040F2E401C2F201010968884200F290800B
:10AB4000FFE740F21C10C2F201000490006805907B
:10AB5000FFE705984168069A00209142019007D2CC
:10AB6000FFE705980068002818BF01200190FFE763
:10AB70000198C00730B1FFE7059804900598006878
:10AB80000590E6E7059847F6D471C2F2000109681E
:10AB9000884263D0FFE70498006808300290059867
:10ABA000006804990860059840680699401A1128C1
:10ABB00021D3FFE705980699084403909DF80C00FF
:10ABC000400758B1FFE74FF0500080F31188BFF302
:10ABD0006F8FBFF34F8F0890FFE7FEE7059840683F
:10ABE0000699401A039948600698059948600398A9
:10ABF000FFF796FE00E0FFE70598426840F2E400A8
:10AC0000C2F201000168891A0160006840F2EC019B
:10AC1000C2F20101096888420BD2FFE740F2E4006A
:10AC2000C2F20100006840F2EC01C2F201010860CA
:10AC300000E0FFE740F2B800C2F2010002680599A7
:10AC400048681043486005990020086040F2F80108
:10AC5000C2F2010108680130086000E0FFE700E08F
:10AC6000FFE700E0FFE700F0EDFC9DF8080040077B
:10AC700058B1FFE74FF0500080F31188BFF36F8F9A
:10AC8000BFF34F8F0790FFE7FEE702980AB080BD41
:10AC900083B00290019100920298043802900299C8
:10ACA0004FF080700860029804380290019820F0FC
:10ACB00001000299086002980438029002994AF64D
:10ACC0005920C0F6010008600298143802900098DC
:10ACD0000299086002980438029002996FF002000D
:10ACE0000860029820380290029803B07047000074
:10ACF00082B00190019800690090019841688068D5
:10AD0000886001994868896848600098406801999E
:10AD1000884205D1FFE7019880680099486000E00B
:10AD2000FFE7019900200861009908680138086070
:10AD30000098006802B0704781B00090009901F15E
:10AD40000800486000994FF0FF308860009901F1D9
:10AD50000800C860009901F108000861009900200E
:10AD6000086001B07047000081B000900099002099
:10AD7000086101B07047000084B00390029102980E
:10AD8000006800900098013020B9FFE7039800693F
:10AD9000019010E0039808300190FFE701984068A7
:10ADA00000680099884205D8FFE7FFE701984068EE
:10ADB0000190F3E7FFE70198406802994860029824
:10ADC00041688860019802998860029801994860FA
:10ADD000039802990861039908680130086004B07B
:10ADE0007047000083B00290019102984068009083
:10ADF00000980199486000988068019988600198DE
:10AE000000998968486001980099886002980199C2
:10AE10000861029908680130086003B070470000BB
:10AE2000DFF80C00016841F4700101607047000018
:10AE300088ED00E082B04FF0500080F31188BFF33E
:10AE40006F8FBFF34F8F019040F25040C2F200006D
:10AE50000168013101600068012814D1FFE74EF656
:10AE60000450CEF200000068000658B1FFE74FF032
:10AE7000500080F31188BFF36F8FBFF34F8F0090A6
:10AE8000FFE7FEE7FFE702B07047000082B040F244
:10AE90005040C2F20000006858B9FFE74FF0500080
:10AEA00080F31188BFF36F8FBFF34F8F0090FFE7E0
:10AEB000FEE740F25040C2F2000001680139016033
:10AEC000006830B9FFE700200190019880F31188F5
:10AED000FFE702B07047000080B586B0039003988A
:10AEE0000290039800285CD0FFE70298083802908F
:10AEF000029801900198406840F2B801C2F2010145
:10AF0000096808420BD1FFE74FF0500080F3118829
:10AF1000BFF36F8FBFF34F8F0590FFE7FEE70198F8
:10AF2000006858B1FFE74FF0500080F31188BFF37D
:10AF30006F8FBFF34F8F0490FFE7FEE701984068E3
:10AF400040F2B801C2F201010968084227D0FFE7C8
:10AF50000198006808BBFFE740F2B800C2F20100A8
:10AF60000268019948689043486000F0C7F801986A
:10AF7000426840F2E401C2F201010868104408602E
:10AF80000198FFF7CDFC40F2FC01C2F20101086814
:10AF90000130086000F056FB00E0FFE700E0FFE74B
:10AFA000FFE706B080BD00004EF21001CEF20001B6
:10AFB000002008604EF21802CEF20002106040F24B
:10AFC000F410C2F20000006844F6D352C1F26202EB
:10AFD000A0FB02024FF0FF3000EB92104EF2140281
:10AFE000CEF20002106007200860704780B584B080
:10AFF0000290002001900298E0B1FFE740F2A80023
:10B00000C2F20100006858B1FFE74FF0500080F332
:10B010001188BFF36F8FBFF34F8F0390FFE7FEE7F9
:10B0200000F06CF802980021FFF7F2F900F00AFB3B
:10B03000019000E0FFE7019860B9FFE74EF6045188
:10B04000CEF200014FF080500860BFF34F8FBFF386
:10B050006F8F00E0FFE704B080BD000080B586B0D0
:10B0600040F2E801C2F2010168464160002303603A
:10B070004AF24570C0F601004CF6E751C0F60101F6
:10B08000802200F0B7F903900398012823D1FFE74D
:10B090004FF0500080F31188BFF36F8FBFF34F8FD5
:10B0A000059040F2F001C2F201014FF0FF3008605C
:10B0B00040F21811C2F201010120086040F24C1167
:10B0C000C2F201010020086000F0E8F808B1FFE7D3
:10B0D00000E0FFE70FE00398013058B9FFE74FF0B9
:10B0E000500080F31188BFF36F8FBFF34F8F049030
:10B0F000FFE7FEE7FFE706B080BD000040F2A801D1
:10B10000C2F20101086801300860704785B040F262
:10B11000A800C2F20100006838B1FFE740F2501108
:10B12000C2F20101012008604DE040F25011C2F26C
:10B1300001010020086040F2B000C2F20100006886
:10B1400004900498B0FA80F08DF80F009DF80F007D
:10B15000C0F11F000190019800EB800147F6DC7000
:10B16000C2F2000050F8210058B9FFE74FF050003C
:10B1700080F31188BFF36F8FBFF34F8F0290FFE70B
:10B18000FEE7019800EB800147F6DC70C2F2000098
:10B1900000EB810000900099486840684860009981
:10B1A00048680831884205D1FFE70099486840683F
:10B1B0004860FFE700984068C06847F6CC71C2F26B
:10B1C00000010860FFE705B07047000080B586B059
:10B1D000049003910020ADF80A00049820B1FFE725
:10B1E0000398022803D8FFE70020059029E004987F
:10B1F0000399023940F27802C2F200021288FEF787
:10B20000DBFFADF80A009DF80A10049A0398104479
:10B2100010F8022C0020914201900DD1FFE79DF81B
:10B220000B00049A0399114411F8011C401AB0FA5A
:10B2300080F040090190FFE7019800F001000590BF
:10B24000FFE7059806B080BD80B584B002900191FB
:10B2500000208DF80300029820B1FFE70198022832
:10B2600003D8FFE70020039014E002980199013908
:10B27000FF22FEF7D5FF8DF803009DF80300029A28
:10B280000199114411F8011C401AB0FA80F04009EC
:10B290000390FFE7039804B080BD000080B588B03C
:10B2A0004EF60050CEF2000000684CF27121C4F25C
:10B2B0000F1188420BD1FFE74FF0500080F3118847
:10B2C000BFF36F8FBFF34F8F0790FFE7FEE74EF698
:10B2D0000050CEF2000000684CF27021C4F20F1151
:10B2E00088420BD1FFE74FF0500080F31188BFF385
:10B2F0006F8FBFF34F8F0690FFE7FEE74EF20040DF
:10B30000CEF20000039001780491FF2101700078D3
:10B310008DF80B009DF80B0000F0500040F29401F6
:10B32000C2F20101087040F29801C2F20101072047
:10B330000860FFE79DF80B00000600280DD5FFE729
:10B3400040F29801C2F201010868013808609DF8D6
:10B350000B0040008DF80B00ECE740F29800C2F2C1
:10B360000100006803280BD0FFE74FF0500080F386
:10B370001188BFF36F8FBFF34F8F0590FFE7FEE794
:10B3800040F29801C2F201010868000208600868F2
:10B3900000F4E060086004984EF20041CEF2000133
:10B3A00008704EF62051CEF20001086840F470009B
:10B3B0000860086840F070400860FFF7F5FD40F253
:10B3C0005041C2F20001002001900860FFF728FD03
:10B3D0004EF63471CEF20001086840F0404008603B
:10B3E000FFF702FBFFF792FEFFF736FB019808B06C
:10B3F00080BD000070B58CB0DDF844C0DDF840C001
:10B400000B900A91ADF826200893BDF82600800025
:10B41000FFF748FB0590059880B1FFE75420FFF740
:10B4200041FB0790079820B1FFE70598079908634B
:10B4300003E00598FFF750FDFFE702E000200790CA
:10B44000FFE70798D8B1FFE70B980A99BDF82620C7
:10B45000089BDDF840C0119C079DEE460026CEF803
:10B460000C60CEF80850CEF80440CEF800C0FFF7CC
:10B4700085F90798FFF746F80120069003E04FF0A2
:10B48000FF300690FFE706980CB070BD80B586B01F
:10B490000020029040F2A800C2F2010000680028DB
:10B4A00040F0C580FFE740F24C11C2F2010108688C
:10B4B0000130019001980860019858BBFFE747F6FA
:10B4C000D070C2F200000068006858B1FFE74FF08A
:10B4D000500080F31188BFF36F8FBFF34F8F05903B
:10B4E000FFE7FEE747F6D072C2F200021068009054
:10B4F00047F6D871C2F20001086810600098086031
:10B5000040F2F401C2F20101086801300860FFF75F
:10B510007FFA00E0FFE7019840F2F001C2F201017A
:10B520000968884262D3FFE7FFE747F6D070C2F2AE
:10B5300000000068006840B9FFE740F2F001C2F285
:10B5400001014FF0FF3008604FE047F6D070C2F2C3
:10B5500000000068C068C0680490049840680390C8
:10B5600001980399884207D2FFE7039840F2F0015F
:10B57000C2F20101086038E0FFE704980430FFF7E9
:10B58000B7FB0498806A28B1FFE704981830FFF7EA
:10B59000AFFB00E0FFE70498C16A012000FA01F266
:10B5A00040F2B001C2F2010108681043086004993A
:10B5B000C86A00EB800247F6DC70C2F2000000EBC4
:10B5C00082000431FFF70EFC0498C06A47F6CC7184
:10B5D000C2F200010968C96A884203D3FFE701206B
:10B5E000029000E0FFE7FFE79FE7FFE747F6CC7038
:10B5F000C2F200000068C06A00EB800147F6DC7010
:10B60000C2F2000050F82100022803D3FFE7012016
:10B61000029000E0FFE740F25010C2F20100006823
:10B6200018B1FFE70120029000E0FFE707E040F2D9
:10B630000011C2F20101086801300860FFE70298BA
:10B6400006B080BD80B584B000200290019040F229
:10B65000A800C2F20100006858B9FFE74FF050009F
:10B6600080F31188BFF36F8FBFF34F8F0390FFE715
:10B67000FEE7FFF7DFFB40F2A800C2F2010001681D
:10B68000013901600068002840F09280FFE740F235
:10B69000A000C2F201000068002800F08880FFE7E7
:10B6A000FFE740F20410C2F201000068E0B3FFE7D8
:10B6B00040F20410C2F20100C068C0680290029813
:10B6C0001830FFF715FB02980430FFF711FB0298C2
:10B6D000C16A012000FA01F240F2B001C2F2010198
:10B6E0000868104308600299C86A00EB800247F6B8
:10B6F000DC70C2F2000000EB82000431FFF772FB45
:10B700000298C06A47F6CC71C2F200010968C96AA2
:10B71000884207D3FFE740F25011C2F20101012035
:10B72000086000E0FFE7BCE7029818B1FFE7FFF709
:10B730006FF9FFE740F20010C2F2010000680090CC
:10B740000098E0B1FFE7FFE7FFF7A0FE38B1FFE7A1
:10B7500040F25011C2F201010120086000E0FFE751
:10B76000009801380090FFE700980028ECD1FFE72F
:10B7700040F20011C2F201010020086000E0FFE782
:10B7800040F25010C2F20100006870B1FFE70120E2
:10B7900001904EF60451CEF200014FF08050086047
:10B7A000BFF34F8FBFF36F8F00E0FFE7FFE700E0CD
:10B7B000FFE7FFF76BFB019804B080BD4100080272
:10B7C00018BF04200A0E18BF40F001004FF07F425E
:10B7D00032EA010108BF40F00200012808BF05203D
:10B7E0007047000010B510EE104A4FF01A402DEDD2
:10B7F000028B00EB4400B0F1C85F4AD84FF0FC4028
:10B80000B0EB440F22D2B0EEC00AF7EE000A30EEE1
:10B81000C00AF6EE000A20EE208A18EE100A00F0A8
:10B8200015FD00EE100A14F0004F1DBF9FED281A01
:10B83000DFED280AB1EE400A9FED271A08BFF0EEAF
:10B84000410AF8EE001A20EE210A05E020EE008AF7
:10B850009FED221ADFED220ADFED221A9FED222A48
:10B8600070EEC00A20EE080A08EE212ADFED1F1A4A
:10B8700048EE021A9FED1E2A08EE212ADFED1D1A5E
:10B8800048EE021ABDEC028B40EE610A30EE810AEE
:10B8900010BD4FF0CC40B0EB440F82BF9FED160AB5
:10B8A000BDEC028B10BD4FF07F40B0EB440F05D2D2
:10B8B000BDEC028BBDE8104000F0F1BB012000F0B0
:10B8C000BFFCBDEC028BBDE8104000F0EFBB0000F8
:10B8D0000000494022AA7D3A000000000000C93F54
:10B8E00022AAFD3924FE1C3DC78AD83C1E67383D7C
:10B8F0001B93993DAFAA2A3EDB0FC93F10B54FF00D
:10B900000E402DED028BB0EE408A18EE104A00EB8F
:10B910004400B0F1506F4AD84FF0FC40B0EB440FF8
:10B9200022D2B0EEC80AF7EE000A30EEC00AF6EEF8
:10B93000000A60EE208A18EE900A00F087FC01EE03
:10B94000100A14F0004F1DBFDFED2D0A9FED2D0AE8
:10B95000B1EE411ADFED2C0A08BF9FED2C0AF8EE7C
:10B96000001A21EE218A05E0DFED290A68EE088A37
:10B97000B0EE600A9FED271ADFED271A30EE080AB5
:10B9800048EE811A9FED251A08EEA11ADFED241A60
:10B9900048EE811A9FED231A08EEA11A68EE281AC4
:10B9A000BDEC028B01EE810A30EE200A10BD4FF093
:10B9B000E440B0EB440F0CD918EE100AFFF7FEFE7E
:10B9C000042808BF00F07AFBB0EE480ABDEC028BF9
:10B9D00010BD4FF07F40B0EB440F07D2B0EE480AE5
:10B9E000BDEC028BBDE8104000F059BB012000F017
:10B9F00027FCBDEC028BBDE8104000F057BB0000F7
:10BA00000000C9BF22AAFDB90000C93F22AAFD3922
:10BA10000000000024FE1C3DC78AD83C1E67383D4C
:10BA20001B93993DAFAA2A3E70B54FF068422DEDA9
:10BA3000048BF0EE408A18EE900AB0EE608A18EEA1
:10BA4000101A02EB4003B3F1654F3CBF02EB410219
:10BA5000B2F1654F7DD200BFC0F3C753C1F3C752E7
:10BA60009A1A1B2A09DD10F0004F14BF9FED830ABC
:10BA70009FED830ABDEC048B70BD12F11A0F36DA0C
:10BA800011F0004F09D010F0004F0CBF9FED7D0A60
:10BA90009FED7D0ABDEC048B70BD88EE889A19EE8F
:10BAA000100AFFF78BFE042808BF00F007FB18EE12
:10BAB000900AFFF783FE054618EE100AFFF77EFE98
:10BAC000044619EE100AFFF779FE042D18BF052D64
:10BAD00008D1042C18BF052C04D1002804BF022073
:10BAE00000F0AEFBB0EE490ABDEC048B70BD420025
:10BAF000B2EB410F3AD910F0004F19BFDFED630AE6
:10BB00009FED630ADFED630A9FED630AB0EE481A0A
:10BB10000A46B1EE688A80F00041F0EE418A104694
:10BB20000A1A5200B2F1807F34D2484010F0004F20
:10BB3000DFED5A1A9FED5A2A1DBFBEEE001A70EEB5
:10BB4000E10A30EE420AB6EE001A08BF70EEA10A12
:10BB500000E040E008BF30EE020AB0EE682A01EED5
:10BB6000482A08EE818AC2EE081A15E011F0004F4B
:10BB700004BF9FED4C0AF0EE400AD1D010F0004F08
:10BB800019BFDFED490A9FED490ADFED490A9FED34
:10BB9000490AC5E7C8EE881A21EEA11A9FED462A88
:10BBA000DFED462A41EE022A9FED452A01EE222AC8
:10BBB000DFED442A41EE022A9FED432ABDEC048BBF
:10BBC00001EE222A21EE811A01EE020A30EE210A4C
:10BBD00030EE200A70BD4FF07F42B2EB400F28BF1D
:10BBE000B2EB410F09D2F0EE480AB0EE680ABDECA4
:10BBF000048BBDE8704000F055BA40EA01035B00D9
:10BC000008BF41F0FF410BD0B2EB400F08BFB2EBD1
:10BC1000410F08D120F0804008EE900A21F08041C9
:10BC200008EE101A18E7B2EB400F12BF5FEA4103AB
:10BC300040F0FF4001F000413FF40EAFB2EB410F86
:10BC400012BF5FEA400200F0004041F0FF413FF4C4
:10BC500003AF4A0092EA40033FF5FEAE002AACBFB4
:10BC60009FED1A0A9FED1A0A68EE808A28EE008A74
:10BC700018EE900A18EE101AEEE60000DB0FC9BFAE
:10BC8000DB0FC93FDB0F4940DB0F49C00000C9BFD4
:10BC900022AAFDB90000C93F22AAFD390060ED3E8D
:10BCA000C30ACE3700000000000049C022AA7DBAB6
:10BCB0000000494022AA7D3A2DAD65BD8FB8D53D23
:10BCC0000FB511BE61C84C3EA8AAAABE0000804FA5
:10BCD0000000802F10EE101A08B5444A6846B2EBF7
:10BCE000410F28D94FF0E640B0EB410F94BF002040
:10BCF0004FF0FF3000900098002861DB60EE000AF2
:10BD000010F0010F45D010F0020FDFED391A9FED52
:10BD1000391A00EEA11ADFED381A40EE811A21EE31
:10BD2000A01AF0EE400A40EE010A08BFF1EE600AE8
:10BD3000B0EE600A08BD314B21F0004293423CD97D
:10BD400011F0004FDFED2E0A20EE201ADFED2D0A54
:10BD500019BF31EE601A71EE200A31EE201A71EE31
:10BD6000600ABDEEE01A11EE100A9FED271A00F0EE
:10BD7000030000EEC10A9FED251A009000EEC10AF3
:10BD80009FED231A00EEC10A9FED221A00EEC10AB0
:10BD9000B1E79FED211A9FED210A10F0020F00EE8E
:10BDA000810A9FED1F1A00EE801AB7EE000A00EE1E
:10BDB000810A18BFB1EE400A08BD00F087F99AE782
:10BDC00010EE100A4000B0F17F4F3CBFB7EE000A02
:10BDD00008BD07D14FF0010000F032FABDE808407D
:10BDE00000F064B9BDE8084000F059B9B61F927E72
:10BDF000336D4CB9DA82083CA0AA2ABE490E4946E6
:10BE000083F9223F0000004B0000C93F00A0FD392C
:10BE10000020A2331A61342CB93AB2BACA9F2A3D23
:10BE2000DDFFFFBE10B52DED028BF0EE408A18EE5F
:10BE3000900AB0EE608A20F00040C0F1FF40C00FD1
:10BE400007D118EE100A20F00040C0F1FF40C00FEB
:10BE50002BD018EE101A18EE900AE4F7CDFA00EE87
:10BE6000100A10EE100A6FEAD05010F0FF0F04BF56
:10BE7000BDEC028B10BD18EE900A00F0004110EEF0
:10BE8000100A00F00040814204BFBDEC028B10BDDF
:10BE900018EE101A10EE100ABDEC028B61F31E00B2
:10BEA00000EE900A30EE600A10BD18EE900A4FF0D6
:10BEB0007F41B1EB400F1CBF18EE100A5FEA400053
:10BEC000C7D1012000F0BCF9BDEC028BBDE81040E9
:10BED00000F0ECB800B510EE101A2DED028B81B019
:10BEE000524A6846B2EB410F2ED94FF0E640B0EB14
:10BEF000410F94BF00204FF0FF3000900098B0EE4B
:10BF0000408A00286ADB10F0010F4BD068EE080A67
:10BF10009FED471A9FED470A00EE810A9FED461AF2
:10BF200010F0020F00EE801AB7EE000A00EE810A50
:10BF300002BF01B0BDEC028B00BD00BF01B0B1EE8D
:10BF4000400ABDEC028B00BD3C4B21F00042934205
:10BF500041D911F0004FDFED3A0A20EE201ADFED53
:10BF6000390A19BF31EE601A71EE200A31EE201A3B
:10BF700071EE600ABDEEE01A11EE100A9FED321A62
:10BF800000F0030000EEC10A9FED301A009000EEB1
:10BF9000C10A9FED2F1A00EEC10A9FED2E1A00EE86
:10BFA000C10AABE728EE080A9FED2B1ADFED2B0A3A
:10BFB00010F0020F40EE010A9FED291A00EE201A40
:10BFC00061EE000AB0EE480A08EE200AB6D101B0D0
:10BFD000BDEC028B00BD00F079F88FE718EE100A77
:10BFE0004000B0F17F4F0DD218EE100AFFF7E6FBCC
:10BFF000042808BF00F062F8B0EE480A01B0BDECBA
:10C00000028B00BD09D1012000F01AF901B0BDEC8E
:10C01000028B5DF804EB00F049B801B0B0EE480ABD
:10C02000BDEC028B5DF804EB00F039B8B61F927ED0
:10C03000B93AB2BACA9F2A3DDDFFFFBE490E494652
:10C0400083F9223F0000004B0000C93F00A0FD39EA
:10C050000020A2331A61342C336D4CB9DA82083CCB
:10C06000A0AA2ABE10B52DED028BB1EEC08A18EE43
:10C07000100A20F00040C0F1FF40C00F0AD010EEBF
:10C08000100A20F00040C0F1FF40C00F04BF0120A3
:10C0900000F0D6F8B0EE480ABDEC028B10BD30EED1
:10C0A000000A704730EE200A70470000DFED020AF8
:10C0B00080EEA00A70470000000000009FED020A19
:10C0C00020EE000A70470000000000102DE9F0018A
:10C0D0004FF07F42B2EB410F9FBF4FF0FF31016045
:10C0E000BDE8F00170474FF0004242EA0123C1F37E
:10C0F000C752783A551112F01F0C434CCCF1200670
:10C100007C44C1F3C752A2F178024FEA621204EBF9
:10C11000820254F8254008BFD2E9015612D0556872
:10C1200004FA0CF425FA06F73C43976805FA0CF577
:10C1300027FA06F8D26807FA0CFCF24045EA08052F
:10C140004CEA0206A4FB034CA5FB0352A6FB0363C7
:10C150001D449D4234BF012600261319334416B1F5
:10C16000934202D903E0934201D2012200E000226F
:10C17000624402F1200C9206DC0C42EA443200EEEA
:10C18000102A5B03DFED210AF8EEC01A00EE103A28
:10C190004FEA9C1C11F0004FB8EE400AC0F800C0F6
:10C1A00020EE201A00EE105ADFED190AB8EE400A10
:10C1B00020EE200A71EE810A70EE800A10EE902ABD
:10C1C00002F500626FF30B0200EE902A70EEE11AA6
:10C1D00031EEC11ADFED101A30EE411A9FED0D0A53
:10C1E00020EE800A01EE210A9FED0C1A00EE810A72
:10C1F00004BFBDE8F0017047CCF180510160BDE89B
:10C20000F001B1EE400A70478801000000000036DE
:10C210000000802C22AAFD29DB0FC92F0000C92FA6
:10C2200002E008C8121F08C1002AFAD170477047FF
:10C23000002001E001C1121F002AFBD1704700005D
:10C2400001490860704700000000002010B500EEB2
:10C25000100A2DED028BB1EEC08A18EE100A20F004
:10C260000040C0F1FF40C00F0AD010EE100A20F0CD
:10C270000040C0F1FF40C00F04BF0120FFF7E0FF06
:10C2800018EE100ABDEC028B10BD0000000000008B
:10C290006E83F9A22915444ED15727FCC0DD34F531
:10C2A000999562DB4190433CAB6351FE8FCD010811
:10C2B000C9070008FDFF00000000000000020000A8
:10C2C00098CD010825140008FDFF000000000000C3
:10C2D0000001000070CD01085D220008FDFF000094
:10C2E000000000000002000064CD0108FD280008E5
:10C2F000FDFF0000000000000001000088CD0108E3
:10C3000025390008FDFF00000000000000040000C7
:10C3100060CD010835F00008FDFF000000000000BE
:10C320000004000058CD010871000108FDFF000065
:10C33000000000000001000093CD0108E133010876
:10C340000000000000000000000200009FCD010876
:10C35000C93A0108FDFF00000000000000040000D1
:10C360007CCD0108093F010800000000000000002A
:10C370008000000000000000000000000102030433
:10C38000060708090000000001020304005EBCE289
:10C39000613FDD83C29C7E20A3FD1F419DC3217FA1
:10C3A000FCA2401E5F01E3BD3E6082DC237D9FC195
:10C3B000421CFEA0E1BF5D0380DE3C62BEE0025C89
:10C3C000DF81633D7C22C09E1D43A1FF4618FAA475
:10C3D00027799BC584DA3866E5BB5907DB85673961
:10C3E000BAE406581947A5FB7826C49A653BD98755
:10C3F000045AB8E6A7F91B45C6987A24F8A6441A49
:10C4000099C7257B3A6486D85B05E7B98CD2306E34
:10C41000EDB3510F4E10F2AC2F7193CD114FADF320
:10C42000702ECC92D38D6F31B2EC0E50AFF1134D14
:10C43000CE90722C6D33D18F0C52B0EE326C8ED008
:10C44000530DEFB1F0AE4C1291CF2D73CA947628F4
:10C45000ABF517490856B4EA6937D58B5709EBB5E0
:10C4600036688AD495CB2977F4AA4816E9B7550BD4
:10C4700088D6346A2B7597C94A14F6A8742AC896C8
:10C48000154BA9F7B6E80A54D7896B3500010203AA
:10C4900004050607080C1014182030400000803FE7
:10C4A000000000000000000000000000000000008C
:10C4B00000000000000000000000803F00000000BD
:10C4C000000000000000000000000000000000006C
:10C4D000000000000000803F00000000000000009D
:10C4E000000000000000000000000000000000004C
:10C4F0000000803F0000000000000000000000007D
:10C500000000000000000000000000000000803F6C
:10C51000000000000000000000000000000000001B
:10C5200000000000000000000000803F080402043A
:10C5300008010101010101030701000001000200DF
:10C540000400060008000A000C0010002000400053
:10C550008000000100000000900E493CB00AC93C78
:10C560002CC3163D2FFB483D742B7B3D05A9963D02
:10C5700080B6AF3D36BDC83D2EBCE13D73B2FA3D3D
:10C5800086CF093E8340163EB6AB223EA2102F3E18
:10C59000CF6E3B3EC2C5473E0115543E135C603E24
:10C5A0007F9A6C3ECCCF783EC07D823E938E883E93
:10C5B000229A8E3E31A0943E86A09A3EE59AA03EF5
:10C5C000128FA63ED47CAC3EEF63B23E2A44B83E06
:10C5D0004A1DBE3E15EFC33E53B9C93ECA7BCF3E8E
:10C5E0004136D53E80E8DA3E4F92E03E7533E63E76
:10C5F000BBCBEB3EEA5AF13ECBE0F63E275DFC3E7C
:10C60000E4E7003F3D9C033F824B063F9BF5083F1C
:10C610006B9A0B3FDA390E3FCDD3103F2A68133F98
:10C62000D9F6153FC07F183FC6021B3FD17F1D3F83
:10C63000CBF61F3F9967223F25D2243F5636273F2E
:10C640001594293F4AEB2B3FDE3B2E3FBB85303F05
:10C65000C9C8323FF304353F233A373F4268393F78
:10C660003B8F3B3FF9AE3D3F67C73F3F70D8413FEF
:10C6700000E2433F03E4453F65DE473F12D1493FB7
:10C68000F8BB4B3F029F4D3F1F7A4F3F3D4D513FFF
:10C690004918533F31DB543FE595563F5348583FC7
:10C6A0006AF2593F1A945B3F532D5D3F05BE5E3FD2
:10C6B0002146603F98C5613F5A3C633F59AA643F99
:10C6C000880F663FD86B673F3CBF683FA7096A3F4A
:10C6D0000C4B6B3F5E836C3F93B26D3F9ED86E3FB9
:10C6E00073F56F3F0809713F5213723F4714733F50
:10C6F000DD0B743F0BFA743FC6DE753F07BA763F19
:10C70000C58B773FF853783F9812793F9DC7793FA3
:10C7100002737A3FBE147B3FCDAC7B3F283B7C3F0E
:10C72000C9BF7C3FAC3A7D3FCCAB7D3F24137E3FFD
:10C73000B0707E3F6DC47E3F580E7F3F6D4E7F3F91
:10C74000AB847F3F0FB17F3F98D37F3F43EC7F3F68
:10C7500011FB7F3F0000803F11FB7F3F43EC7F3F99
:10C7600098D37F3F0FB17F3FAB847F3F6D4E7F3FBC
:10C77000580E7F3F6DC47E3FB0707E3F24137E3FD6
:10C78000CCAB7D3FAC3A7D3FC9BF7C3F283B7C3F73
:10C79000CDAC7B3FBE147B3F02737A3F9DC7793F90
:10C7A0009812793FF853783FC58B773F07BA763FA9
:10C7B000C6DE753F0BFA743FDD0B743F4714733FC1
:10C7C0005213723F0809713F73F56F3F9ED86E3F59
:10C7D00093B26D3F5E836C3F0C4B6B3FA7096A3F82
:10C7E0003CBF683FD86B673F880F663F59AA643FDC
:10C7F0005A3C633F98C5613F2146603F05BE5E3F9E
:10C80000532D5D3F1A945B3F6AF2593F5348583F9E
:10C81000E595563F31DB543F4918533F3D4D513F5D
:10C820001F7A4F3F029F4D3FF8BB4B3F12D1493F0C
:10C8300065DE473F03E4453F00E2433F70D8413F98
:10C8400067C73F3FF9AE3D3F3B8F3B3F4268393FB3
:10C85000233A373FF304353FC9C8323FBB85303FE9
:10C86000DE3B2E3F4AEB2B3F1594293F5636273FA0
:10C8700025D2243F9967223FCBF61F3FD17F1D3F32
:10C88000C6021B3FC07F183FD9F6153F2A68133FE9
:10C89000CDD3103FDA390E3F6B9A0B3F9BF5083F23
:10C8A000824B063F3D9C033FE4E7003F275DFC3E93
:10C8B000CBE0F63EEA5AF13EBBCBEB3E7533E63EAB
:10C8C0004F92E03E80E8DA3E4136D53ECA7BCF3E0D
:10C8D00053B9C93E15EFC33E4A1DBE3E2A44B83E79
:10C8E000EF63B23ED47CAC3E128FA63EE59AA03EEA
:10C8F00086A09A3E31A0943E229A8E3E938E883E28
:10C90000C07D823ECCCF783E7F9A6C3E135C603E09
:10C910000115543EC2C5473ECF6E3B3EA2102F3E8E
:10C92000B6AB223E8340163E86CF093E73B2FA3D37
:10C930002EBCE13D36BDC83D80B6AF3D05A9963D54
:10C94000742B7B3D2FFB483D2CC3163DB00AC93CE0
:10C95000900E493C00000000900E49BCB00AC9BCD2
:10C960002CC316BD2FFB48BD742B7BBD05A996BDFE
:10C9700080B6AFBD36BDC8BD2EBCE1BD73B2FABD39
:10C9800086CF09BE834016BEB6AB22BEA2102FBE14
:10C99000CF6E3BBEC2C547BE011554BE135C60BE20
:10C9A0007F9A6CBECCCF78BEC07D82BE938E88BE8F
:10C9B000229A8EBE31A094BE86A09ABEE59AA0BEF1
:10C9C000128FA6BED47CACBEEF63B2BE2A44B8BE02
:10C9D0004A1DBEBE15EFC3BE53B9C9BECA7BCFBE8A
:10C9E0004136D5BE80E8DABE4F92E0BE7533E6BE72
:10C9F000BBCBEBBEEA5AF1BECBE0F6BE275DFCBE78
:10CA0000E4E700BF3D9C03BF824B06BF9BF508BF18
:10CA10006B9A0BBFDA390EBFCDD310BF2A6813BF94
:10CA2000D9F615BFC07F18BFC6021BBFD17F1DBF7F
:10CA3000CBF61FBF996722BF25D224BF563627BF2A
:10CA4000159429BF4AEB2BBFDE3B2EBFBB8530BF01
:10CA5000C9C832BFF30435BF233A37BF426839BF74
:10CA60003B8F3BBFF9AE3DBF67C73FBF70D841BFEB
:10CA700000E243BF03E445BF65DE47BF12D149BFB3
:10CA8000F8BB4BBF029F4DBF1F7A4FBF3D4D51BFFB
:10CA9000491853BF31DB54BFE59556BF534858BFC3
:10CAA0006AF259BF1A945BBF532D5DBF05BE5EBFCE
:10CAB000214660BF98C561BF5A3C63BF59AA64BF95
:10CAC000880F66BFD86B67BF3CBF68BFA7096ABF46
:10CAD0000C4B6BBF5E836CBF93B26DBF9ED86EBFB5
:10CAE00073F56FBF080971BF521372BF471473BF4C
:10CAF000DD0B74BF0BFA74BFC6DE75BF07BA76BF15
:10CB0000C58B77BFF85378BF981279BF9DC779BF9F
:10CB100002737ABFBE147BBFCDAC7BBF283B7CBF0A
:10CB2000C9BF7CBFAC3A7DBFCCAB7DBF24137EBFF9
:10CB3000B0707EBF6DC47EBF580E7FBF6D4E7FBF8D
:10CB4000AB847FBF0FB17FBF98D37FBF43EC7FBF64
:10CB500011FB7FBF000080BF11FB7FBF43EC7FBF95
:10CB600098D37FBF0FB17FBFAB847FBF6D4E7FBFB8
:10CB7000580E7FBF6DC47EBFB0707EBF24137EBFD2
:10CB8000CCAB7DBFAC3A7DBFC9BF7CBF283B7CBF6F
:10CB9000CDAC7BBFBE147BBF02737ABF9DC779BF8C
:10CBA000981279BFF85378BFC58B77BF07BA76BFA5
:10CBB000C6DE75BF0BFA74BFDD0B74BF471473BFBD
:10CBC000521372BF080971BF73F56FBF9ED86EBF55
:10CBD00093B26DBF5E836CBF0C4B6BBFA7096ABF7E
:10CBE0003CBF68BFD86B67BF880F66BF59AA64BFD8
:10CBF0005A3C63BF98C561BF214660BF05BE5EBF9A
:10CC0000532D5DBF1A945BBF6AF259BF534858BF9A
:10CC1000E59556BF31DB54BF491853BF3D4D51BF59
:10CC20001F7A4FBF029F4DBFF8BB4BBF12D149BF08
:10CC300065DE47BF03E445BF00E243BF70D841BF94
:10CC400067C73FBFF9AE3DBF3B8F3BBF426839BFAF
:10CC5000233A37BFF30435BFC9C832BFBB8530BFE5
:10CC6000DE3B2EBF4AEB2BBF159429BF563627BF9C
:10CC700025D224BF996722BFCBF61FBFD17F1DBF2E
:10CC8000C6021BBFC07F18BFD9F615BF2A6813BFE5
:10CC9000CDD310BFDA390EBF6B9A0BBF9BF508BF1F
:10CCA000824B06BF3D9C03BFE4E700BF275DFCBE8F
:10CCB000CBE0F6BEEA5AF1BEBBCBEBBE7533E6BEA7
:10CCC0004F92E0BE80E8DABE4136D5BECA7BCFBE09
:10CCD00053B9C9BE15EFC3BE4A1DBEBE2A44B8BE75
:10CCE000EF63B2BED47CACBE128FA6BEE59AA0BEE6
:10CCF00086A09ABE31A094BE229A8EBE938E88BE24
:10CD0000C07D82BECCCF78BE7F9A6CBE135C60BE05
:10CD1000011554BEC2C547BECF6E3BBEA2102FBE8A
:10CD2000B6AB22BE834016BE86CF09BE73B2FABD33
:10CD30002EBCE1BD36BDC8BD80B6AFBD05A996BD50
:10CD4000742B7BBD2FFB48BD2CC316BDB00AC9BCDC
:10CD5000900E49BC000000804B65795F4C45440053
:10CD6000494E53004572726F7248616E646C650083
:10CD7000436F6D6D756E69636174650064656661AE
:10CD8000756C745461736B0047696D62616C00412E
:10CD9000696D00526F626F0042757A7A6572005356
:10CDA000686F6F740043444320496E746572666116
:10CDB00063650043444320436F6E666967005354C4
:10CDC0004D6963726F656C656374726F6E696373CE
:10CDD0000053544D3332205669727475616C204390
:10CDE0006F6D506F72740049444C4500000089110A
:10CDF00012239B322446AD573665BF74488CC19DC3
:10CE00005AAFD3BE6CCAE5DB7EE9F7F881100801A2
:10CE100093331A22A5562C47B7753E64C99C408DA2
:10CE2000DBBF52AEEDDA64CBFFF976E802218B303E
:10CE3000100299132667AF763444BD554AADC3BC82
:10CE4000588ED19F6EEBE7FA7CC8F5D983310A2062
:10CE500091121803A7772E66B5543C45CBBD42AC62
:10CE6000D99E508FEFFB66EAFDD874C904428D53FA
:10CE700016619F702004A9153227BB364CCEC5DF42
:10CE80005EEDD7FC6888E1997AABF3BA85520C4322
:10CE900097711E60A1142805B3373A26CDDE44CF22
:10CEA000DFFD56ECE9986089FBBB72AA06638F72BE
:10CEB00014409D512225AB343006B9174EEFC7FE02
:10CEC0005CCCD5DD6AA9E3B8788AF19B87730E62E2
:10CED00095501C41A3352A24B1163807CFFF46EEE2
:10CEE000DDDC54CDEBB962A8F99A708B088481958A
:10CEF0001AA793B62CC2A5D33EE1B7F04008C919D2
:10CF0000522BDB3A644EED5F766DFF7C8994008591
:10CF10009BB712A6ADD224C3BFF136E0C1184809B1
:10CF2000D33B5A2AE55E6C4FF77D7E6C0AA583B42D
:10CF3000188691972EE3A7F23CC0B5D14229CB3891
:10CF4000500AD91B666FEF7E744CFD5D8BB502A451
:10CF500099961087AFF326E2BDD034C1C3394A2871
:10CF6000D11A580BE77F6E6EF55C7C4D0CC685D7E9
:10CF70001EE597F42880A1913AA3B3B2444ACD5B51
:10CF80005669DF78600CE91D722FFB3E8DD604C711
:10CF90009FF516E4A9902081BBB332A2C55A4C4B31
:10CFA000D7795E68E11C680DF33F7A2E0EE787F6AD
:10CFB0001CC495D52AA1A3B03882B193466BCF7A11
:10CFC0005448DD59622DEB3C700EF91F8FF706E6D1
:10CFD0009DD414C5ABB122A0B9923083C77B4E6AF1
:10CFE000D5585C49E33D6A2CF11E780F0000803F64
:10CFF0000000000000000000000000000000803F72
:10D000000000000000000000000000000000803F61
:10D0100030D0010800000020780400007C040008E3
:10D02000A0D1010878040020E03C010030C20108D2
:10D030000142256666E6BF100B3333EB3A58A08BEE
:10D040003A087B2220180CA041D95D010815600127
:10D050000831041A5904400D35610108FD5B0108CF
:10D06000C55F010825FFFF102723F0411320420868
:10D07000081250C347CDCCCC3D0409531C110B1AE8
:10D08000C8421C6154A040011A10A403A82CC2136A
:10D090002028D22014409C46245043471A0CD81A0A
:10D0A000A4CC19041324F4400DB55E0108695D0198
:10D0B00008C96101081AF50C1E4D5C01081108C170
:10D0C0001A85281A6D041A9D041A5504140902437E
:10D0D00013020125C03209041B01020B130524169B
:10D0E0001001052401100901042402020524061779
:10D0F000010705820308151009040133020A2E07EF
:10D1000005010240072A810711093744113A0244F8
:10D110001907111A12171302021E40830440574DBB
:10D12000240203012B0A061A111A400B112B0907BE
:10D13000640A3B04A813451A1B08410413E5191B94
:10D140000879081AA9040720040309041A032B20EC
:10D1500041842123BE4303A8A0C1132008422055C7
:10D16000CDCC4C3F1460EA464C504347CCE1E91427
:10D17000291032101AAA01157D04017C100F0240FB
:10D18000AB034101055308065804070F1608108128
:10D190000911160A15800B1605000C18010D000068
:04000005080001D915
:00000001FF
